root_id,group,message_depth,message_id,from,to,date,subject,message_body,nchar_fulltext,nchar_body,nchar_log,nchar_code,nchar_quot,group1,group2,group3,group4,stratum,from_trees,text,id,cleaned_text
<CzRYIaqvBW/uhD+u@example.com>,gmane.linux.lfs.clfs.support,1.0,<ymxmbUBWmYMtCjyJ@example.com>,iFORxL0EYz97jJMP@example.com,aETJwtFuXHpQGn0+@example.com,2007-06-14 22:52:47-04:00,Re: Cannot find bcopy(),"<gmane_tag_quotation_marker> <gmane_tag_quotation> symbol is found in the header. The object apparently compiles fine. I'm 
not that familiar with uclibc but because it's so modular I bet it's 
built without bcopy support. (I can only speculate here, I have nothing 
to test). A quick browse through the source code shows me that bcopy 
will exist if __UCLIBC_SUSV3_LEGACY__ is defined.",897.0,386.0,0.0,0.0,562.0,linux,lfs,clfs,support,0,True,"<span style=""background-color: #e8baba;"">Re: Cannot find bcopy()</span> <br> <hr size=""2""> <span style=""background-color: #e8baba;""> </span><span style=""background-color: #edebeb;color: #999999;"">quotation</span><span style=""background-color: #e8baba;""><br> symbol is found in the header. The object apparently compiles fine. I'm <br>not that familiar with uclibc but because it's so modular I bet it's <br>built without bcopy support. (I can only speculate here, I have nothing <br>to test). A quick browse through the source code shows me that bcopy <br>will exist if __UCLIBC_SUSV3_LEGACY__ is defined.</span>",0,"Re: Cannot find bcopy() 
  <quotation> symbol is found in the header. The object apparently compiles fine. I'm 
not that familiar with uclibc but because it's so modular I bet it's 
built without bcopy support. (I can only speculate here, I have nothing 
to test). A quick browse through the source code shows me that bcopy 
will exist if __UCLIBC_SUSV3_LEGACY__ is defined."
<GHr1h5kIkXUNFsvQ@example.com>,gmane.comp.python.python-3000.devel,3.0,<UoYuNFi5oDmtfWb6@example.com>,eIKian+pjwAQ4Q8X@example.com,S3fZCLlgJxjCwuTd@example.com,2007-11-03 15:52:09-07:00,"Re: need help fixing broken tests in py3k-pep3137
	branch","<gmane_tag_quotation_marker> <gmane_tag_quotation> This behavior is correct -- it is how it always worked in 2.x. The
array module writes machine specific data in general (try floats or
doubles or ints). For machine-independent binary data, the struct
module can help.

 <gmane_tag_visual_separator> <gmane_tag_personal_signature>",682.0,330.0,0.0,0.0,398.0,comp,python,python-3000,devel,10,True,"<span style=""background-color: #e8baba;"">Re: need help fixing broken tests in py3k-pep3137
	branch</span> <br> <hr size=""2""> <span style=""background-color: #e8baba;""> </span><span style=""background-color: #edebeb;color: #999999;"">quotation</span><span style=""background-color: #e8baba;""><br> This behavior is correct -- it is how it always worked in 2.x. The<br>array module writes machine specific data in general (try floats or<br>doubles or ints). For machine-independent binary data, the struct<br>module can help.<br><br>  </span>",1,"Re: need help fixing broken tests in py3k-pep3137
	branch 
  <quotation> This behavior is correct -- it is how it always worked in 2.x. The
array module writes machine specific data in general (try floats or
doubles or ints). For machine-independent binary data, the struct
module can help.

  "
<25076180.1158523100082.JavaMail.Twebapp@oss-app1>,gmane.os.solaris.opensolaris.zfs,7.0,<tDf5/cPqsQ0n0TLx@example.com>,NCl5i2Lqfvkhe0oY@example.com,,2006-09-23 03:57:04-05:00,Re: Re: Re: low disk performance,"<gmane_tag_quotation_marker> <gmane_tag_quotation> What is strange, is that this is almost all writes.  Do you have
the rsync running at this time?  A scrub alone should not look
like this.

I have also observed some strange behavior on a 4 disk raidz,
which may be related.  It is possible to saturate a single disk,
while all the others in the same vdev are completely idle.  It
is very easy to reproduce, so try the following:

Create a filesystem with a 4k recordsize on a 4 disk raidz.
Now, copy a large file to it, while observing 'iostat -xnz 5'.
This is the worst case I have been able to produce, but the
imbalance is apparent even with an untar at the default
recordsize.

Interestingly, it is always the last disk in the set which is busy.
This behavior does not occur with a 3 disk raidz, nor is it as
bad with other record sizes.

 <gmane_tag_closing>",1319.0,864.0,0.0,0.0,521.0,os,solaris,opensolaris,zfs,11,True,"<span style=""background-color: #e8baba;"">Re: Re: Re: low disk performance</span> <br> <hr size=""2""> <span style=""background-color: #e8baba;""> </span><span style=""background-color: #edebeb;color: #999999;"">quotation</span><span style=""background-color: #e8baba;""><br> What is strange, is that this is almost all writes.  Do you have<br>the rsync running at this time?  A scrub alone should not look<br>like this.<br><br>I have also observed some strange behavior on a 4 disk raidz,<br>which may be related.  It is possible to saturate a single disk,<br>while all the others in the same vdev are completely idle.  It<br>is very easy to reproduce, so try the following:<br><br>Create a filesystem with a 4k recordsize on a 4 disk raidz.<br>Now, copy a large file to it, while observing 'iostat -xnz 5'.<br>This is the worst case I have been able to produce, but the<br>imbalance is apparent even with an untar at the default<br>recordsize.<br><br>Interestingly, it is always the last disk in the set which is busy.<br>This behavior does not occur with a 3 disk raidz, nor is it as<br>bad with other record sizes.<br><br> </span><span style=""background-color: #edebeb;color: #999999;"">closing</span><span style=""background-color: #e8baba;""><br></span>",2,"Re: Re: Re: low disk performance 
  <quotation> What is strange, is that this is almost all writes.  Do you have
the rsync running at this time?  A scrub alone should not look
like this.

I have also observed some strange behavior on a 4 disk raidz,
which may be related.  It is possible to saturate a single disk,
while all the others in the same vdev are completely idle.  It
is very easy to reproduce, so try the following:

Create a filesystem with a 4k recordsize on a 4 disk raidz.
Now, copy a large file to it, while observing 'iostat -xnz 5'.
This is the worst case I have been able to produce, but the
imbalance is apparent even with an untar at the default
recordsize.

Interestingly, it is always the last disk in the set which is busy.
This behavior does not occur with a 3 disk raidz, nor is it as
bad with other record sizes.

 <closing>"
,gmane.comp.gdb.top-level.cvs,,<73dssIMz61fDC+tc@example.com>,YP2/c5Uq3BBPBJa3@example.com,d6e8Di4cggWsWz0r@example.com,2007-09-14 14:51:36+00:00,src ChangeLog configure configure.ac,"<gmane_tag_tabular> <gmane_tag_log_data> <gmane_tag_tabular> <gmane_tag_log_data> 	to $skipdirs and only disable gprof for newlib.  Use the normal
	mips*-elf* handling in other respects.
 <gmane_tag_log_data> <gmane_tag_tabular> http://sourceware.org/cgi-bin/cvsweb.cgi/src/ChangeLog.diff?cvsroot=src&r1=1.758&r2=1.759
http://sourceware.org/cgi-bin/cvsweb.cgi/src/configure.diff?cvsroot=src&r1=1.276&r2=1.277
http://sourceware.org/cgi-bin/cvsweb.cgi/src/configure.ac.diff?cvsroot=src&r1=1.24&r2=1.25",657.0,499.0,111.0,0.0,0.0,comp,gdb,top-level,cvs,dev1,False,"<span style=""background-color: #e8baba;"">src ChangeLog configure configure.ac</span> <br> <hr size=""2""> <span style=""background-color: #e8baba;""></span><span style=""background-color: #edebeb;color: #999999;"">tabular</span><span style=""background-color: #e8baba;""><br> </span><span style=""background-color: #edebeb;color: #999999;"">log</span><span style=""background-color: #e8baba;""><br> </span><span style=""background-color: #edebeb;color: #999999;"">tabular</span><span style=""background-color: #e8baba;""><br> </span><span style=""background-color: #edebeb;color: #999999;"">log</span><span style=""background-color: #e8baba;""><br> 	to $skipdirs and only disable gprof for newlib.  Use the normal<br>	mips*-elf* handling in other respects.<br> </span><span style=""background-color: #edebeb;color: #999999;"">log</span><span style=""background-color: #e8baba;""><br> </span><span style=""background-color: #edebeb;color: #999999;"">tabular</span><span style=""background-color: #e8baba;""><br> http://sourceware.org/cgi-bin/cvsweb.cgi/src/ChangeLog.diff?cvsroot=src&r1=1.758&r2=1.759<br>http://sourceware.org/cgi-bin/cvsweb.cgi/src/configure.diff?cvsroot=src&r1=1.276&r2=1.277<br>http://sourceware.org/cgi-bin/cvsweb.cgi/src/configure.ac.diff?cvsroot=src&r1=1.24&r2=1.25</span>",3,"src ChangeLog configure configure.ac 
 <tabular> <log_data> <tabular> <log_data> 	to $skipdirs and only disable gprof for newlib.  Use the normal
	mips*-elf* handling in other respects.
 <log_data> <tabular> http://sourceware.org/cgi-bin/cvsweb.cgi/src/ChangeLog.diff?cvsroot=src&r1=1.758&r2=1.759
http://sourceware.org/cgi-bin/cvsweb.cgi/src/configure.diff?cvsroot=src&r1=1.276&r2=1.277
http://sourceware.org/cgi-bin/cvsweb.cgi/src/configure.ac.diff?cvsroot=src&r1=1.24&r2=1.25"
<jd4UBUW7aLBUImQs@example.com>,gmane.comp.lang.r.general,0.0,<jd4UBUW7aLBUImQs@example.com>,0E8LGHsJH76p8IPi@example.com,EilfjcKxBpzCv8Eb@example.com,2009-07-01 17:17:50+02:00,"Is there a way to extract some fields data from HTML pages
	through any R function ?","I deal with a huge amount of Biology data stored in different databases.
The databases belongig to Bioconductor organization can be accessed through Bioconductor packages.
Unluckily some useful data is stored in databases like, for instance, miRDB, miRecords, etc ... which offer just an
interactive HTML interface. See for instance
 http://mirdb.org/cgi-bin/search.cgi, 
 http://mirecords.umn.edu/miRecords/interactions.php?species=Homo+sapiens&mirna_acc=Any&targetgene_type=refseq_acc&targetgene_info=&v=yes&search_int=Search

Downloading data manually from the web pages is a painstaking time-consumung and error-prone activity.
I came across a Python script that downloads (dumps) whole web pages  into a text file that is then parsed.
This is possible because Python has a library to access web pages.
But I have no experience with Python programming nor I like such a programming language whose syntax is indentation-sensitive.

I am *hoping* that there exists some sort of web pages, HTML connection  from R ... is there ??

Thank you very much for any suggestion.
 <gmane_tag_closing> tutti i telefonini TIM!


 <gmane_tag_raw_code>",1143.0,1140.0,0.0,38.0,0.0,comp,lang,r,general,1,True,"<span style=""background-color: #e8baba;"">Is there a way to extract some fields data from HTML pages
	through any R function ?</span> <br> <hr size=""2""> <span style=""background-color: #e8baba;"">I deal with a huge amount of Biology data stored in different databases.<br>The databases belongig to Bioconductor organization can be accessed through Bioconductor packages.<br>Unluckily some useful data is stored in databases like, for instance, miRDB, miRecords, etc ... which offer just an<br>interactive HTML interface. See for instance<br> http://mirdb.org/cgi-bin/search.cgi, <br> http://mirecords.umn.edu/miRecords/interactions.php?species=Homo+sapiens&mirna_acc=Any&targetgene_type=refseq_acc&targetgene_info=&v=yes&search_int=Search<br><br>Downloading data manually from the web pages is a painstaking time-consumung and error-prone activity.<br>I came across a Python script that downloads (dumps) whole web pages  into a text file that is then parsed.<br>This is possible because Python has a library to access web pages.<br>But I have no experience with Python programming nor I like such a programming language whose syntax is indentation-sensitive.<br><br>I am *hoping* that there exists some sort of web pages, HTML connection  from R ... is there ??<br><br>Thank you very much for any suggestion.<br> </span><span style=""background-color: #edebeb;color: #999999;"">closing</span><span style=""background-color: #e8baba;""><br> tutti i telefonini TIM!<br><br><br> </span><span style=""background-color: #edebeb;color: #999999;"">code</span><span style=""background-color: #e8baba;""><br></span>",4,"Is there a way to extract some fields data from HTML pages
	through any R function ? 
 I deal with a huge amount of Biology data stored in different databases.
The databases belongig to Bioconductor organization can be accessed through Bioconductor packages.
Unluckily some useful data is stored in databases like, for instance, miRDB, miRecords, etc ... which offer just an
interactive HTML interface. See for instance
 http://mirdb.org/cgi-bin/search.cgi, 
 http://mirecords.umn.edu/miRecords/interactions.php?species=Homo+sapiens&mirna_acc=Any&targetgene_type=refseq_acc&targetgene_info=&v=yes&search_int=Search

Downloading data manually from the web pages is a painstaking time-consumung and error-prone activity.
I came across a Python script that downloads (dumps) whole web pages  into a text file that is then parsed.
This is possible because Python has a library to access web pages.
But I have no experience with Python programming nor I like such a programming language whose syntax is indentation-sensitive.

I am *hoping* that there exists some sort of web pages, HTML connection  from R ... is there ??

Thank you very much for any suggestion.
 <closing> tutti i telefonini TIM!


 <raw_code>"
,gmane.linux.ubuntu.bugs.desktop,,<29009.618520695$Jmuw7i4ptc2sVCN4@example.com>,76mzwJx14uuw4XpE@example.com,nVy2iX/XCDUxjHuS@example.com,2007-09-29 23:27:53+00:00,[Bug 146993] Games entry has disappeared from my Applications pulldown,"<gmane_tag_mua_signature> After update-manager -d, performed on 28 September 2007, the ""Games""
entry mysteriously vanished from the Applications pulldown in my upper
panel.  All other entries remained.

If there's any sort of log analysis or diagnostic that could help pin
this down, I'm willing -- but I have no idea where to start looking

 <gmane_tag_tabular> <gmane_tag_visual_separator> <gmane_tag_mua_signature>",674.0,417.0,0.0,0.0,0.0,linux,ubuntu,bugs,desktop,dev1,False,"<span style=""background-color: #e8baba;"">[Bug 146993] Games entry has disappeared from my Applications pulldown</span> <br> <hr size=""2""> <span style=""background-color: #e8baba;""> After update-manager -d, performed on 28 September 2007, the ""Games""<br>entry mysteriously vanished from the Applications pulldown in my upper<br>panel.  All other entries remained.<br><br>If there's any sort of log analysis or diagnostic that could help pin<br>this down, I'm willing -- but I have no idea where to start looking<br><br> </span><span style=""background-color: #edebeb;color: #999999;"">tabular</span><span style=""background-color: #e8baba;""><br>  </span>",5,"[Bug 146993] Games entry has disappeared from my Applications pulldown 
  After update-manager -d, performed on 28 September 2007, the ""Games""
entry mysteriously vanished from the Applications pulldown in my upper
panel.  All other entries remained.

If there's any sort of log analysis or diagnostic that could help pin
this down, I'm willing -- but I have no idea where to start looking

 <tabular>  "
<bfAN9iasc8CCXtog@example.com>,gmane.politics.marxism.marxmail,0.0,<bfAN9iasc8CCXtog@example.com>,wp4X+1zHXnl5mCf6@example.com,ggQDtSNHrmP5dlyk@example.com,2007-09-09 11:40:41-05:00,Re: Workerism,"<gmane_tag_salutation> I agree that workerism is not a good strategy for organizing but if
not the workingclass, then which class is the most revolutionary
class?  I don't trust wikipedia but click on
http://en.wikipedia.org/wiki/Workerism to see how they define it.

Errors of Workerism at
http://marxists.anu.edu.au/history/international/comintern/sections/sacp/1986/workerism.htm


 <gmane_tag_personal_signature> <gmane_tag_visual_separator> <gmane_tag_mua_signature>",623.0,471.0,0.0,0.0,0.0,politics,marxism,marxmail,,1,True,"<span style=""background-color: #e8baba;"">Re: Workerism</span> <br> <hr size=""2""> <span style=""background-color: #e8baba;""></span><span style=""background-color: #edebeb;color: #999999;"">salutation</span><span style=""background-color: #e8baba;""><br> I agree that workerism is not a good strategy for organizing but if<br>not the workingclass, then which class is the most revolutionary<br>class?  I don't trust wikipedia but click on<br>http://en.wikipedia.org/wiki/Workerism to see how they define it.<br><br>Errors of Workerism at<br>http://marxists.anu.edu.au/history/international/comintern/sections/sacp/1986/workerism.htm<br><br><br>   </span>",6,"Re: Workerism 
 <salutation> I agree that workerism is not a good strategy for organizing but if
not the workingclass, then which class is the most revolutionary
class?  I don't trust wikipedia but click on
http://en.wikipedia.org/wiki/Workerism to see how they define it.

Errors of Workerism at
http://marxists.anu.edu.au/history/international/comintern/sections/sacp/1986/workerism.htm


   "
<Fx9pV1aqR3os9gOK@example.com>,gmane.os.freebsd.devel.hackers,2.0,<8GjykYASn2lKSxO3@example.com>,hojnQRTC2O3Yy4IJ@example.com,,2003-08-17 08:40:25+09:00,Re: Debugging symbols with nasm,"<gmane_tag_quotation_marker> <gmane_tag_quotation> Ok, I've rewritten the patch for nasm-0.98.35(not sure whether the
attachment goes through freebsd-hackers list though). Not used much yet,
but it's funny to see NASM source code and C source code shows up in
the same gdb session.

 <gmane_tag_visual_separator> <gmane_tag_mua_signature>",1760.0,338.0,0.0,0.0,1317.0,os,freebsd,devel,hackers,10,True,"<span style=""background-color: #e8baba;"">Re: Debugging symbols with nasm</span> <br> <hr size=""2""> <span style=""background-color: #e8baba;""> </span><span style=""background-color: #edebeb;color: #999999;"">quotation</span><span style=""background-color: #e8baba;""><br> Ok, I've rewritten the patch for nasm-0.98.35(not sure whether the<br>attachment goes through freebsd-hackers list though). Not used much yet,<br>but it's funny to see NASM source code and C source code shows up in<br>the same gdb session.<br><br>  </span>",7,"Re: Debugging symbols with nasm 
  <quotation> Ok, I've rewritten the patch for nasm-0.98.35(not sure whether the
attachment goes through freebsd-hackers list though). Not used much yet,
but it's funny to see NASM source code and C source code shows up in
the same gdb session.

  "
<rb0sDpu47NM9iQsF@example.com>,gmane.comp.lang.groovy.grails.user,1.0,<F/lxUPsCdUKGUudi@example.com>,Hf7bdIeIJ9t+m0l5@example.com,SBg4j/8Qei4GJDQD@example.com,2008-09-26 14:27:06+06:00,"Re: ANN: grails-mail 0.4 released, with screencast","<gmane_tag_quotation_marker> <gmane_tag_quotation> yesterday I tried it. it works...
but I have some issues:

1. how to set body encoding when in html mode? (works when I set 
mailSender.defaultEncoding = ""enc""  in getMessage())
2. how to switch Content-Transfer-Encoding in message (it always 
quoted-printable)
3. it may be very useful - set in addresses not only e-mail but 
recipient name also. I did it with javax.mail.internet.InternetAddress
4. I wait for attachments, alternate plain bodies and all other todo-s :-)

I discover that spring's MimeMailMessage much primitive than 
javax.mail.internet.MimeMessage when I need attachments and exotic encodings


 <gmane_tag_visual_separator> <gmane_tag_mua_signature>",1136.0,721.0,0.0,0.0,361.0,comp,lang,groovy,grails,1,True,"<span style=""background-color: #e8baba;"">Re: ANN: grails-mail 0.4 released, with screencast</span> <br> <hr size=""2""> <span style=""background-color: #e8baba;""> </span><span style=""background-color: #edebeb;color: #999999;"">quotation</span><span style=""background-color: #e8baba;""><br> yesterday I tried it. it works...<br>but I have some issues:<br><br>1. how to set body encoding when in html mode? (works when I set <br>mailSender.defaultEncoding = ""enc""  in getMessage())<br>2. how to switch Content-Transfer-Encoding in message (it always <br>quoted-printable)<br>3. it may be very useful - set in addresses not only e-mail but <br>recipient name also. I did it with javax.mail.internet.InternetAddress<br>4. I wait for attachments, alternate plain bodies and all other todo-s :-)<br><br>I discover that spring's MimeMailMessage much primitive than <br>javax.mail.internet.MimeMessage when I need attachments and exotic encodings<br><br><br>  </span>",8,"Re: ANN: grails-mail 0.4 released, with screencast 
  <quotation> yesterday I tried it. it works...
but I have some issues:

1. how to set body encoding when in html mode? (works when I set 
mailSender.defaultEncoding = ""enc""  in getMessage())
2. how to switch Content-Transfer-Encoding in message (it always 
quoted-printable)
3. it may be very useful - set in addresses not only e-mail but 
recipient name also. I did it with javax.mail.internet.InternetAddress
4. I wait for attachments, alternate plain bodies and all other todo-s :-)

I discover that spring's MimeMailMessage much primitive than 
javax.mail.internet.MimeMessage when I need attachments and exotic encodings


  "
<wUisKpqWZU7LCcbf@example.com>,gmane.comp.lib.gnulib.bugs,1.0,<4D3uJDqa7QoHGeI0@example.com>,RsaevKo5pW44w+2w@example.com,Psc+qnIJwHykF5PU@example.com,2009-01-02 02:17:30+01:00,Re: [PATCH 0/4] faster gnulib-tool,"<gmane_tag_salutation> Thank you for your speedups to gnulib-tool. At first I was, of course,
excited about the 2x speedup. But when looking at the maintainability
of the code that you propose, I'm not fine with all of it any more.

My four objections are:

1) You observe that forking programs in a shell script is slow, and
   therefore propose to use more shell built-ins. The problem with it
   is that I chose to implement gnulib-tool in shell (for the control
   structure) and sed (for the text processing). The shell also has
   some inferior commands for string processing, but sed is vastly
   superior for this purpose. I want to stick with 'sed' for the
   text processing, otherwise we write some parts of the code to use
   shell built-ins, and when we notice that a little more text processing
   is required, we have to rewrite the code to use 'sed'. So the use
   of shell built-ins for text processing turns out to be a
   ""premature optimization"" (in the sense of Knuth) and hampers
   maintainability.

   If you want to achieve good speedups for scripts that use 'sed':
   can you work towards making 'sed' a bash built-in? This is challenging,
   but if you are after performance, that would be promising.

2) Your patches change the generation of code so that it goes through
   intermediate shell variables. The problem with this is that the
   transformation from string to standard output is not simple:
     echo $string
   outputs the string plus a newline, and 'echo -n' is not portable.

3) The sed expression sed_cache_module in part 1 of your patch is not
   maintainable. The sed_extract_prog was already complex, but what you
   made of it is beyond what is acceptable in code that should be
   maintained 5 and 10 years from now.

4) There is too much 'eval' in the code. As you have seen in an earlier
   patch today, every use of 'eval' can bring a security problem. The
   only uses of 'eval' that are always safe are variable assignments
 <gmane_tag_raw_code>    when you can guarantee that 'var' is a simple identifier.

And, last not least, more comments would have been better.

So, globally, when you try to cache multiline strings, read from files,
in variables with computed identifiers, you are going far beyond what
shell as a language is suitable for.

Unfortunately, I don't see a better choice as an implementation language
of gnulib-tool:
  - Python is good for text processing but does incompatible changes
    in the language definition every couple of years.
  - Perl is excluded because of the misdesigned syntax, and it also
    has incompatible changes e.g. between perl 5.6 and 5.8.
  - Java is not good because although it is standardized and fast and
    GNU has a free implementation of it, its text processing is not
    expressive enough (too verbose).
  - m4 is maybe powerful but too few people know how to program it.

 <gmane_tag_closing>",2884.0,2905.0,0.0,26.0,0.0,comp,lib,gnulib,bugs,1,True,"<span style=""background-color: #e8baba;"">Re: [PATCH 0/4] faster gnulib-tool</span> <br> <hr size=""2""> <span style=""background-color: #e8baba;""></span><span style=""background-color: #edebeb;color: #999999;"">salutation</span><span style=""background-color: #e8baba;""><br> Thank you for your speedups to gnulib-tool. At first I was, of course,<br>excited about the 2x speedup. But when looking at the maintainability<br>of the code that you propose, I'm not fine with all of it any more.<br><br>My four objections are:<br><br>1) You observe that forking programs in a shell script is slow, and<br>   therefore propose to use more shell built-ins. The problem with it<br>   is that I chose to implement gnulib-tool in shell (for the control<br>   structure) and sed (for the text processing). The shell also has<br>   some inferior commands for string processing, but sed is vastly<br>   superior for this purpose. I want to stick with 'sed' for the<br>   text processing, otherwise we write some parts of the code to use<br>   shell built-ins, and when we notice that a little more text processing<br>   is required, we have to rewrite the code to use 'sed'. So the use<br>   of shell built-ins for text processing turns out to be a<br>   ""premature optimization"" (in the sense of Knuth) and hampers<br>   maintainability.<br><br>   If you want to achieve good speedups for scripts that use 'sed':<br>   can you work towards making 'sed' a bash built-in? This is challenging,<br>   but if you are after performance, that would be promising.<br><br>2) Your patches change the generation of code so that it goes through<br>   intermediate shell variables. The problem with this is that the<br>   transformation from string to standard output is not simple:<br>     echo $string<br>   outputs the string plus a newline, and 'echo -n' is not portable.<br><br>3) The sed expression sed_cache_module in part 1 of your patch is not<br>   maintainable. The sed_extract_prog was already complex, but what you<br>   made of it is beyond what is acceptable in code that should be<br>   maintained 5 and 10 years from now.<br><br>4) There is too much 'eval' in the code. As you have seen in an earlier<br>   patch today, every use of 'eval' can bring a security problem. The<br>   only uses of 'eval' that are always safe are variable assignments<br> </span><span style=""background-color: #edebeb;color: #999999;"">code</span><span style=""background-color: #e8baba;""><br>    when you can guarantee that 'var' is a simple identifier.<br><br>And, last not least, more comments would have been better.<br><br>So, globally, when you try to cache multiline strings, read from files,<br>in variables with computed identifiers, you are going far beyond what<br>shell as a language is suitable for.<br><br>Unfortunately, I don't see a better choice as an implementation language<br>of gnulib-tool:<br>  - Python is good for text processing but does incompatible changes<br>    in the language definition every couple of years.<br>  - Perl is excluded because of the misdesigned syntax, and it also<br>    has incompatible changes e.g. between perl 5.6 and 5.8.<br>  - Java is not good because although it is standardized and fast and<br>    GNU has a free implementation of it, its text processing is not<br>    expressive enough (too verbose).<br>  - m4 is maybe powerful but too few people know how to program it.<br><br> </span><span style=""background-color: #edebeb;color: #999999;"">closing</span><span style=""background-color: #e8baba;""><br></span>",9,"Re: [PATCH 0/4] faster gnulib-tool 
 <salutation> Thank you for your speedups to gnulib-tool. At first I was, of course,
excited about the 2x speedup. But when looking at the maintainability
of the code that you propose, I'm not fine with all of it any more.

My four objections are:

1) You observe that forking programs in a shell script is slow, and
   therefore propose to use more shell built-ins. The problem with it
   is that I chose to implement gnulib-tool in shell (for the control
   structure) and sed (for the text processing). The shell also has
   some inferior commands for string processing, but sed is vastly
   superior for this purpose. I want to stick with 'sed' for the
   text processing, otherwise we write some parts of the code to use
   shell built-ins, and when we notice that a little more text processing
   is required, we have to rewrite the code to use 'sed'. So the use
   of shell built-ins for text processing turns out to be a
   ""premature optimization"" (in the sense of Knuth) and hampers
   maintainability.

   If you want to achieve good speedups for scripts that use 'sed':
   can you work towards making 'sed' a bash built-in? This is challenging,
   but if you are after performance, that would be promising.

2) Your patches change the generation of code so that it goes through
   intermediate shell variables. The problem with this is that the
   transformation from string to standard output is not simple:
     echo $string
   outputs the string plus a newline, and 'echo -n' is not portable.

3) The sed expression sed_cache_module in part 1 of your patch is not
   maintainable. The sed_extract_prog was already complex, but what you
   made of it is beyond what is acceptable in code that should be
   maintained 5 and 10 years from now.

4) There is too much 'eval' in the code. As you have seen in an earlier
   patch today, every use of 'eval' can bring a security problem. The
   only uses of 'eval' that are always safe are variable assignments
 <raw_code>    when you can guarantee that 'var' is a simple identifier.

And, last not least, more comments would have been better.

So, globally, when you try to cache multiline strings, read from files,
in variables with computed identifiers, you are going far beyond what
shell as a language is suitable for.

Unfortunately, I don't see a better choice as an implementation language
of gnulib-tool:
  - Python is good for text processing but does incompatible changes
    in the language definition every couple of years.
  - Perl is excluded because of the misdesigned syntax, and it also
    has incompatible changes e.g. between perl 5.6 and 5.8.
  - Java is not good because although it is standardized and fast and
    GNU has a free implementation of it, its text processing is not
    expressive enough (too verbose).
  - m4 is maybe powerful but too few people know how to program it.

 <closing>"
<ck7qxRTi658O1J07@example.com>,gmane.comp.handhelds.openmoko.community,0.0,<ck7qxRTi658O1J07@example.com>,BaSNfhHIOvkQ2yO2@example.com,2WxaTCqkMowtyGEj@example.com,2009-03-14 10:03:39-07:00,errors using mdbus commands,"I'm having some problems with getting dbus GSM commands working from  
the command-line:

 <gmane_tag_log_data> I'm running FSO 5:
 <gmane_tag_raw_code> armv4tl unknown
 <gmane_tag_tabular>  From reading the mailing list archives and the Wiki, it's not  
entirely clear to me if this is an invocation error on my part or an  
actual bug.
Do I have to allocate the GSM resource via org.freesmartphone.ousaged  
first ?
It seems like I should be able to do a GSM.Device.GetInfo from the  
command-line based on what I've read so far.
Have any of the object pathnames changed between FSO 3 and 5 ? The  
examples on the Wiki say they're for FSO 3.

Any thoughts/help/thwacks on the head would be appreciated.
 <gmane_tag_closing>",1220.0,726.0,450.0,94.0,0.0,comp,handhelds,openmoko,community,1,True,"<span style=""background-color: #e8baba;"">errors using mdbus commands</span> <br> <hr size=""2""> <span style=""background-color: #e8baba;"">I'm having some problems with getting dbus GSM commands working from  <br>the command-line:<br><br> </span><span style=""background-color: #edebeb;color: #999999;"">log</span><span style=""background-color: #e8baba;""><br> I'm running FSO 5:<br> </span><span style=""background-color: #edebeb;color: #999999;"">code</span><span style=""background-color: #e8baba;""><br> armv4tl unknown<br> </span><span style=""background-color: #edebeb;color: #999999;"">tabular</span><span style=""background-color: #e8baba;""><br>  From reading the mailing list archives and the Wiki, it's not  <br>entirely clear to me if this is an invocation error on my part or an  <br>actual bug.<br>Do I have to allocate the GSM resource via org.freesmartphone.ousaged  <br>first ?<br>It seems like I should be able to do a GSM.Device.GetInfo from the  <br>command-line based on what I've read so far.<br>Have any of the object pathnames changed between FSO 3 and 5 ? The  <br>examples on the Wiki say they're for FSO 3.<br><br>Any thoughts/help/thwacks on the head would be appreciated.<br> </span><span style=""background-color: #edebeb;color: #999999;"">closing</span><span style=""background-color: #e8baba;""><br></span>",10,"errors using mdbus commands 
 I'm having some problems with getting dbus GSM commands working from  
the command-line:

 <log_data> I'm running FSO 5:
 <raw_code> armv4tl unknown
 <tabular>  From reading the mailing list archives and the Wiki, it's not  
entirely clear to me if this is an invocation error on my part or an  
actual bug.
Do I have to allocate the GSM resource via org.freesmartphone.ousaged  
first ?
It seems like I should be able to do a GSM.Device.GetInfo from the  
command-line based on what I've read so far.
Have any of the object pathnames changed between FSO 3 and 5 ? The  
examples on the Wiki say they're for FSO 3.

Any thoughts/help/thwacks on the head would be appreciated.
 <closing>"
<kVC09ThuoFIr8ckf@example.com>,gmane.comp.mozilla.devel.webtools,2.0,<BWrL8J9wn9HNi4OH@example.com>,tUcKk9SiZ++kVK5i@example.com,v59v977wGQ+DOKe5@example.com,2007-09-14 02:51:49-07:00,Re: Adding test case to test run gives error,"I tried with Firefox to see what when i click on ""Add Test Cases""
button there is no action taken place i remin in tha same page.",129.0,129.0,0.0,0.0,0.0,comp,mozilla,devel,webtools,10,True,"<span style=""background-color: #e8baba;"">Re: Adding test case to test run gives error</span> <br> <hr size=""2""> <span style=""background-color: #e8baba;"">I tried with Firefox to see what when i click on ""Add Test Cases""<br>button there is no action taken place i remin in tha same page.</span>",11,"Re: Adding test case to test run gives error 
 I tried with Firefox to see what when i click on ""Add Test Cases""
button there is no action taken place i remin in tha same page."
<wbwXiAOQEF+6nfD2@example.com>,gmane.linux.ubuntu.user,0.0,<wbwXiAOQEF+6nfD2@example.com>,3oENTPFrcukjNGjV@example.com,uu/IbSakJ8q0v7o7@example.com,2009-05-23 19:48:13+11:00,Re: HP 4P scanner use,"Thanks to Brian McKee for advice to enable me to start XSane from my 
desktop instead of from root in a terminal. He advised to add my user 
name to the scanner group. I had to do this via root in a terminal.
However I have the annoying problem that an error message ""Failed to 
create file: Permission denied"" occurs when I try to close XSane. I have 
to close this error message 3 times before XSane closes.
I started XSane from a user terminal but the same error message occurred 
when closing and no message  occurred in the terminal.

When I typed users-admin in root this message occurred prior to the 
user-admin window opening:
 <gmane_tag_log_data> <gmane_tag_mua_signature> reply timeout expired, or the network connection was broken.
 <gmane_tag_log_data> Could that have something to do with the XSane closing error?

 <gmane_tag_closing>",1119.0,850.0,285.0,0.0,0.0,linux,ubuntu,user,,1,True,"<span style=""background-color: #e8baba;"">Re: HP 4P scanner use</span> <br> <hr size=""2""> <span style=""background-color: #e8baba;"">Thanks to Brian McKee for advice to enable me to start XSane from my <br>desktop instead of from root in a terminal. He advised to add my user <br>name to the scanner group. I had to do this via root in a terminal.<br>However I have the annoying problem that an error message ""Failed to <br>create file: Permission denied"" occurs when I try to close XSane. I have <br>to close this error message 3 times before XSane closes.<br>I started XSane from a user terminal but the same error message occurred <br>when closing and no message  occurred in the terminal.<br><br>When I typed users-admin in root this message occurred prior to the <br>user-admin window opening:<br> </span><span style=""background-color: #edebeb;color: #999999;"">log</span><span style=""background-color: #e8baba;""><br>  reply timeout expired, or the network connection was broken.<br> </span><span style=""background-color: #edebeb;color: #999999;"">log</span><span style=""background-color: #e8baba;""><br> Could that have something to do with the XSane closing error?<br><br> </span><span style=""background-color: #edebeb;color: #999999;"">closing</span><span style=""background-color: #e8baba;""><br></span>",12,"Re: HP 4P scanner use 
 Thanks to Brian McKee for advice to enable me to start XSane from my 
desktop instead of from root in a terminal. He advised to add my user 
name to the scanner group. I had to do this via root in a terminal.
However I have the annoying problem that an error message ""Failed to 
create file: Permission denied"" occurs when I try to close XSane. I have 
to close this error message 3 times before XSane closes.
I started XSane from a user terminal but the same error message occurred 
when closing and no message  occurred in the terminal.

When I typed users-admin in root this message occurred prior to the 
user-admin window opening:
 <log_data>  reply timeout expired, or the network connection was broken.
 <log_data> Could that have something to do with the XSane closing error?

 <closing>"
,gmane.editors.vim.devel,,<SAu4BVRRXluf7iqQ@example.com>,jv50OMZbpqnGoGF8@example.com,CuZt47K5gEvNaeGN@example.com,2009-01-19 19:33:29-08:00,help for new feature level-dependent fold highlighting?,"I'm trying to revise the source in screen.c to allow for showing
different fold highlighting depending on the level of a fold.
Currently there is one highlight group for all folded lines (""Fold"" or
the HLF_FL tag in screen.c).   Having highlighting that can vary
depending on the level gives better visual cues when using Vim for
highlighting.

I had a modification working that modified the source to add nine new
highlight flags for levels 2 through 10 (e.g., HLF_FL2, HLF_FL3,
HLF_FL4, HLF_FL5) and that works and was fairly straightforward.  See
screenshot  here:
http://www.plainspokenfinancial.com/screenshot.png

But a better solution would be to run a hl_combine_attr function on
HLF_FL and the current screen attributes.  That way a user can
specify, e.g., 'hi Fold gui=bold guifg=NONE' and the folds will have
color of the highlighted region or match below, but show up as bold to
give a visual cue for the fold.  This requires modification (I think)
of only one line in the code, and also makes it easier to add certain
functions I'm thinking of adding to the VimOutliner project.

I'm having trouble coming up with the correct combine attr's solution
and I'm wondering if someone can help.  I've made a revision in the
line below, and it does indeed work to reveal highlighting of a region
below, but it REVEALS THE HIGHLIGHT OF THE LINE ABOVE THE FOLD, not
the highlight of the line immediately under the fold.  I suspect this
is a with specify the offset in ScreenAttr[], but I can't figure out
what the corect offset should be.

Can someone offer some help?

Here's original line in screen.c:

 <gmane_tag_visual_separator> <gmane_tag_log_data> text */
 <gmane_tag_raw_code> <gmane_tag_visual_separator> I've revised that line to be:
 <gmane_tag_visual_separator> <gmane_tag_raw_code> <gmane_tag_visual_separator> As I said, that revision works so that highlight of the line above the
fold is revealed on the fold line when the fold highlight is set to
NONE (i.e., 'hl Fold gui=bold guifg=NONE).

I hoping there's something simple I'm missing about specifying the
ScreenAttrs[] offset.    Any hints?

 <gmane_tag_closing> <gmane_tag_visual_separator> <gmane_tag_mua_signature> <gmane_tag_visual_separator>",2627.0,2220.0,68.0,249.0,0.0,editors,vim,devel,,dev1,False,"<span style=""background-color: #e8baba;"">help for new feature level-dependent fold highlighting?</span> <br> <hr size=""2""> <span style=""background-color: #e8baba;"">I'm trying to revise the source in screen.c to allow for showing<br>different fold highlighting depending on the level of a fold.<br>Currently there is one highlight group for all folded lines (""Fold"" or<br>the HLF_FL tag in screen.c).   Having highlighting that can vary<br>depending on the level gives better visual cues when using Vim for<br>highlighting.<br><br>I had a modification working that modified the source to add nine new<br>highlight flags for levels 2 through 10 (e.g., HLF_FL2, HLF_FL3,<br>HLF_FL4, HLF_FL5) and that works and was fairly straightforward.  See<br>screenshot  here:<br>http://www.plainspokenfinancial.com/screenshot.png<br><br>But a better solution would be to run a hl_combine_attr function on<br>HLF_FL and the current screen attributes.  That way a user can<br>specify, e.g., 'hi Fold gui=bold guifg=NONE' and the folds will have<br>color of the highlighted region or match below, but show up as bold to<br>give a visual cue for the fold.  This requires modification (I think)<br>of only one line in the code, and also makes it easier to add certain<br>functions I'm thinking of adding to the VimOutliner project.<br><br>I'm having trouble coming up with the correct combine attr's solution<br>and I'm wondering if someone can help.  I've made a revision in the<br>line below, and it does indeed work to reveal highlighting of a region<br>below, but it REVEALS THE HIGHLIGHT OF THE LINE ABOVE THE FOLD, not<br>the highlight of the line immediately under the fold.  I suspect this<br>is a with specify the offset in ScreenAttr[], but I can't figure out<br>what the corect offset should be.<br><br>Can someone offer some help?<br><br>Here's original line in screen.c:<br><br>  </span><span style=""background-color: #edebeb;color: #999999;"">log</span><span style=""background-color: #e8baba;""><br> text */<br> </span><span style=""background-color: #edebeb;color: #999999;"">code</span><span style=""background-color: #e8baba;""><br>  I've revised that line to be:<br>  </span><span style=""background-color: #edebeb;color: #999999;"">code</span><span style=""background-color: #e8baba;""><br>  As I said, that revision works so that highlight of the line above the<br>fold is revealed on the fold line when the fold highlight is set to<br>NONE (i.e., 'hl Fold gui=bold guifg=NONE).<br><br>I hoping there's something simple I'm missing about specifying the<br>ScreenAttrs[] offset.    Any hints?<br><br> </span><span style=""background-color: #edebeb;color: #999999;"">closing</span><span style=""background-color: #e8baba;""><br>   </span>",13,"help for new feature level-dependent fold highlighting? 
 I'm trying to revise the source in screen.c to allow for showing
different fold highlighting depending on the level of a fold.
Currently there is one highlight group for all folded lines (""Fold"" or
the HLF_FL tag in screen.c).   Having highlighting that can vary
depending on the level gives better visual cues when using Vim for
highlighting.

I had a modification working that modified the source to add nine new
highlight flags for levels 2 through 10 (e.g., HLF_FL2, HLF_FL3,
HLF_FL4, HLF_FL5) and that works and was fairly straightforward.  See
screenshot  here:
http://www.plainspokenfinancial.com/screenshot.png

But a better solution would be to run a hl_combine_attr function on
HLF_FL and the current screen attributes.  That way a user can
specify, e.g., 'hi Fold gui=bold guifg=NONE' and the folds will have
color of the highlighted region or match below, but show up as bold to
give a visual cue for the fold.  This requires modification (I think)
of only one line in the code, and also makes it easier to add certain
functions I'm thinking of adding to the VimOutliner project.

I'm having trouble coming up with the correct combine attr's solution
and I'm wondering if someone can help.  I've made a revision in the
line below, and it does indeed work to reveal highlighting of a region
below, but it REVEALS THE HIGHLIGHT OF THE LINE ABOVE THE FOLD, not
the highlight of the line immediately under the fold.  I suspect this
is a with specify the offset in ScreenAttr[], but I can't figure out
what the corect offset should be.

Can someone offer some help?

Here's original line in screen.c:

  <log_data> text */
 <raw_code>  I've revised that line to be:
  <raw_code>  As I said, that revision works so that highlight of the line above the
fold is revealed on the fold line when the fold highlight is set to
NONE (i.e., 'hl Fold gui=bold guifg=NONE).

I hoping there's something simple I'm missing about specifying the
ScreenAttrs[] offset.    Any hints?

 <closing>   "
<s138vHC4ZIUMcljH@example.com>,gmane.mail.postfix.user,0.0,<s138vHC4ZIUMcljH@example.com>,TDl0E4iFV8LTXtvc@example.com,,2002-05-07 15:36:34-05:00,RE: Header Checks,"OK - 

	This did not work:
		/^From:. vfort@jobsoft\.com/	REJECT

	This did work:
		/vfort@jobsoft\.com/	REJECT

Whats the difference?

On another note, how do you configured postfix to send-back the email with a rejection message.  So as the sender knows it was rejected?

 <gmane_tag_closing> <gmane_tag_quotation_marker> <gmane_tag_inline_headers> <gmane_tag_quotation_marker> <gmane_tag_quotation> Must be:
	/^From:.*vfort@jobsoft\.com/                   REJECT

 <gmane_tag_visual_separator> <gmane_tag_personal_signature> traegt nichts zum Glueck bei.

 <gmane_tag_visual_separator> <gmane_tag_mua_signature> <gmane_tag_visual_separator> <gmane_tag_mua_signature>",1455.0,669.0,0.0,0.0,383.0,mail,postfix,user,,1,True,"<span style=""background-color: #e8baba;"">RE: Header Checks</span> <br> <hr size=""2""> <span style=""background-color: #e8baba;"">OK - <br><br>	This did not work:<br>		/^From:. vfort@jobsoft\.com/	REJECT<br><br>	This did work:<br>		/vfort@jobsoft\.com/	REJECT<br><br>Whats the difference?<br><br>On another note, how do you configured postfix to send-back the email with a rejection message.  So as the sender knows it was rejected?<br><br> </span><span style=""background-color: #edebeb;color: #999999;"">closing</span><span style=""background-color: #e8baba;""><br>    </span><span style=""background-color: #edebeb;color: #999999;"">quotation</span><span style=""background-color: #e8baba;""><br> Must be:<br>	/^From:.*vfort@jobsoft\.com/                   REJECT<br><br>   traegt nichts zum Glueck bei.<br><br>    </span>",14,"RE: Header Checks 
 OK - 

	This did not work:
		/^From:. vfort@jobsoft\.com/	REJECT

	This did work:
		/vfort@jobsoft\.com/	REJECT

Whats the difference?

On another note, how do you configured postfix to send-back the email with a rejection message.  So as the sender knows it was rejected?

 <closing>    <quotation> Must be:
	/^From:.*vfort@jobsoft\.com/                   REJECT

   traegt nichts zum Glueck bei.

    "
<6q7WBbycAmXmy2uq@example.com>,gmane.comp.php.general,1.0,<ZH1mI6meobIv1OcW@example.com>,cDRzYY9kU+m5KHfn@example.com,,2003-10-27 15:11:01+00:00,Re: Oh why won't it work,"<gmane_tag_quotation_marker> <gmane_tag_quotation> Did you not read my response to your question about this earlier?
You have the same exact code you posted a few days ago that will
not work.


 <gmane_tag_closing> <gmane_tag_visual_separator> <gmane_tag_personal_signature> <gmane_tag_mua_signature> <gmane_tag_visual_separator> <gmane_tag_mua_signature>",626.0,355.0,0.0,0.0,273.0,comp,php,general,,0,True,"<span style=""background-color: #e8baba;"">Re: Oh why won't it work</span> <br> <hr size=""2""> <span style=""background-color: #e8baba;""> </span><span style=""background-color: #edebeb;color: #999999;"">quotation</span><span style=""background-color: #e8baba;""><br> Did you not read my response to your question about this earlier?<br>You have the same exact code you posted a few days ago that will<br>not work.<br><br><br> </span><span style=""background-color: #edebeb;color: #999999;"">closing</span><span style=""background-color: #e8baba;""><br>     </span>",15,"Re: Oh why won't it work 
  <quotation> Did you not read my response to your question about this earlier?
You have the same exact code you posted a few days ago that will
not work.


 <closing>     "
<oqZ1vpxaZeYcVYsC@example.com>,gmane.linux.drivers.openib,0.0,<oqZ1vpxaZeYcVYsC@example.com>,S03JrK3u0w7P3Tfi@example.com,cJEeD+yjlwECfV1I@example.com,2009-08-07 17:37:55-04:00,[ofa-general] sun x4100 with IB,"I have several Sun x4100 with Infiniband servers which appear to be
running at 400MB/sec instead of 800MB/sec.  It's a freshly reformatted
cluster converting from solaris to linux.  We also reset the bios
settings with ""load optimal defaults"". Does anyone know which bios
setting I changed to dump the BW?

 <gmane_tag_closing> <gmane_tag_personal_signature> <gmane_tag_log_data>",350.0,379.0,26.0,0.0,0.0,linux,drivers,openib,,0,True,"<span style=""background-color: #e8baba;"">[ofa-general] sun x4100 with IB</span> <br> <hr size=""2""> <span style=""background-color: #e8baba;"">I have several Sun x4100 with Infiniband servers which appear to be<br>running at 400MB/sec instead of 800MB/sec.  It's a freshly reformatted<br>cluster converting from solaris to linux.  We also reset the bios<br>settings with ""load optimal defaults"". Does anyone know which bios<br>setting I changed to dump the BW?<br><br> </span><span style=""background-color: #edebeb;color: #999999;"">closing</span><span style=""background-color: #e8baba;""><br>  </span><span style=""background-color: #edebeb;color: #999999;"">log</span><span style=""background-color: #e8baba;""><br></span>",16,"[ofa-general] sun x4100 with IB 
 I have several Sun x4100 with Infiniband servers which appear to be
running at 400MB/sec instead of 800MB/sec.  It's a freshly reformatted
cluster converting from solaris to linux.  We also reset the bios
settings with ""load optimal defaults"". Does anyone know which bios
setting I changed to dump the BW?

 <closing>  <log_data>"
<0SJQX/Vf0QxlsMtg@example.com>,gmane.linux.redhat.fedora.general,2.0,<oF36YARgcMqXB3ab@example.com>,xyfNwBSNtwnNprSI@example.com,jTTa2pGGqTZbc0IF@example.com,2007-06-30 20:58:01-04:00,Re: FC6 ipw3945 on Dell D820 not working. What's the best way?,"<gmane_tag_quotation_marker> <gmane_tag_quotation> My BIOS is A6 (from April), and it does not suspend.  I spent two whole 
nights trying different quirk options.  They never should have changed 
the power management software in the state it's in.

I hate that I have this brand new laptop and I have to run an older 
version of Fedora on it, but I've tried all I can try.  Hopefully Fedora 
8 will be better.

 <gmane_tag_quotation> Your script was very helpful.  Thanks.  More on that later


 <gmane_tag_quotation_marker> <gmane_tag_quotation> I uninstalled the iwl stuff.  Nothing I read explicitly said so, but my 
instincts told me they were mutually exclusive.

 <gmane_tag_quotation> I never had it enabled.  What does it do?

 <gmane_tag_quotation> Got this problem fixed with Brian Millett's script.

 <gmane_tag_quotation> My old laptop is running SUSE.  They have a tool called SCPM, System 
Configuration Profile Manager, that lets you store and retrieve 
different config files for different environments.  I was wondering how 
you would do this in Fedora.  While I'm sure your suggestion isn't the 
official way it's supposed to be done, that sounds like it would work, 
and work well and predictably.  I'll bring it into work Monday and try that.

 <gmane_tag_quotation> I find system-config-network highly unpredictable.  It's the first 
Fedora program I learned to hate ;)

 <gmane_tag_quotation> Likewise, the man pages for NetworkManager are about two paragraphs 
long.  I guess I'll have to just save all my config files and try it and 
  see what it does.

 <gmane_tag_quotation> Yes.  Everything is working now.  But it took the hints posted on no 
less than three emails to get the whole picture.  In addiition to Paul's 
and Brian's suggestions, I found a third post from a related thread 
suggesting putting  ""alias eth1 ipw3945"" in /etc/modprobe.conf.  I never 
thought to check for that, because I couldn't imagine a scenario where 
the install didn't do that for me, but I guess I was wrongt.

Thank you both for your suggestions.  I would rather have gotten suspend 
working in F7 than revoert to FC6, but at least I have Fc6 working, and 
as soon as I migrate my configuration over from the old laptop, I might 
even have domestic tranquility again.

 <gmane_tag_visual_separator> <gmane_tag_mua_signature>",4856.0,2337.0,0.0,0.0,2713.0,linux,redhat,fedora,general,11,True,"<span style=""background-color: #e8baba;"">Re: FC6 ipw3945 on Dell D820 not working. What's the best way?</span> <br> <hr size=""2""> <span style=""background-color: #e8baba;""> </span><span style=""background-color: #edebeb;color: #999999;"">quotation</span><span style=""background-color: #e8baba;""><br> My BIOS is A6 (from April), and it does not suspend.  I spent two whole <br>nights trying different quirk options.  They never should have changed <br>the power management software in the state it's in.<br><br>I hate that I have this brand new laptop and I have to run an older <br>version of Fedora on it, but I've tried all I can try.  Hopefully Fedora <br>8 will be better.<br><br> </span><span style=""background-color: #edebeb;color: #999999;"">quotation</span><span style=""background-color: #e8baba;""><br> Your script was very helpful.  Thanks.  More on that later<br><br><br>  </span><span style=""background-color: #edebeb;color: #999999;"">quotation</span><span style=""background-color: #e8baba;""><br> I uninstalled the iwl stuff.  Nothing I read explicitly said so, but my <br>instincts told me they were mutually exclusive.<br><br> </span><span style=""background-color: #edebeb;color: #999999;"">quotation</span><span style=""background-color: #e8baba;""><br> I never had it enabled.  What does it do?<br><br> </span><span style=""background-color: #edebeb;color: #999999;"">quotation</span><span style=""background-color: #e8baba;""><br> Got this problem fixed with Brian Millett's script.<br><br> </span><span style=""background-color: #edebeb;color: #999999;"">quotation</span><span style=""background-color: #e8baba;""><br> My old laptop is running SUSE.  They have a tool called SCPM, System <br>Configuration Profile Manager, that lets you store and retrieve <br>different config files for different environments.  I was wondering how <br>you would do this in Fedora.  While I'm sure your suggestion isn't the <br>official way it's supposed to be done, that sounds like it would work, <br>and work well and predictably.  I'll bring it into work Monday and try that.<br><br> </span><span style=""background-color: #edebeb;color: #999999;"">quotation</span><span style=""background-color: #e8baba;""><br> I find system-config-network highly unpredictable.  It's the first <br>Fedora program I learned to hate ;)<br><br> </span><span style=""background-color: #edebeb;color: #999999;"">quotation</span><span style=""background-color: #e8baba;""><br> Likewise, the man pages for NetworkManager are about two paragraphs <br>long.  I guess I'll have to just save all my config files and try it and <br>  see what it does.<br><br> </span><span style=""background-color: #edebeb;color: #999999;"">quotation</span><span style=""background-color: #e8baba;""><br> Yes.  Everything is working now.  But it took the hints posted on no <br>less than three emails to get the whole picture.  In addiition to Paul's <br>and Brian's suggestions, I found a third post from a related thread <br>suggesting putting  ""alias eth1 ipw3945"" in /etc/modprobe.conf.  I never <br>thought to check for that, because I couldn't imagine a scenario where <br>the install didn't do that for me, but I guess I was wrongt.<br><br>Thank you both for your suggestions.  I would rather have gotten suspend <br>working in F7 than revoert to FC6, but at least I have Fc6 working, and <br>as soon as I migrate my configuration over from the old laptop, I might <br>even have domestic tranquility again.<br><br>  </span>",17,"Re: FC6 ipw3945 on Dell D820 not working. What's the best way? 
  <quotation> My BIOS is A6 (from April), and it does not suspend.  I spent two whole 
nights trying different quirk options.  They never should have changed 
the power management software in the state it's in.

I hate that I have this brand new laptop and I have to run an older 
version of Fedora on it, but I've tried all I can try.  Hopefully Fedora 
8 will be better.

 <quotation> Your script was very helpful.  Thanks.  More on that later


  <quotation> I uninstalled the iwl stuff.  Nothing I read explicitly said so, but my 
instincts told me they were mutually exclusive.

 <quotation> I never had it enabled.  What does it do?

 <quotation> Got this problem fixed with Brian Millett's script.

 <quotation> My old laptop is running SUSE.  They have a tool called SCPM, System 
Configuration Profile Manager, that lets you store and retrieve 
different config files for different environments.  I was wondering how 
you would do this in Fedora.  While I'm sure your suggestion isn't the 
official way it's supposed to be done, that sounds like it would work, 
and work well and predictably.  I'll bring it into work Monday and try that.

 <quotation> I find system-config-network highly unpredictable.  It's the first 
Fedora program I learned to hate ;)

 <quotation> Likewise, the man pages for NetworkManager are about two paragraphs 
long.  I guess I'll have to just save all my config files and try it and 
  see what it does.

 <quotation> Yes.  Everything is working now.  But it took the hints posted on no 
less than three emails to get the whole picture.  In addiition to Paul's 
and Brian's suggestions, I found a third post from a related thread 
suggesting putting  ""alias eth1 ipw3945"" in /etc/modprobe.conf.  I never 
thought to check for that, because I couldn't imagine a scenario where 
the install didn't do that for me, but I guess I was wrongt.

Thank you both for your suggestions.  I would rather have gotten suspend 
working in F7 than revoert to FC6, but at least I have Fc6 working, and 
as soon as I migrate my configuration over from the old laptop, I might 
even have domestic tranquility again.

  "
<429398CF.14034.295A931@localhost>,gmane.comp.web.zope.zope3,0.0,<429398CF.14034.295A931@localhost>,pOrE7jib19z3DruL@example.com,,2005-05-24 21:12:47+02:00,zope\app\container\contained.py,"<gmane_tag_salutation> line 545 of zope\app\container\contained.py contains a testcase
"">>> setitem(container, container.__setitem__, 'hello ' + chr(200), item)""
which should give back a traceback:
 <gmane_tag_log_data> <gmane_tag_raw_code> <gmane_tag_log_data> <gmane_tag_raw_code> but the name parameter is correct:
""
 <gmane_tag_quotation> u'hello \xc8'
 <gmane_tag_quotation> ""
So the unit tests give a failure:
""
 <gmane_tag_visual_separator> <gmane_tag_log_data> <gmane_tag_raw_code> <gmane_tag_tabular> <gmane_tag_log_data> <gmane_tag_tabular> Got nothing
""
What should be done?

 <gmane_tag_closing>",856.0,607.0,273.0,83.0,49.0,comp,web,zope,zope3,1,True,"<span style=""background-color: #e8baba;"">zope\app\container\contained.py</span> <br> <hr size=""2""> <span style=""background-color: #e8baba;""></span><span style=""background-color: #edebeb;color: #999999;"">salutation</span><span style=""background-color: #e8baba;""><br> line 545 of zope\app\container\contained.py contains a testcase<br>""]<br>]<br>]<br> setitem(container, container.__setitem__, 'hello ' + chr(200), item)""<br>which should give back a traceback:<br> </span><span style=""background-color: #edebeb;color: #999999;"">log</span><span style=""background-color: #e8baba;""><br> </span><span style=""background-color: #edebeb;color: #999999;"">code</span><span style=""background-color: #e8baba;""><br> </span><span style=""background-color: #edebeb;color: #999999;"">log</span><span style=""background-color: #e8baba;""><br> </span><span style=""background-color: #edebeb;color: #999999;"">code</span><span style=""background-color: #e8baba;""><br> but the name parameter is correct:<br>""<br> </span><span style=""background-color: #edebeb;color: #999999;"">quotation</span><span style=""background-color: #e8baba;""><br> u'hello \xc8'<br> </span><span style=""background-color: #edebeb;color: #999999;"">quotation</span><span style=""background-color: #e8baba;""><br> ""<br>So the unit tests give a failure:<br>""<br>  </span><span style=""background-color: #edebeb;color: #999999;"">log</span><span style=""background-color: #e8baba;""><br> </span><span style=""background-color: #edebeb;color: #999999;"">code</span><span style=""background-color: #e8baba;""><br> </span><span style=""background-color: #edebeb;color: #999999;"">tabular</span><span style=""background-color: #e8baba;""><br> </span><span style=""background-color: #edebeb;color: #999999;"">log</span><span style=""background-color: #e8baba;""><br> </span><span style=""background-color: #edebeb;color: #999999;"">tabular</span><span style=""background-color: #e8baba;""><br> Got nothing<br>""<br>What should be done?<br><br> </span><span style=""background-color: #edebeb;color: #999999;"">closing</span><span style=""background-color: #e8baba;""><br></span>",18,"zope\app\container\contained.py 
 <salutation> line 545 of zope\app\container\contained.py contains a testcase
"">>> setitem(container, container.__setitem__, 'hello ' + chr(200), item)""
which should give back a traceback:
 <log_data> <raw_code> <log_data> <raw_code> but the name parameter is correct:
""
 <quotation> u'hello \xc8'
 <quotation> ""
So the unit tests give a failure:
""
  <log_data> <raw_code> <tabular> <log_data> <tabular> Got nothing
""
What should be done?

 <closing>"
<Ysv73EA0CyIgcgCI@example.com>,gmane.comp.db.foxpro.profox,0.0,<Ysv73EA0CyIgcgCI@example.com>,J9yuVmYLYrVwnEZY@example.com,,2006-09-07 21:15:23+00:00,VFPX:  Ever seen this,"Two major points, first VFP
 
Open a table in the command window, no order is set,  fresh table copied from one ran in my Production system.  Move, browse through the records.
Open another table (created a few weeks ago), no order is set (non-available) and the record pointer in the first table goes to a particular point.  Won't budge.
Discovered this when I ran a ""quicky update"" program (yeah right) and got strange results.  It was because my seek() didn't move the record pointer in the first table mentioned above. No relations, no nothing. 
 
No get this, if I close the second table behavior on the first returns to normal,  except that the record pointer on the first moves from the point that it was originally stuck.
 
Second: (non-vfp)
 
Recently converted to Windows Live Mail and had responded to some  posts,  well this afternoon I finally noticed that the reply to was the original email address not  Profox? Apologies to anyone receiving a non-solicited email.
 
Any comments on my VFP issue would be greatly appreciated.
 
 <gmane_tag_closing> <gmane_tag_quotation>",2190.0,1084.0,0.0,0.0,1131.0,comp,db,foxpro,profox,1,True,"<span style=""background-color: #e8baba;"">VFPX:  Ever seen this</span> <br> <hr size=""2""> <span style=""background-color: #e8baba;"">Two major points, first VFP<br> <br>Open a table in the command window, no order is set,  fresh table copied from one ran in my Production system.  Move, browse through the records.<br>Open another table (created a few weeks ago), no order is set (non-available) and the record pointer in the first table goes to a particular point.  Won't budge.<br>Discovered this when I ran a ""quicky update"" program (yeah right) and got strange results.  It was because my seek() didn't move the record pointer in the first table mentioned above. No relations, no nothing. <br> <br>No get this, if I close the second table behavior on the first returns to normal,  except that the record pointer on the first moves from the point that it was originally stuck.<br> <br>Second: (non-vfp)<br> <br>Recently converted to Windows Live Mail and had responded to some  posts,  well this afternoon I finally noticed that the reply to was the original email address not  Profox? Apologies to anyone receiving a non-solicited email.<br> <br>Any comments on my VFP issue would be greatly appreciated.<br> <br> </span><span style=""background-color: #edebeb;color: #999999;"">closing</span><span style=""background-color: #e8baba;""><br> </span><span style=""background-color: #edebeb;color: #999999;"">quotation</span><span style=""background-color: #e8baba;""><br></span>",19,"VFPX:  Ever seen this 
 Two major points, first VFP
 
Open a table in the command window, no order is set,  fresh table copied from one ran in my Production system.  Move, browse through the records.
Open another table (created a few weeks ago), no order is set (non-available) and the record pointer in the first table goes to a particular point.  Won't budge.
Discovered this when I ran a ""quicky update"" program (yeah right) and got strange results.  It was because my seek() didn't move the record pointer in the first table mentioned above. No relations, no nothing. 
 
No get this, if I close the second table behavior on the first returns to normal,  except that the record pointer on the first moves from the point that it was originally stuck.
 
Second: (non-vfp)
 
Recently converted to Windows Live Mail and had responded to some  posts,  well this afternoon I finally noticed that the reply to was the original email address not  Profox? Apologies to anyone receiving a non-solicited email.
 
Any comments on my VFP issue would be greatly appreciated.
 
 <closing> <quotation>"
<1054373393.1233323759570.JavaMail.jira@brutus>,gmane.comp.apache.webservices.tuscany.devel,0.0,<1054373393.1233323759570.JavaMail.jira@brutus>,foJQLytOgeEY30Wi@example.com,foJQLytOgeEY30Wi@example.com,2009-01-30 05:55:59-08:00,"[jira] Created: (TUSCANY-2798) Response destination not used in
 <binding.jms> when JMSReplyTo is absent","Response destination not used in <binding.jms> when JMSReplyTo is absent
 <gmane_tag_visual_separator> <gmane_tag_tabular> The OASIS JMS Binding spec makes this clear whereas the OSOA doesn't, but if the JMSReplyTo isn't present on the incoming requestMessage then the response destination should be used.

Not sure the best place to tweak the code to add this just yet, but you can see in TransportServiceInterceptor what we do today in sca-java-1.x

 <gmane_tag_raw_code> <gmane_tag_patch> <gmane_tag_raw_code> <gmane_tag_visual_separator> <gmane_tag_mua_signature> <gmane_tag_visual_separator> <gmane_tag_mua_signature>",1248.0,622.0,0.0,391.0,0.0,comp,apache,webservices,tuscany,1,True,"<span style=""background-color: #e8baba;"">[jira] Created: (TUSCANY-2798) Response destination not used in
 <binding.jms> when JMSReplyTo is absent</span> <br> <hr size=""2""> <span style=""background-color: #e8baba;"">Response destination not used in </span><span style=""background-color: #edebeb;color: #999999;"">binding.jms</span><span style=""background-color: #e8baba;""><br> when JMSReplyTo is absent<br>  </span><span style=""background-color: #edebeb;color: #999999;"">tabular</span><span style=""background-color: #e8baba;""><br> The OASIS JMS Binding spec makes this clear whereas the OSOA doesn't, but if the JMSReplyTo isn't present on the incoming requestMessage then the response destination should be used.<br><br>Not sure the best place to tweak the code to add this just yet, but you can see in TransportServiceInterceptor what we do today in sca-java-1.x<br><br> </span><span style=""background-color: #edebeb;color: #999999;"">code</span><span style=""background-color: #e8baba;""><br>  </span><span style=""background-color: #edebeb;color: #999999;"">code</span><span style=""background-color: #e8baba;""><br>    </span>",20,"[jira] Created: (TUSCANY-2798) Response destination not used in
 <binding.jms> when JMSReplyTo is absent 
 Response destination not used in <binding.jms> when JMSReplyTo is absent
  <tabular> The OASIS JMS Binding spec makes this clear whereas the OSOA doesn't, but if the JMSReplyTo isn't present on the incoming requestMessage then the response destination should be used.

Not sure the best place to tweak the code to add this just yet, but you can see in TransportServiceInterceptor what we do today in sca-java-1.x

 <raw_code>  <raw_code>    "
<3G8mwqbycy7125+R@example.com>,gmane.comp.python.general,1.0,<YSkTXBeDG2nm6MaZ@example.com>,YzyGnf7dumIPw30Q@example.com,etXDQRB/v9ZrAa+C@example.com,2007-03-16 11:15:39-06:00,Re: getopt or optparse options/arguments wrapping?,"<gmane_tag_quotation_marker> <gmane_tag_quotation> I'm not clear on exactly what it is you want.  Are you trying to do
something like::

 <gmane_tag_raw_code> where ``--foo --bar x y z`` gets handled by your command and ``--tar-foo
--tar-bar tx ty tz`` gets passed on through to the tar command?

 <gmane_tag_closing> <gmane_tag_visual_separator> <gmane_tag_mua_signature>",1065.0,372.0,0.0,62.0,717.0,comp,python,general,,0,True,"<span style=""background-color: #e8baba;"">Re: getopt or optparse options/arguments wrapping?</span> <br> <hr size=""2""> <span style=""background-color: #e8baba;""> </span><span style=""background-color: #edebeb;color: #999999;"">quotation</span><span style=""background-color: #e8baba;""><br> I'm not clear on exactly what it is you want.  Are you trying to do<br>something like::<br><br> </span><span style=""background-color: #edebeb;color: #999999;"">code</span><span style=""background-color: #e8baba;""><br> where ``--foo --bar x y z`` gets handled by your command and ``--tar-foo<br>--tar-bar tx ty tz`` gets passed on through to the tar command?<br><br> </span><span style=""background-color: #edebeb;color: #999999;"">closing</span><span style=""background-color: #e8baba;""><br>  </span>",21,"Re: getopt or optparse options/arguments wrapping? 
  <quotation> I'm not clear on exactly what it is you want.  Are you trying to do
something like::

 <raw_code> where ``--foo --bar x y z`` gets handled by your command and ``--tar-foo
--tar-bar tx ty tz`` gets passed on through to the tar command?

 <closing>  "
<qptYgOMDwAlE6VUR@example.com>,gmane.comp.audio.icecast.general,1.0,<MXRnf0yCwJxaWF6X@example.com>,hxnbV1X1QqURbSEu@example.com,,2005-06-07 18:45:46-07:00,Re: 3GPP and 3Gpp2 Support,"This also requires AAC/aacPlus.
Most of the new multimedia phones will be shipping with this codec.

 <gmane_tag_closing> <gmane_tag_quotation_marker> <gmane_tag_quotation> <gmane_tag_visual_separator> <gmane_tag_personal_signature>",772.0,232.0,0.0,0.0,393.0,comp,audio,icecast,general,0,True,"<span style=""background-color: #e8baba;"">Re: 3GPP and 3Gpp2 Support</span> <br> <hr size=""2""> <span style=""background-color: #e8baba;"">This also requires AAC/aacPlus.<br>Most of the new multimedia phones will be shipping with this codec.<br><br> </span><span style=""background-color: #edebeb;color: #999999;"">closing</span><span style=""background-color: #e8baba;""><br>  </span><span style=""background-color: #edebeb;color: #999999;"">quotation</span><span style=""background-color: #e8baba;""><br>  </span>",22,"Re: 3GPP and 3Gpp2 Support 
 This also requires AAC/aacPlus.
Most of the new multimedia phones will be shipping with this codec.

 <closing>  <quotation>  "
<yUZczi0aES50vFz4@example.com>,gmane.comp.lib.qt.general,0.0,<yUZczi0aES50vFz4@example.com>,SnZhBlbp5Y91r2ec@example.com,GwWJMMMlkj1m/0Op@example.com,2008-07-28 01:19:12+02:00,IP and MAc addresses,"<gmane_tag_salutation> I am a beginner of QT4.
I am trying to construct an application for finding IP and MAC addresses.
I programed sth like:

 <gmane_tag_raw_code> and above unfortunately the ""if"" returns true.

I programed sth similar for IP using function  ""QHostAddress
QNetworkAddressEntry::ip () const""
and again it is empty.

Does anyone know how to solve the problems?

 <gmane_tag_closing> <gmane_tag_visual_separator> <gmane_tag_mua_signature>",699.0,454.0,0.0,168.0,0.0,comp,lib,qt,general,1,True,"<span style=""background-color: #e8baba;"">IP and MAc addresses</span> <br> <hr size=""2""> <span style=""background-color: #e8baba;""></span><span style=""background-color: #edebeb;color: #999999;"">salutation</span><span style=""background-color: #e8baba;""><br> I am a beginner of QT4.<br>I am trying to construct an application for finding IP and MAC addresses.<br>I programed sth like:<br><br> </span><span style=""background-color: #edebeb;color: #999999;"">code</span><span style=""background-color: #e8baba;""><br> and above unfortunately the ""if"" returns true.<br><br>I programed sth similar for IP using function  ""QHostAddress<br>QNetworkAddressEntry::ip () const""<br>and again it is empty.<br><br>Does anyone know how to solve the problems?<br><br> </span><span style=""background-color: #edebeb;color: #999999;"">closing</span><span style=""background-color: #e8baba;""><br>  </span>",23,"IP and MAc addresses 
 <salutation> I am a beginner of QT4.
I am trying to construct an application for finding IP and MAC addresses.
I programed sth like:

 <raw_code> and above unfortunately the ""if"" returns true.

I programed sth similar for IP using function  ""QHostAddress
QNetworkAddressEntry::ip () const""
and again it is empty.

Does anyone know how to solve the problems?

 <closing>  "
<JfCb9XN3hoz7KJXF@example.com>,gmane.linux.iscsi.iscsi-target.devel,2.0,<gHYVjLzvuErlLIEl@example.com>,kd695B2KBTaSNnT7@example.com,,2006-10-10 17:58:40-04:00,Re: iSCSI Target Oopsing under heavy load,"<gmane_tag_quotation_marker> <gmane_tag_quotation> if you can try to use those 1.1GB, things might change.

but if u use vanilla iet without async cache. i can not believe this
frankly. something else must be wrong here.

could you post some information base on your new 2GB box. when u see the
low memory mesg, post

/proc/slabinfo 
 <gmane_tag_quotation> <gmane_tag_raw_code> <gmane_tag_quotation> <gmane_tag_visual_separator> <gmane_tag_mua_signature>",3292.0,454.0,0.0,18.0,2643.0,linux,iscsi,iscsi-target,devel,11,True,"<span style=""background-color: #e8baba;"">Re: iSCSI Target Oopsing under heavy load</span> <br> <hr size=""2""> <span style=""background-color: #e8baba;""> </span><span style=""background-color: #edebeb;color: #999999;"">quotation</span><span style=""background-color: #e8baba;""><br> if you can try to use those 1.1GB, things might change.<br><br>but if u use vanilla iet without async cache. i can not believe this<br>frankly. something else must be wrong here.<br><br>could you post some information base on your new 2GB box. when u see the<br>low memory mesg, post<br><br>/proc/slabinfo <br> </span><span style=""background-color: #edebeb;color: #999999;"">quotation</span><span style=""background-color: #e8baba;""><br> </span><span style=""background-color: #edebeb;color: #999999;"">code</span><span style=""background-color: #e8baba;""><br> </span><span style=""background-color: #edebeb;color: #999999;"">quotation</span><span style=""background-color: #e8baba;""><br>  </span>",24,"Re: iSCSI Target Oopsing under heavy load 
  <quotation> if you can try to use those 1.1GB, things might change.

but if u use vanilla iet without async cache. i can not believe this
frankly. something else must be wrong here.

could you post some information base on your new 2GB box. when u see the
low memory mesg, post

/proc/slabinfo 
 <quotation> <raw_code> <quotation>  "
<Mw8qbmIOzrbt+IZJ@example.com>,gmane.comp.jakarta.jetspeed.devel,3.0,<LfInldVGWflp7hpT@example.com>,/27AE+VYKdqmtxk/@example.com,,2003-04-09 14:06:35-07:00,Re: Ideas for 1.4 Event Model addition,"Find attached a UML diagram of my 'first pass' at adding event handling to 
Jetspeed.

The colors are for visual clarity and only roughly based on the design 
archetypes they represent in the Coad/Lefebvre/DeLuca UML color extensions 
and domain-neutral component pattern.  Don't get hung up on that semantic 
hook, the diagram is simple and should be self explanatory.

The differences I identified between awt event model and the problem we are 
trying to solve is that in awt it is an interactive, fully encapsulated 
environment.  The request/response driven http transaction needs some layer 
of abstraction which I called scope to identify the different parts of the 
server/client interaction that might need events triggered.  This scope 
idea roughly replaces the component idea of awt.  I think I picked the 
right scope points, but there probably needs to be some discussion around 
that as well.  There is a potential conflict between portlet set scope and 
portlet group scope which need to also be further explored.


 <gmane_tag_closing> <gmane_tag_quotation_marker> <gmane_tag_quotation>",4785.0,1103.0,0.0,0.0,3739.0,comp,jakarta,jetspeed,devel,11,True,"<span style=""background-color: #e8baba;"">Re: Ideas for 1.4 Event Model addition</span> <br> <hr size=""2""> <span style=""background-color: #e8baba;"">Find attached a UML diagram of my 'first pass' at adding event handling to <br>Jetspeed.<br><br>The colors are for visual clarity and only roughly based on the design <br>archetypes they represent in the Coad/Lefebvre/DeLuca UML color extensions <br>and domain-neutral component pattern.  Don't get hung up on that semantic <br>hook, the diagram is simple and should be self explanatory.<br><br>The differences I identified between awt event model and the problem we are <br>trying to solve is that in awt it is an interactive, fully encapsulated <br>environment.  The request/response driven http transaction needs some layer <br>of abstraction which I called scope to identify the different parts of the <br>server/client interaction that might need events triggered.  This scope <br>idea roughly replaces the component idea of awt.  I think I picked the <br>right scope points, but there probably needs to be some discussion around <br>that as well.  There is a potential conflict between portlet set scope and <br>portlet group scope which need to also be further explored.<br><br><br> </span><span style=""background-color: #edebeb;color: #999999;"">closing</span><span style=""background-color: #e8baba;""><br>  </span><span style=""background-color: #edebeb;color: #999999;"">quotation</span><span style=""background-color: #e8baba;""><br></span>",25,"Re: Ideas for 1.4 Event Model addition 
 Find attached a UML diagram of my 'first pass' at adding event handling to 
Jetspeed.

The colors are for visual clarity and only roughly based on the design 
archetypes they represent in the Coad/Lefebvre/DeLuca UML color extensions 
and domain-neutral component pattern.  Don't get hung up on that semantic 
hook, the diagram is simple and should be self explanatory.

The differences I identified between awt event model and the problem we are 
trying to solve is that in awt it is an interactive, fully encapsulated 
environment.  The request/response driven http transaction needs some layer 
of abstraction which I called scope to identify the different parts of the 
server/client interaction that might need events triggered.  This scope 
idea roughly replaces the component idea of awt.  I think I picked the 
right scope points, but there probably needs to be some discussion around 
that as well.  There is a potential conflict between portlet set scope and 
portlet group scope which need to also be further explored.


 <closing>  <quotation>"
<DT42Q1yRPlenZx28@example.com>,gmane.linux.debian.devel.bugs.rc,2.0,<Y1u24UNQxAuI9YJm@example.com>,IzDJw4my79YPh0Rx@example.com,,2004-09-17 01:23:35+02:00,Bug#271650: FTBFS: illuminator/arm -- shlibs error,"<gmane_tag_quotation_marker> <gmane_tag_quotation> Frankly, I have no clue :-(
 
 <gmane_tag_quotation> There are no scripts pulling stuff automatically out of sarge, that's
only done manually after checking bugreports, so just noting it there
would already have been enough.

Note that there is still a serious issue _somewhere_, and as I explained
below, it is actually a problem for illuminator, even though the _fault_
is obviously somewhere else. If now somehow illuminator is build
succesfully on arm due to sheer luck, it might propagate to testing, and
lacking this luck in the future, it might be impossible to do security
support for it. Build failures are always a problem of the failing
package (in addition to the problem-causer, of course), however annoying
that might be.

 <gmane_tag_closing> <gmane_tag_visual_separator> <gmane_tag_personal_signature>",1604.0,868.0,0.0,0.0,757.0,linux,debian,devel,bugs,11,True,"<span style=""background-color: #e8baba;"">Bug#271650: FTBFS: illuminator/arm -- shlibs error</span> <br> <hr size=""2""> <span style=""background-color: #e8baba;""> </span><span style=""background-color: #edebeb;color: #999999;"">quotation</span><span style=""background-color: #e8baba;""><br> Frankly, I have no clue :-(<br> <br> </span><span style=""background-color: #edebeb;color: #999999;"">quotation</span><span style=""background-color: #e8baba;""><br> There are no scripts pulling stuff automatically out of sarge, that's<br>only done manually after checking bugreports, so just noting it there<br>would already have been enough.<br><br>Note that there is still a serious issue _somewhere_, and as I explained<br>below, it is actually a problem for illuminator, even though the _fault_<br>is obviously somewhere else. If now somehow illuminator is build<br>succesfully on arm due to sheer luck, it might propagate to testing, and<br>lacking this luck in the future, it might be impossible to do security<br>support for it. Build failures are always a problem of the failing<br>package (in addition to the problem-causer, of course), however annoying<br>that might be.<br><br> </span><span style=""background-color: #edebeb;color: #999999;"">closing</span><span style=""background-color: #e8baba;""><br>  </span>",26,"Bug#271650: FTBFS: illuminator/arm -- shlibs error 
  <quotation> Frankly, I have no clue :-(
 
 <quotation> There are no scripts pulling stuff automatically out of sarge, that's
only done manually after checking bugreports, so just noting it there
would already have been enough.

Note that there is still a serious issue _somewhere_, and as I explained
below, it is actually a problem for illuminator, even though the _fault_
is obviously somewhere else. If now somehow illuminator is build
succesfully on arm due to sheer luck, it might propagate to testing, and
lacking this luck in the future, it might be impossible to do security
support for it. Build failures are always a problem of the failing
package (in addition to the problem-causer, of course), however annoying
that might be.

 <closing>  "
<gDemOq/A48ujXw2v@example.com>,gmane.comp.gnome.gtk+.csharp,3.0,<CyEK8N+xWoF3hkA5@example.com>,KpjTdY93XsreTqnb@example.com,,2005-08-05 06:42:57-04:00,Re: Gtk.Label : Text Direction,"<gmane_tag_quotation_marker> <gmane_tag_quotation> Sideways rendering requires GTK+ 2.8, which you can bind to if you run
`bootstrap-for-the-insane` (which I guess means GTK+ 2.8 is
unsupported :-).

Plus, no shipping distros include GTK+ 2.8 at this time, so if you want
a large user base you shouldn't depend on it.  GTK+ 2.2 (Gtk# 1.0.x) is
the recommended dependency, or GTK+ 2.4 (Gtk# 2.3.x/2.4.x) if necessary,
as these are already present on more distros.

 <gmane_tag_closing> <gmane_tag_visual_separator> <gmane_tag_mua_signature>",881.0,539.0,0.0,0.0,299.0,comp,gnome,gtk+,csharp,11,True,"<span style=""background-color: #e8baba;"">Re: Gtk.Label : Text Direction</span> <br> <hr size=""2""> <span style=""background-color: #e8baba;""> </span><span style=""background-color: #edebeb;color: #999999;"">quotation</span><span style=""background-color: #e8baba;""><br> Sideways rendering requires GTK+ 2.8, which you can bind to if you run<br>`bootstrap-for-the-insane` (which I guess means GTK+ 2.8 is<br>unsupported :-).<br><br>Plus, no shipping distros include GTK+ 2.8 at this time, so if you want<br>a large user base you shouldn't depend on it.  GTK+ 2.2 (Gtk# 1.0.x) is<br>the recommended dependency, or GTK+ 2.4 (Gtk# 2.3.x/2.4.x) if necessary,<br>as these are already present on more distros.<br><br> </span><span style=""background-color: #edebeb;color: #999999;"">closing</span><span style=""background-color: #e8baba;""><br>  </span>",27,"Re: Gtk.Label : Text Direction 
  <quotation> Sideways rendering requires GTK+ 2.8, which you can bind to if you run
`bootstrap-for-the-insane` (which I guess means GTK+ 2.8 is
unsupported :-).

Plus, no shipping distros include GTK+ 2.8 at this time, so if you want
a large user base you shouldn't depend on it.  GTK+ 2.2 (Gtk# 1.0.x) is
the recommended dependency, or GTK+ 2.4 (Gtk# 2.3.x/2.4.x) if necessary,
as these are already present on more distros.

 <closing>  "
<IubSCWhSL5jWe3Lf@example.com>,gmane.comp.lang.r.general,0.0,<IubSCWhSL5jWe3Lf@example.com>,xYVYYV40dGz5C0zg@example.com,e9ZrInjzhaHwhAey@example.com,2007-11-07 11:02:29-06:00,Re: partially sum variable of a dataframe,"There's probably a shorter way but below works
and doesn't require the starting points to be in
the a column.

 <gmane_tag_raw_code> <gmane_tag_quotation> <gmane_tag_visual_separator> <gmane_tag_mua_signature>",1284.0,209.0,0.0,125.0,771.0,comp,lang,r,general,0,True,"<span style=""background-color: #e8baba;"">Re: partially sum variable of a dataframe</span> <br> <hr size=""2""> <span style=""background-color: #e8baba;"">There's probably a shorter way but below works<br>and doesn't require the starting points to be in<br>the a column.<br><br> </span><span style=""background-color: #edebeb;color: #999999;"">code</span><span style=""background-color: #e8baba;""><br> </span><span style=""background-color: #edebeb;color: #999999;"">quotation</span><span style=""background-color: #e8baba;""><br>  </span>",28,"Re: partially sum variable of a dataframe 
 There's probably a shorter way but below works
and doesn't require the starting points to be in
the a column.

 <raw_code> <quotation>  "
<D37/+m1p//0c87Ak@example.com>,gmane.os.netbsd.ports.macppc,2.0,<BA728900.1986D%lCLvFXKiVZx8AswE@example.com>,lCLvFXKiVZx8AswE@example.com,,2003-02-14 11:52:32-08:00,Re: For your edification...,"<gmane_tag_quotation_marker> <gmane_tag_quotation> I guess this works as long as all code is consistent about accessing
semaphores, and it probably makes for a more efficient implementation (the
store logic doesn't always need to check for reservations), but it's still
non-obvious.  Especially since stores by _other devices in the system_
(including other CPUs) WILL reset the reservation.

I'm glad I'm not the only one that finds this... surprising.  ;)

 <gmane_tag_closing> <gmane_tag_visual_separator> <gmane_tag_personal_signature>",944.0,539.0,0.0,0.0,369.0,os,netbsd,ports,macppc,11,True,"<span style=""background-color: #e8baba;"">Re: For your edification...</span> <br> <hr size=""2""> <span style=""background-color: #e8baba;""> </span><span style=""background-color: #edebeb;color: #999999;"">quotation</span><span style=""background-color: #e8baba;""><br> I guess this works as long as all code is consistent about accessing<br>semaphores, and it probably makes for a more efficient implementation (the<br>store logic doesn't always need to check for reservations), but it's still<br>non-obvious.  Especially since stores by _other devices in the system_<br>(including other CPUs) WILL reset the reservation.<br><br>I'm glad I'm not the only one that finds this... surprising.  ;)<br><br> </span><span style=""background-color: #edebeb;color: #999999;"">closing</span><span style=""background-color: #e8baba;""><br>  </span>",29,"Re: For your edification... 
  <quotation> I guess this works as long as all code is consistent about accessing
semaphores, and it probably makes for a more efficient implementation (the
store logic doesn't always need to check for reservations), but it's still
non-obvious.  Especially since stores by _other devices in the system_
(including other CPUs) WILL reset the reservation.

I'm glad I'm not the only one that finds this... surprising.  ;)

 <closing>  "
,gmane.comp.web.phpgroupware.documentation,,<+7pKDauamaHF8Pgx@example.com>,NRlpc80LgkMqod9s@example.com,,2005-12-13 00:50:21+11:00,[patch #2740] adding accounts fails,"Update of patch #2740 (project phpgroupware):

 <gmane_tag_tabular> <gmane_tag_visual_separator> <gmane_tag_section_heading> Wasn't closed, closing now

 <gmane_tag_visual_separator> <gmane_tag_mua_signature> <gmane_tag_visual_separator> <gmane_tag_mua_signature>",569.0,263.0,0.0,0.0,0.0,comp,web,phpgroupware,documentation,dev1,False,"<span style=""background-color: #e8baba;"">[patch #2740] adding accounts fails</span> <br> <hr size=""2""> <span style=""background-color: #e8baba;"">Update of patch #2740 (project phpgroupware):<br><br> </span><span style=""background-color: #edebeb;color: #999999;"">tabular</span><span style=""background-color: #e8baba;""><br>   Wasn't closed, closing now<br><br>    </span>",30,"[patch #2740] adding accounts fails 
 Update of patch #2740 (project phpgroupware):

 <tabular>   Wasn't closed, closing now

    "
,gmane.culture.cars.volkswagen.diesel,,<S4duJfHbMDOE3fnW@example.com>,2L5xa1EbRQZfHKqH@example.com,,2003-08-14 16:16:27-07:00,Re: AC pivot bolt,"<gmane_tag_quotation_marker> <gmane_tag_quotation> As I recall, I was able to get a wrench on the nut and a socket on the head of the bolt.  It was about 7 years ago that I did
this and I no longer have the vehicle or took any pictures, so I put what I remembered on my page.  It all seemed pretty obvious
when you got it all open and looked at what was happening for it to loosen and fail so often.  I also may have tapped threads
for the new bolt in the larger holes, too.

 <gmane_tag_visual_separator> <gmane_tag_personal_signature>",1886.0,536.0,0.0,0.0,1449.0,culture,cars,volkswagen,diesel,other1,False,"<span style=""background-color: #e8baba;"">Re: AC pivot bolt</span> <br> <hr size=""2""> <span style=""background-color: #e8baba;""> </span><span style=""background-color: #edebeb;color: #999999;"">quotation</span><span style=""background-color: #e8baba;""><br> As I recall, I was able to get a wrench on the nut and a socket on the head of the bolt.  It was about 7 years ago that I did<br>this and I no longer have the vehicle or took any pictures, so I put what I remembered on my page.  It all seemed pretty obvious<br>when you got it all open and looked at what was happening for it to loosen and fail so often.  I also may have tapped threads<br>for the new bolt in the larger holes, too.<br><br>  </span>",31,"Re: AC pivot bolt 
  <quotation> As I recall, I was able to get a wrench on the nut and a socket on the head of the bolt.  It was about 7 years ago that I did
this and I no longer have the vehicle or took any pictures, so I put what I remembered on my page.  It all seemed pretty obvious
when you got it all open and looked at what was happening for it to loosen and fail so often.  I also may have tapped threads
for the new bolt in the larger holes, too.

  "
<eaaItJcz7/pE/48P@example.com>,gmane.comp.emulators.kvm.devel,4.0,<JgFxncSIZ1m32aRB@example.com>,5eAnz+93AmWjqQYm@example.com,e+XI2Bjz5/7DdhjN@example.com,2009-06-10 16:29:49-03:00,"Re: [KVM-AUTOTEST PATCH 04/06] VM.create(): always destroy() the
 VM before attempting to start it",<gmane_tag_quotation_marker> <gmane_tag_quotation> <gmane_tag_log_data> <gmane_tag_quotation> <gmane_tag_personal_signature> <gmane_tag_visual_separator> <gmane_tag_mua_signature>,1621.0,179.0,18.0,0.0,1333.0,comp,emulators,kvm,devel,10,True,"<span style=""background-color: #e8baba;"">Re: [KVM-AUTOTEST PATCH 04/06] VM.create(): always destroy() the
 VM before attempting to start it</span> <br> <hr size=""2""> <span style=""background-color: #e8baba;""> </span><span style=""background-color: #edebeb;color: #999999;"">quotation</span><span style=""background-color: #e8baba;""><br> </span><span style=""background-color: #edebeb;color: #999999;"">log</span><span style=""background-color: #e8baba;""><br> </span><span style=""background-color: #edebeb;color: #999999;"">quotation</span><span style=""background-color: #e8baba;""><br>   </span>",32,"Re: [KVM-AUTOTEST PATCH 04/06] VM.create(): always destroy() the
 VM before attempting to start it 
  <quotation> <log_data> <quotation>   "
<J8IGm1h1yEdIxDUP@example.com>,gmane.comp.handhelds.maemo.devel,9.0,<OSqUh+xJI3f+wMv6@example.com>,zzOJg7BI6FciAAQf@example.com,A57rx58kBqf1QhM1@example.com,2008-10-23 20:38:28-05:00,Re: Installing scratchbox on Fedora 8: PERMISSION PROBLEMS,"<gmane_tag_quotation_marker> <gmane_tag_quotation> Thanks for your response (and from the others as well!).  You mentioned 
those two issues, but what about the problem I had with permissions on 
'/tmp'?

Hmmm...I believe that I am running the newest version (4.1.1?).  To be 
honest with you, I don't recall seeing messages to that effect, but they 
could have been there -- I was almost totally relying on the 
'INSTALL.TXT' that I found on the website where I was reading how to 
install this -- and it did not mention these 'gotchas'.

Oddly, even though I made progress, I eventually hit a brick wall.  I 
was able to install Python2.5, but I was not able to compile a python 
library (i.e. PyEphem) for it -- on both the 'ARM' and 'i386' side.  I 
was forced to return to my (awkward) Debian PC installation (Kubuntu) 
and got further there (although I had 'fun' there as well).  In the end, 
though, I did not accomplish my final goal -- I was able to start the 
Xephyr desktop in scratchbox, but in doing so the graphics (window) 
totally covered my CLI -- so I was not able to see the 'error messages' 
that I was hoping to see.

As well, the 'default' Python invoked is 2.3, and I was not sure how to 
make sure that 2.5 was the one being used when I ran Python programs on 
the Xephyr desktop emulator.

Anyone have any thoughts on these other issues?

 <gmane_tag_closing>",2172.0,1384.0,0.0,0.0,847.0,comp,handhelds,maemo,devel,11,True,"<span style=""background-color: #e8baba;"">Re: Installing scratchbox on Fedora 8: PERMISSION PROBLEMS</span> <br> <hr size=""2""> <span style=""background-color: #e8baba;""> </span><span style=""background-color: #edebeb;color: #999999;"">quotation</span><span style=""background-color: #e8baba;""><br> Thanks for your response (and from the others as well!).  You mentioned <br>those two issues, but what about the problem I had with permissions on <br>'/tmp'?<br><br>Hmmm...I believe that I am running the newest version (4.1.1?).  To be <br>honest with you, I don't recall seeing messages to that effect, but they <br>could have been there -- I was almost totally relying on the <br>'INSTALL.TXT' that I found on the website where I was reading how to <br>install this -- and it did not mention these 'gotchas'.<br><br>Oddly, even though I made progress, I eventually hit a brick wall.  I <br>was able to install Python2.5, but I was not able to compile a python <br>library (i.e. PyEphem) for it -- on both the 'ARM' and 'i386' side.  I <br>was forced to return to my (awkward) Debian PC installation (Kubuntu) <br>and got further there (although I had 'fun' there as well).  In the end, <br>though, I did not accomplish my final goal -- I was able to start the <br>Xephyr desktop in scratchbox, but in doing so the graphics (window) <br>totally covered my CLI -- so I was not able to see the 'error messages' <br>that I was hoping to see.<br><br>As well, the 'default' Python invoked is 2.3, and I was not sure how to <br>make sure that 2.5 was the one being used when I ran Python programs on <br>the Xephyr desktop emulator.<br><br>Anyone have any thoughts on these other issues?<br><br> </span><span style=""background-color: #edebeb;color: #999999;"">closing</span><span style=""background-color: #e8baba;""><br></span>",33,"Re: Installing scratchbox on Fedora 8: PERMISSION PROBLEMS 
  <quotation> Thanks for your response (and from the others as well!).  You mentioned 
those two issues, but what about the problem I had with permissions on 
'/tmp'?

Hmmm...I believe that I am running the newest version (4.1.1?).  To be 
honest with you, I don't recall seeing messages to that effect, but they 
could have been there -- I was almost totally relying on the 
'INSTALL.TXT' that I found on the website where I was reading how to 
install this -- and it did not mention these 'gotchas'.

Oddly, even though I made progress, I eventually hit a brick wall.  I 
was able to install Python2.5, but I was not able to compile a python 
library (i.e. PyEphem) for it -- on both the 'ARM' and 'i386' side.  I 
was forced to return to my (awkward) Debian PC installation (Kubuntu) 
and got further there (although I had 'fun' there as well).  In the end, 
though, I did not accomplish my final goal -- I was able to start the 
Xephyr desktop in scratchbox, but in doing so the graphics (window) 
totally covered my CLI -- so I was not able to see the 'error messages' 
that I was hoping to see.

As well, the 'default' Python invoked is 2.3, and I was not sure how to 
make sure that 2.5 was the one being used when I ran Python programs on 
the Xephyr desktop emulator.

Anyone have any thoughts on these other issues?

 <closing>"
<vgSvCR1Lj2btDhDb@example.com>,gmane.comp.lang.perl.bio.general,0.0,<vgSvCR1Lj2btDhDb@example.com>,zYlCtffIbM4lVAmH@example.com,,2003-11-04 11:02:31+00:00,RPSblast and existing BLAST packages (WAS: RemoteBlast),"I'm not sure - here are some random musings
It seems easier to organize the modules by program package rather than
by program function - for example,
Smith-Waterman modules are distinct from Blast modules even though the
programs have similar aims. If we're going to have
a uniform access to Remote Blast and standalone blast then one way might
be to have BlastQuery class with common parameter
setting methods, and methods such as
   run_remote_blast
   run_local_blast
    which access the implementing code as appropriate. But this might be
a pain to implement without breaking everyone's existing code.

Or, since standaloneblast uses autoload
we could just add alternative allowable names for methods so that
$factory->p('blastn') and $factory->program('blastn')are treated the
same. Having method names the same as the header names in the blast URI
documentation might be best as I would suspect that everyone has used
the web interface but not everyone uses standalone blast.

 <gmane_tag_closing> <gmane_tag_visual_separator> <gmane_tag_personal_signature>",1218.0,1064.0,0.0,0.0,0.0,comp,lang,perl,bio,1,True,"<span style=""background-color: #e8baba;"">RPSblast and existing BLAST packages (WAS: RemoteBlast)</span> <br> <hr size=""2""> <span style=""background-color: #e8baba;"">I'm not sure - here are some random musings<br>It seems easier to organize the modules by program package rather than<br>by program function - for example,<br>Smith-Waterman modules are distinct from Blast modules even though the<br>programs have similar aims. If we're going to have<br>a uniform access to Remote Blast and standalone blast then one way might<br>be to have BlastQuery class with common parameter<br>setting methods, and methods such as<br>   run_remote_blast<br>   run_local_blast<br>    which access the implementing code as appropriate. But this might be<br>a pain to implement without breaking everyone's existing code.<br><br>Or, since standaloneblast uses autoload<br>we could just add alternative allowable names for methods so that<br>$factory-]<br>p('blastn') and $factory-]<br>program('blastn')are treated the<br>same. Having method names the same as the header names in the blast URI<br>documentation might be best as I would suspect that everyone has used<br>the web interface but not everyone uses standalone blast.<br><br> </span><span style=""background-color: #edebeb;color: #999999;"">closing</span><span style=""background-color: #e8baba;""><br>  </span>",34,"RPSblast and existing BLAST packages (WAS: RemoteBlast) 
 I'm not sure - here are some random musings
It seems easier to organize the modules by program package rather than
by program function - for example,
Smith-Waterman modules are distinct from Blast modules even though the
programs have similar aims. If we're going to have
a uniform access to Remote Blast and standalone blast then one way might
be to have BlastQuery class with common parameter
setting methods, and methods such as
   run_remote_blast
   run_local_blast
    which access the implementing code as appropriate. But this might be
a pain to implement without breaking everyone's existing code.

Or, since standaloneblast uses autoload
we could just add alternative allowable names for methods so that
$factory->p('blastn') and $factory->program('blastn')are treated the
same. Having method names the same as the header names in the blast URI
documentation might be best as I would suspect that everyone has used
the web interface but not everyone uses standalone blast.

 <closing>  "
<ki5iCZPKdQ3we12W@example.com>,gmane.comp.lang.javascript.jquery,2.0,<2GWI/k582nf+FKUR@example.com>,Qi0V1SaTBZWjWiV0@example.com,lSkSrBEze/0AsLFl@example.com,2009-09-25 05:10:19-07:00,Re: Parse encoded HTML in XML <content> node,"<gmane_tag_salutation> Here's the js:

 <gmane_tag_raw_code> <gmane_tag_patch> <gmane_tag_raw_code> and here's a slimmed-down version of my XML file (this would be
contained in ""sample.xml""):

 <gmane_tag_raw_code> <gmane_tag_log_data> <gmane_tag_raw_code> <gmane_tag_log_data> <gmane_tag_raw_code> <gmane_tag_quotation_marker> <gmane_tag_quotation>",2445.0,349.0,133.0,987.0,1172.0,comp,lang,javascript,jquery,10,True,"<span style=""background-color: #e8baba;"">Re: Parse encoded HTML in XML <content> node</span> <br> <hr size=""2""> <span style=""background-color: #e8baba;""></span><span style=""background-color: #edebeb;color: #999999;"">salutation</span><span style=""background-color: #e8baba;""><br> Here's the js:<br><br> </span><span style=""background-color: #edebeb;color: #999999;"">code</span><span style=""background-color: #e8baba;""><br>  </span><span style=""background-color: #edebeb;color: #999999;"">code</span><span style=""background-color: #e8baba;""><br> and here's a slimmed-down version of my XML file (this would be<br>contained in ""sample.xml""):<br><br> </span><span style=""background-color: #edebeb;color: #999999;"">code</span><span style=""background-color: #e8baba;""><br> </span><span style=""background-color: #edebeb;color: #999999;"">log</span><span style=""background-color: #e8baba;""><br> </span><span style=""background-color: #edebeb;color: #999999;"">code</span><span style=""background-color: #e8baba;""><br> </span><span style=""background-color: #edebeb;color: #999999;"">log</span><span style=""background-color: #e8baba;""><br> </span><span style=""background-color: #edebeb;color: #999999;"">code</span><span style=""background-color: #e8baba;""><br>  </span><span style=""background-color: #edebeb;color: #999999;"">quotation</span><span style=""background-color: #e8baba;""><br></span>",35,"Re: Parse encoded HTML in XML <content> node 
 <salutation> Here's the js:

 <raw_code>  <raw_code> and here's a slimmed-down version of my XML file (this would be
contained in ""sample.xml""):

 <raw_code> <log_data> <raw_code> <log_data> <raw_code>  <quotation>"
<VsIM73M6YOciRsEz@example.com>,gmane.comp.gnome.gtkmm,2.0,<WngNDKUniuNSsFs0@example.com>,yxyB0bKU0xm6fUR5@example.com,"4Gg9qVSBaY+HImAl@example.com,FAan6wgBUl16xzww@example.com",2009-03-25 08:26:49-03:00,Re: Platform identify,"Thank you, WIN32 and _WIN32 worked well.
Which should I use? Where I find documentation?

 <gmane_tag_closing> <gmane_tag_quotation_marker> <gmane_tag_quotation> <gmane_tag_visual_separator> <gmane_tag_mua_signature>",996.0,216.0,0.0,0.0,744.0,comp,gnome,gtkmm,,10,True,"<span style=""background-color: #e8baba;"">Re: Platform identify</span> <br> <hr size=""2""> <span style=""background-color: #e8baba;"">Thank you, WIN32 and _WIN32 worked well.<br>Which should I use? Where I find documentation?<br><br> </span><span style=""background-color: #edebeb;color: #999999;"">closing</span><span style=""background-color: #e8baba;""><br>  </span><span style=""background-color: #edebeb;color: #999999;"">quotation</span><span style=""background-color: #e8baba;""><br>  </span>",36,"Re: Platform identify 
 Thank you, WIN32 and _WIN32 worked well.
Which should I use? Where I find documentation?

 <closing>  <quotation>  "
<WILByi2h7JMJxeHd@example.com>,gmane.linux.debian.devel.bugs.general,1.0,<FhK9XgQyd1OBF/UJ@example.com>,nvryXKu2p9sxV0oD@example.com,"NR/t2frynVXiN0bQ@example.com,D2BiMGiNxqrW0gVm@example.com",2007-06-18 18:04:36-04:00,Bug#429466: gwenview crashed on menu entering,"<gmane_tag_salutation> Thanks for the report. Could you explain exactly what you mean by the 
Modules menu? Do you mean the list of KIPI plugins for 
activation/deactivation, or something else?

Also, please update your libkipi0 and kipi-plugins to the versions 
available in unstable, and tell me if the problem is affected.

 <gmane_tag_closing> <gmane_tag_quotation_marker> <gmane_tag_quotation>",6429.0,398.0,0.0,0.0,6090.0,linux,debian,devel,bugs,0,True,"<span style=""background-color: #e8baba;"">Bug#429466: gwenview crashed on menu entering</span> <br> <hr size=""2""> <span style=""background-color: #e8baba;""></span><span style=""background-color: #edebeb;color: #999999;"">salutation</span><span style=""background-color: #e8baba;""><br> Thanks for the report. Could you explain exactly what you mean by the <br>Modules menu? Do you mean the list of KIPI plugins for <br>activation/deactivation, or something else?<br><br>Also, please update your libkipi0 and kipi-plugins to the versions <br>available in unstable, and tell me if the problem is affected.<br><br> </span><span style=""background-color: #edebeb;color: #999999;"">closing</span><span style=""background-color: #e8baba;""><br>  </span><span style=""background-color: #edebeb;color: #999999;"">quotation</span><span style=""background-color: #e8baba;""><br></span>",37,"Bug#429466: gwenview crashed on menu entering 
 <salutation> Thanks for the report. Could you explain exactly what you mean by the 
Modules menu? Do you mean the list of KIPI plugins for 
activation/deactivation, or something else?

Also, please update your libkipi0 and kipi-plugins to the versions 
available in unstable, and tell me if the problem is affected.

 <closing>  <quotation>"
<ZSVxWX+v2uObpqSD@example.com>,gmane.comp.web.wiki.dokuwiki.general,7.0,<P2+Tag/T094AF4CM@example.com>,RTlTIYOhzVsTRw77@example.com,,2006-09-11 23:42:09+02:00,Re: Problems with home directory install,"Just one thing that it appears that everyone knows but that can't
be stressed enough.

Many of us only have ftp and web access to our sites.

So we can hack config files at home and upload to the site
but we can't run any scripts, except via the web on the site.

And quite often it's hard to convince the host admins to hack
http.conf or php.ini on request.

So please please, don't forget us poor bastards who have to live
with what we have.

 <gmane_tag_closing> ps.
I have to admit that I actually can, since I have a local install
at home on my own server and uses weex to update the main site.
But the problems are common.
ds.


 <gmane_tag_visual_separator> <gmane_tag_mua_signature>",703.0,690.0,0.0,0.0,0.0,comp,web,wiki,dokuwiki,11,True,"<span style=""background-color: #e8baba;"">Re: Problems with home directory install</span> <br> <hr size=""2""> <span style=""background-color: #e8baba;"">Just one thing that it appears that everyone knows but that can't<br>be stressed enough.<br><br>Many of us only have ftp and web access to our sites.<br><br>So we can hack config files at home and upload to the site<br>but we can't run any scripts, except via the web on the site.<br><br>And quite often it's hard to convince the host admins to hack<br>http.conf or php.ini on request.<br><br>So please please, don't forget us poor bastards who have to live<br>with what we have.<br><br> </span><span style=""background-color: #edebeb;color: #999999;"">closing</span><span style=""background-color: #e8baba;""><br> ps.<br>I have to admit that I actually can, since I have a local install<br>at home on my own server and uses weex to update the main site.<br>But the problems are common.<br>ds.<br><br><br>  </span>",38,"Re: Problems with home directory install 
 Just one thing that it appears that everyone knows but that can't
be stressed enough.

Many of us only have ftp and web access to our sites.

So we can hack config files at home and upload to the site
but we can't run any scripts, except via the web on the site.

And quite often it's hard to convince the host admins to hack
http.conf or php.ini on request.

So please please, don't forget us poor bastards who have to live
with what we have.

 <closing> ps.
I have to admit that I actually can, since I have a local install
at home on my own server and uses weex to update the main site.
But the problems are common.
ds.


  "
<Oi5oSZN2csGZLwSi@example.com>,gmane.linux.debian.devel.boot,2.0,<H7XzkaPTq0xqkymi@example.com>,ISMVDYNBD+3yH+lI@example.com,,2006-07-15 15:40:17+02:00,"Re: ppp-udeb debconf translations and D-I ""levels""","<gmane_tag_quotation_marker> <gmane_tag_quotation> I'm not sure I understand the rationale there but I guess these are
valid reasons. Another possibility would be someone (thinking about
Eddy here) who could act as a proxy between translators and
you...aviding numerous bug reports, at least in the early weeks.

 <gmane_tag_quotation> OK, then, but a ""couple of months"" brings us quite close from the
freeze of D-I...:-)

D-I Translators are used to moving targets and, given the work that
has been put in carefully writing the current strings, the change I
see is probably more additionnal strings, which is not that a big
deal.",1127.0,630.0,0.0,0.0,571.0,linux,debian,devel,boot,11,True,"<span style=""background-color: #e8baba;"">Re: ppp-udeb debconf translations and D-I ""levels""</span> <br> <hr size=""2""> <span style=""background-color: #e8baba;""> </span><span style=""background-color: #edebeb;color: #999999;"">quotation</span><span style=""background-color: #e8baba;""><br> I'm not sure I understand the rationale there but I guess these are<br>valid reasons. Another possibility would be someone (thinking about<br>Eddy here) who could act as a proxy between translators and<br>you...aviding numerous bug reports, at least in the early weeks.<br><br> </span><span style=""background-color: #edebeb;color: #999999;"">quotation</span><span style=""background-color: #e8baba;""><br> OK, then, but a ""couple of months"" brings us quite close from the<br>freeze of D-I...:-)<br><br>D-I Translators are used to moving targets and, given the work that<br>has been put in carefully writing the current strings, the change I<br>see is probably more additionnal strings, which is not that a big<br>deal.</span>",39,"Re: ppp-udeb debconf translations and D-I ""levels"" 
  <quotation> I'm not sure I understand the rationale there but I guess these are
valid reasons. Another possibility would be someone (thinking about
Eddy here) who could act as a proxy between translators and
you...aviding numerous bug reports, at least in the early weeks.

 <quotation> OK, then, but a ""couple of months"" brings us quite close from the
freeze of D-I...:-)

D-I Translators are used to moving targets and, given the work that
has been put in carefully writing the current strings, the change I
see is probably more additionnal strings, which is not that a big
deal."
<scdgmvrL06QgAI56@example.com>,gmane.linux.redhat.fedora.general,0.0,<scdgmvrL06QgAI56@example.com>,94/XCINg7CBUQIiB@example.com,,2005-01-28 22:40:31-05:00,k3b-mp3 for x86_64?,"OK... I LOVE FC3! and this is the last problem I have before my setup is 
perfect. I can't burn mp3's to an audio cd in k3b. It gives me the 
notorious ""format not supported"" error. I have 64-bit versions of k3b 
and all the helper programs (transcode, vcdimager, etc) installed. On my 
old i386 box it was as simple as getting the k3b-mp3 rpm from yum but 
unfortunately, there is not one for x86_64?

I've searched long and hard and have only found one fix to try... It 
didn't work. I could probably alleviate the problem by just getting rid 
of the x86_64 versions and installing the i386 rpm's but then what's the 
point of having a 64-bit OS when I can't utilize it!

If I can get my hands on the source for k3b-mp3, how would I compile it 
for x86_64?

Any suggestions?
 <gmane_tag_visual_separator> <gmane_tag_personal_signature> <gmane_tag_visual_separator> <gmane_tag_personal_signature> <gmane_tag_visual_separator> <gmane_tag_mua_signature>",1087.0,952.0,0.0,0.0,0.0,linux,redhat,fedora,general,1,True,"<span style=""background-color: #e8baba;"">k3b-mp3 for x86_64?</span> <br> <hr size=""2""> <span style=""background-color: #e8baba;"">OK... I LOVE FC3! and this is the last problem I have before my setup is <br>perfect. I can't burn mp3's to an audio cd in k3b. It gives me the <br>notorious ""format not supported"" error. I have 64-bit versions of k3b <br>and all the helper programs (transcode, vcdimager, etc) installed. On my <br>old i386 box it was as simple as getting the k3b-mp3 rpm from yum but <br>unfortunately, there is not one for x86_64?<br><br>I've searched long and hard and have only found one fix to try... It <br>didn't work. I could probably alleviate the problem by just getting rid <br>of the x86_64 versions and installing the i386 rpm's but then what's the <br>point of having a 64-bit OS when I can't utilize it!<br><br>If I can get my hands on the source for k3b-mp3, how would I compile it <br>for x86_64?<br><br>Any suggestions?<br>      </span>",40,"k3b-mp3 for x86_64? 
 OK... I LOVE FC3! and this is the last problem I have before my setup is 
perfect. I can't burn mp3's to an audio cd in k3b. It gives me the 
notorious ""format not supported"" error. I have 64-bit versions of k3b 
and all the helper programs (transcode, vcdimager, etc) installed. On my 
old i386 box it was as simple as getting the k3b-mp3 rpm from yum but 
unfortunately, there is not one for x86_64?

I've searched long and hard and have only found one fix to try... It 
didn't work. I could probably alleviate the problem by just getting rid 
of the x86_64 versions and installing the i386 rpm's but then what's the 
point of having a 64-bit OS when I can't utilize it!

If I can get my hands on the source for k3b-mp3, how would I compile it 
for x86_64?

Any suggestions?
      "
<mbDtIG6qVLC6txQK@example.com>,gmane.comp.window-managers.ion.general,1.0,<zfwoBNOORtk/oKjc@example.com>,gSK0zZmDUmOGhpAR@example.com,,2003-06-17 17:52:43-04:00,Re: libtool usage in Ion and FreeBSD WAS ion-devel-20030617 (2d50),"<gmane_tag_salutation> I downloaded the most recent version (my first update since the
ion-devel-20030531 snapshot) and am having some problems with
compiling due to its usage of libtool in ioncore/modules.c.

It appears that there are defines and functions called that are
libtool 1.4 specific. The problem with this is that I use FreeBSD,
and they are currently still using 1.3.4 in their ports system. I
searched around to see why this is the case since that's pretty out
of date, and this post basically explains it:

http://docs.FreeBSD.org/cgi/getmsg.cgi?fetch=900639+0+/usr/local/www/db/text/2003/freebsd-ports/20030413.freebsd-ports

(sorry about the long URL). The short of it is that they are
working on the update, but it's not there yet because it is a big
job due to all the other software which depends on it.

Is this a case where I am stuck until FreeBSD gets up to date, or is
using 1.3.4 an easy task? I've included, to the best of my ability,
the functions and defines which give a problem, if this helps at all. 
Just curious about what your thoughts on this are. I hope that I've
diagnosed the problem correctly, I'm no expert on any of this.

Thanks much for Ion.
 <gmane_tag_closing> libtool problems in ioncore/modules.c:

 <gmane_tag_log_data> <gmane_tag_raw_code> functions:
  lt_dlgetinfo
  lt_dlcaller_register
  lt_dlcaller_set_data
  lt_dlgetinfo
 <gmane_tag_raw_code>   lt_dlinsertsearchdir",1382.0,1421.0,9.0,45.0,0.0,comp,window-managers,ion,general,1,True,"<span style=""background-color: #e8baba;"">Re: libtool usage in Ion and FreeBSD WAS ion-devel-20030617 (2d50)</span> <br> <hr size=""2""> <span style=""background-color: #e8baba;""></span><span style=""background-color: #edebeb;color: #999999;"">salutation</span><span style=""background-color: #e8baba;""><br> I downloaded the most recent version (my first update since the<br>ion-devel-20030531 snapshot) and am having some problems with<br>compiling due to its usage of libtool in ioncore/modules.c.<br><br>It appears that there are defines and functions called that are<br>libtool 1.4 specific. The problem with this is that I use FreeBSD,<br>and they are currently still using 1.3.4 in their ports system. I<br>searched around to see why this is the case since that's pretty out<br>of date, and this post basically explains it:<br><br>http://docs.FreeBSD.org/cgi/getmsg.cgi?fetch=900639+0+/usr/local/www/db/text/2003/freebsd-ports/20030413.freebsd-ports<br><br>(sorry about the long URL). The short of it is that they are<br>working on the update, but it's not there yet because it is a big<br>job due to all the other software which depends on it.<br><br>Is this a case where I am stuck until FreeBSD gets up to date, or is<br>using 1.3.4 an easy task? I've included, to the best of my ability,<br>the functions and defines which give a problem, if this helps at all. <br>Just curious about what your thoughts on this are. I hope that I've<br>diagnosed the problem correctly, I'm no expert on any of this.<br><br>Thanks much for Ion.<br> </span><span style=""background-color: #edebeb;color: #999999;"">closing</span><span style=""background-color: #e8baba;""><br> libtool problems in ioncore/modules.c:<br><br> </span><span style=""background-color: #edebeb;color: #999999;"">log</span><span style=""background-color: #e8baba;""><br> </span><span style=""background-color: #edebeb;color: #999999;"">code</span><span style=""background-color: #e8baba;""><br> functions:<br>  lt_dlgetinfo<br>  lt_dlcaller_register<br>  lt_dlcaller_set_data<br>  lt_dlgetinfo<br> </span><span style=""background-color: #edebeb;color: #999999;"">code</span><span style=""background-color: #e8baba;""><br>   lt_dlinsertsearchdir</span>",41,"Re: libtool usage in Ion and FreeBSD WAS ion-devel-20030617 (2d50) 
 <salutation> I downloaded the most recent version (my first update since the
ion-devel-20030531 snapshot) and am having some problems with
compiling due to its usage of libtool in ioncore/modules.c.

It appears that there are defines and functions called that are
libtool 1.4 specific. The problem with this is that I use FreeBSD,
and they are currently still using 1.3.4 in their ports system. I
searched around to see why this is the case since that's pretty out
of date, and this post basically explains it:

http://docs.FreeBSD.org/cgi/getmsg.cgi?fetch=900639+0+/usr/local/www/db/text/2003/freebsd-ports/20030413.freebsd-ports

(sorry about the long URL). The short of it is that they are
working on the update, but it's not there yet because it is a big
job due to all the other software which depends on it.

Is this a case where I am stuck until FreeBSD gets up to date, or is
using 1.3.4 an easy task? I've included, to the best of my ability,
the functions and defines which give a problem, if this helps at all. 
Just curious about what your thoughts on this are. I hope that I've
diagnosed the problem correctly, I'm no expert on any of this.

Thanks much for Ion.
 <closing> libtool problems in ioncore/modules.c:

 <log_data> <raw_code> functions:
  lt_dlgetinfo
  lt_dlcaller_register
  lt_dlcaller_set_data
  lt_dlgetinfo
 <raw_code>   lt_dlinsertsearchdir"
<d8H7hfGqwSnl2TQZ@example.com>,gmane.os.freebsd.stable,1.0,<Qz2stPPBZaib0Ylx@example.com>,52vIP3nIDjyeBLrB@example.com,,2003-10-01 18:51:35-07:00,"Re: latest cvsup to stable kernel build fall down, go boom","<gmane_tag_quotation_marker> <gmane_tag_quotation> Back out rev 1.187.2.22 of src/sys/vm/vm_map.c. I suspect silby is getting
tons of hate mail by now :)

 <gmane_tag_visual_separator> <gmane_tag_personal_signature> <gmane_tag_visual_separator> <gmane_tag_mua_signature>",816.0,270.0,0.0,0.0,380.0,os,freebsd,stable,,0,True,"<span style=""background-color: #e8baba;"">Re: latest cvsup to stable kernel build fall down, go boom</span> <br> <hr size=""2""> <span style=""background-color: #e8baba;""> </span><span style=""background-color: #edebeb;color: #999999;"">quotation</span><span style=""background-color: #e8baba;""><br> Back out rev 1.187.2.22 of src/sys/vm/vm_map.c. I suspect silby is getting<br>tons of hate mail by now :)<br><br>    </span>",42,"Re: latest cvsup to stable kernel build fall down, go boom 
  <quotation> Back out rev 1.187.2.22 of src/sys/vm/vm_map.c. I suspect silby is getting
tons of hate mail by now :)

    "
<WqJbpar1sH7aH2S0@example.com>,gmane.ietf.dhc,0.0,<WqJbpar1sH7aH2S0@example.com>,W64AiOWfIJ94W3q+@example.com,BnQOIRG4RROCY+Up@example.com,2009-09-28 19:07:23+00:00,draft-ietf-dhc-dhcpv6-netboot-05,"I would like to see this draft advance to enable us to have everything needed in implementing IPv6 PXE boot. Thanks,

 <gmane_tag_closing> <gmane_tag_personal_signature> <gmane_tag_visual_separator> <gmane_tag_mua_signature>",352.0,224.0,0.0,0.0,0.0,ietf,dhc,,,0,True,"<span style=""background-color: #e8baba;"">draft-ietf-dhc-dhcpv6-netboot-05</span> <br> <hr size=""2""> <span style=""background-color: #e8baba;"">I would like to see this draft advance to enable us to have everything needed in implementing IPv6 PXE boot. Thanks,<br><br> </span><span style=""background-color: #edebeb;color: #999999;"">closing</span><span style=""background-color: #e8baba;""><br>   </span>",43,"draft-ietf-dhc-dhcpv6-netboot-05 
 I would like to see this draft advance to enable us to have everything needed in implementing IPv6 PXE boot. Thanks,

 <closing>   "
</5o9QLoSnabuBX8u@example.com>,gmane.org.user-groups.mlug.main,1.0,<x8f8A9ESw1LO6a9C@example.com>,Jka4AxYTJ3njFtqD@example.com,,2003-06-27 16:11:16+10:00,Re: What is the topic(s) for tonight's meeting?,"<gmane_tag_quotation_marker> <gmane_tag_quotation> Gawain Lynch is giving an advanced talk on TCP/IP and firewalling with
iptables.

 <gmane_tag_personal_signature>",198.0,164.0,0.0,0.0,103.0,org,user-groups,mlug,main,0,True,"<span style=""background-color: #e8baba;"">Re: What is the topic(s) for tonight's meeting?</span> <br> <hr size=""2""> <span style=""background-color: #e8baba;""> </span><span style=""background-color: #edebeb;color: #999999;"">quotation</span><span style=""background-color: #e8baba;""><br> Gawain Lynch is giving an advanced talk on TCP/IP and firewalling with<br>iptables.<br><br> </span>",44,"Re: What is the topic(s) for tonight's meeting? 
  <quotation> Gawain Lynch is giving an advanced talk on TCP/IP and firewalling with
iptables.

 "
<YbZSKg6C4yCCDOQI@example.com>,gmane.comp.mathematics.sage.support,4.0,<TF0cdCruynAt+iJs@example.com>,z9dXLqp4m/4kdo9c@example.com,+/JCFVirvEA2C0lK@example.com,2008-11-26 01:08:13+01:00,"Re: [sage-support] Re: how to pass a symbolic function
 to python, maxima etc?","<gmane_tag_salutation> both your guesses are absolutely correct. I am surprised that no one has 
asked for it before. It is so convenient to use Sage's symbolic power to 
solve systems of equations and then use the solution in a numerical 
model. In particular, I would like to apply the solutions to arrays of 
data (e.g. time series). It could also be done by a loop, but numpy is a 
lot faster for that. The use of whole arrays for computations is what 
Matlab used to pride itself with, before Fortran got this capability.
I hope that others will find this useful, too.

Thanks for pushing this a bit further.

 <gmane_tag_closing> <gmane_tag_quotation_marker> <gmane_tag_quotation> <gmane_tag_visual_separator> <gmane_tag_mua_signature> <gmane_tag_visual_separator>",2044.0,770.0,0.0,0.0,1068.0,comp,mathematics,sage,support,11,True,"<span style=""background-color: #e8baba;"">Re: [sage-support] Re: how to pass a symbolic function
 to python, maxima etc?</span> <br> <hr size=""2""> <span style=""background-color: #e8baba;""></span><span style=""background-color: #edebeb;color: #999999;"">salutation</span><span style=""background-color: #e8baba;""><br> both your guesses are absolutely correct. I am surprised that no one has <br>asked for it before. It is so convenient to use Sage's symbolic power to <br>solve systems of equations and then use the solution in a numerical <br>model. In particular, I would like to apply the solutions to arrays of <br>data (e.g. time series). It could also be done by a loop, but numpy is a <br>lot faster for that. The use of whole arrays for computations is what <br>Matlab used to pride itself with, before Fortran got this capability.<br>I hope that others will find this useful, too.<br><br>Thanks for pushing this a bit further.<br><br> </span><span style=""background-color: #edebeb;color: #999999;"">closing</span><span style=""background-color: #e8baba;""><br>  </span><span style=""background-color: #edebeb;color: #999999;"">quotation</span><span style=""background-color: #e8baba;""><br>   </span>",45,"Re: [sage-support] Re: how to pass a symbolic function
 to python, maxima etc? 
 <salutation> both your guesses are absolutely correct. I am surprised that no one has 
asked for it before. It is so convenient to use Sage's symbolic power to 
solve systems of equations and then use the solution in a numerical 
model. In particular, I would like to apply the solutions to arrays of 
data (e.g. time series). It could also be done by a loop, but numpy is a 
lot faster for that. The use of whole arrays for computations is what 
Matlab used to pride itself with, before Fortran got this capability.
I hope that others will find this useful, too.

Thanks for pushing this a bit further.

 <closing>  <quotation>   "
,gmane.comp.lib.vtk.user,,<6cunvi$x9RxRemRxKYTrNJH@example.com>,eoQtL1B9DgRBrXi7@example.com,"yWafxFZLPtPF7aK/@example.com,n+zY4uab4Di/uzSD@example.com",2007-11-06 13:06:47-05:00,Re: Re: OK so does ANYONE use the vtkImageTracerWidget?,"okay, here is a bit more... to set up the
vtkcontourWidget to work with a vtkImageActor:

 <gmane_tag_raw_code> <gmane_tag_quotation> and for completeness, heres the answer to the
homework which shows how to associate line topology
with points...

 <gmane_tag_closing> <gmane_tag_raw_code> <gmane_tag_patch> <gmane_tag_raw_code> <gmane_tag_patch> <gmane_tag_raw_code> <gmane_tag_quotation> <gmane_tag_visual_separator> <gmane_tag_mua_signature>",6057.0,444.0,0.0,1188.0,4339.0,comp,lib,vtk,user,dev1,False,"<span style=""background-color: #e8baba;"">Re: Re: OK so does ANYONE use the vtkImageTracerWidget?</span> <br> <hr size=""2""> <span style=""background-color: #e8baba;"">okay, here is a bit more... to set up the<br>vtkcontourWidget to work with a vtkImageActor:<br><br> </span><span style=""background-color: #edebeb;color: #999999;"">code</span><span style=""background-color: #e8baba;""><br> </span><span style=""background-color: #edebeb;color: #999999;"">quotation</span><span style=""background-color: #e8baba;""><br> and for completeness, heres the answer to the<br>homework which shows how to associate line topology<br>with points...<br><br> </span><span style=""background-color: #edebeb;color: #999999;"">closing</span><span style=""background-color: #e8baba;""><br> </span><span style=""background-color: #edebeb;color: #999999;"">code</span><span style=""background-color: #e8baba;""><br>  </span><span style=""background-color: #edebeb;color: #999999;"">code</span><span style=""background-color: #e8baba;""><br>  </span><span style=""background-color: #edebeb;color: #999999;"">code</span><span style=""background-color: #e8baba;""><br> </span><span style=""background-color: #edebeb;color: #999999;"">quotation</span><span style=""background-color: #e8baba;""><br>  </span>",46,"Re: Re: OK so does ANYONE use the vtkImageTracerWidget? 
 okay, here is a bit more... to set up the
vtkcontourWidget to work with a vtkImageActor:

 <raw_code> <quotation> and for completeness, heres the answer to the
homework which shows how to associate line topology
with points...

 <closing> <raw_code>  <raw_code>  <raw_code> <quotation>  "
<54f5pl2zy8vBBNt6@example.com>,gmane.comp.python.numeric.general,2.0,<HlLyN+ZU8XDHQXP0@example.com>,H7UX7QFakplPxgC4@example.com,,2006-11-13 14:25:41-08:00,Re: memmap working?,"Not sure. When I run ""top"" I see the line
Memory: 6016M real, 2895M free, 4174M swap in use, 2427M swap free

Its the second number that drops like a rock. Plus, it never comes back 
until I quit the program. This is a great way to turn my machine into a 
nice desk ornament!

 <gmane_tag_closing> <gmane_tag_quotation_marker> <gmane_tag_quotation> <gmane_tag_visual_separator> <gmane_tag_mua_signature>",1848.0,403.0,0.0,0.0,1189.0,comp,python,numeric,general,10,True,"<span style=""background-color: #e8baba;"">Re: memmap working?</span> <br> <hr size=""2""> <span style=""background-color: #e8baba;"">Not sure. When I run ""top"" I see the line<br>Memory: 6016M real, 2895M free, 4174M swap in use, 2427M swap free<br><br>Its the second number that drops like a rock. Plus, it never comes back <br>until I quit the program. This is a great way to turn my machine into a <br>nice desk ornament!<br><br> </span><span style=""background-color: #edebeb;color: #999999;"">closing</span><span style=""background-color: #e8baba;""><br>  </span><span style=""background-color: #edebeb;color: #999999;"">quotation</span><span style=""background-color: #e8baba;""><br>  </span>",47,"Re: memmap working? 
 Not sure. When I run ""top"" I see the line
Memory: 6016M real, 2895M free, 4174M swap in use, 2427M swap free

Its the second number that drops like a rock. Plus, it never comes back 
until I quit the program. This is a great way to turn my machine into a 
nice desk ornament!

 <closing>  <quotation>  "
<z7pQfOsvzWqsvXhE@example.com>,gmane.os.freebsd.devel.gnome,1.0,<foq21+BfK2yuz4kf@example.com>,htdoSLKBhcozMNTG@example.com,,2003-09-21 19:47:24-04:00,"Re: make install clean for Gnome-2 fails with configure: error: You
	need PTLib's header files to build GnomeMeeting","stacey, use portupgrade.

follow the directions that joe, i, and others have told you.

what you're trying *will not work*.

 <gmane_tag_raw_code> <gmane_tag_log_data> <gmane_tag_closing> <gmane_tag_quotation> <gmane_tag_visual_separator> <gmane_tag_personal_signature> <gmane_tag_raw_code> <gmane_tag_visual_separator> <gmane_tag_mua_signature>",70335.0,345.0,39.0,153.0,69549.0,os,freebsd,devel,gnome,0,True,"<span style=""background-color: #e8baba;"">Re: make install clean for Gnome-2 fails with configure: error: You
	need PTLib's header files to build GnomeMeeting</span> <br> <hr size=""2""> <span style=""background-color: #e8baba;"">stacey, use portupgrade.<br><br>follow the directions that joe, i, and others have told you.<br><br>what you're trying *will not work*.<br><br> </span><span style=""background-color: #edebeb;color: #999999;"">code</span><span style=""background-color: #e8baba;""><br> </span><span style=""background-color: #edebeb;color: #999999;"">log</span><span style=""background-color: #e8baba;""><br> </span><span style=""background-color: #edebeb;color: #999999;"">closing</span><span style=""background-color: #e8baba;""><br> </span><span style=""background-color: #edebeb;color: #999999;"">quotation</span><span style=""background-color: #e8baba;""><br>   </span><span style=""background-color: #edebeb;color: #999999;"">code</span><span style=""background-color: #e8baba;""><br>  </span>",48,"Re: make install clean for Gnome-2 fails with configure: error: You
	need PTLib's header files to build GnomeMeeting 
 stacey, use portupgrade.

follow the directions that joe, i, and others have told you.

what you're trying *will not work*.

 <raw_code> <log_data> <closing> <quotation>   <raw_code>  "
<JdZruo/nNyMA4iRs@example.com>,gmane.comp.version-control.subversion.subclipse.user,2.0,<ITsPRKsFc7gCoAqO@example.com>,Vt2fuwfHfWfWqzpj@example.com,0O/tBWXNhL7wCD3+@example.com,2007-02-22 10:47:08-06:00,Re: Unable to create this part ... Graphic is disposed,"<gmane_tag_quotation_marker> <gmane_tag_quotation> 	It's funny... after I posted the message, I realized I'd done so very 
quickly, and without really reading everything.  Since you and others on this 
list are so quick to reply (much, much faster than ANY other mailing list I'm 
on), I think it sorda got engrained into my brain: ""something's wrong with 
Eclipse?  Post to users@subclipse!""  

	Sadly, the guys that work on PHPEclipse seem to have disappeared, or at least 
are disregarding notices from any sort of list or forum associated with their 
product.  On the bright side, though, I stopped & restared Eclipse, and all 
is good now.  Thanks for the lightning-fast response, as always.  :) 
 <gmane_tag_visual_separator> <gmane_tag_personal_signature>",1330.0,762.0,0.0,0.0,586.0,comp,version-control,subversion,subclipse,11,True,"<span style=""background-color: #e8baba;"">Re: Unable to create this part ... Graphic is disposed</span> <br> <hr size=""2""> <span style=""background-color: #e8baba;""> </span><span style=""background-color: #edebeb;color: #999999;"">quotation</span><span style=""background-color: #e8baba;""><br> 	It's funny... after I posted the message, I realized I'd done so very <br>quickly, and without really reading everything.  Since you and others on this <br>list are so quick to reply (much, much faster than ANY other mailing list I'm <br>on), I think it sorda got engrained into my brain: ""something's wrong with <br>Eclipse?  Post to users@subclipse!""  <br><br>	Sadly, the guys that work on PHPEclipse seem to have disappeared, or at least <br>are disregarding notices from any sort of list or forum associated with their <br>product.  On the bright side, though, I stopped & restared Eclipse, and all <br>is good now.  Thanks for the lightning-fast response, as always.  :) <br>  </span>",49,"Re: Unable to create this part ... Graphic is disposed 
  <quotation> 	It's funny... after I posted the message, I realized I'd done so very 
quickly, and without really reading everything.  Since you and others on this 
list are so quick to reply (much, much faster than ANY other mailing list I'm 
on), I think it sorda got engrained into my brain: ""something's wrong with 
Eclipse?  Post to users@subclipse!""  

	Sadly, the guys that work on PHPEclipse seem to have disappeared, or at least 
are disregarding notices from any sort of list or forum associated with their 
product.  On the bright side, though, I stopped & restared Eclipse, and all 
is good now.  Thanks for the lightning-fast response, as always.  :) 
  "
<DeMIHNvr0DaU38OG@example.com>,gmane.comp.gis.geowanking,3.0,<JEz48GhKCKrO8TaA@example.com>,3xuvi+Lz/ejlgaXZ@example.com,zQiSNCXfTU34Q+Vy@example.com,2008-11-24 13:09:02-05:00,"Re: Can someone share a specification format for
	a	mapping project","XML for Image and map Annotation is still a ""skunk works""  
specification. WMC is widely implemented in software such as  
openlayers. OWC is pretty new, so less implementation right now, but  
will probably be adopted by most of the WMC implementers.
 <gmane_tag_visual_separator> <gmane_tag_personal_signature> <gmane_tag_quotation_marker> <gmane_tag_quotation>",2472.0,363.0,0.0,0.0,2211.0,comp,gis,geowanking,,10,True,"<span style=""background-color: #e8baba;"">Re: Can someone share a specification format for
	a	mapping project</span> <br> <hr size=""2""> <span style=""background-color: #e8baba;"">XML for Image and map Annotation is still a ""skunk works""  <br>specification. WMC is widely implemented in software such as  <br>openlayers. OWC is pretty new, so less implementation right now, but  <br>will probably be adopted by most of the WMC implementers.<br>    </span><span style=""background-color: #edebeb;color: #999999;"">quotation</span><span style=""background-color: #e8baba;""><br></span>",50,"Re: Can someone share a specification format for
	a	mapping project 
 XML for Image and map Annotation is still a ""skunk works""  
specification. WMC is widely implemented in software such as  
openlayers. OWC is pretty new, so less implementation right now, but  
will probably be adopted by most of the WMC implementers.
    <quotation>"
<000001c42937$637db7a0$0b02010a@atesz>,gmane.comp.db.postgresql.sql,1.0,<EH+fFt/7aEdsTyH1@example.com>,nt9ZGlrgJQBM8LIL@example.com,,2004-04-29 15:34:13-04:00,Re: Multi ordered select and indexing,"<gmane_tag_quotation_marker> <gmane_tag_quotation> This is the wrong way to go about it.  A useful descending-order opclass
simply rearranges the logical relationships of the standard comparison
operators.  You do need a new comparison function, but nothing else:

 <gmane_tag_raw_code> <gmane_tag_patch> <gmane_tag_raw_code> Now you can just use ASC/DESC in your ORDER BY ...

 <gmane_tag_closing> <gmane_tag_log_data> <gmane_tag_mua_signature>",1167.0,445.0,73.0,308.0,422.0,comp,db,postgresql,sql,1,True,"<span style=""background-color: #e8baba;"">Re: Multi ordered select and indexing</span> <br> <hr size=""2""> <span style=""background-color: #e8baba;""> </span><span style=""background-color: #edebeb;color: #999999;"">quotation</span><span style=""background-color: #e8baba;""><br> This is the wrong way to go about it.  A useful descending-order opclass<br>simply rearranges the logical relationships of the standard comparison<br>operators.  You do need a new comparison function, but nothing else:<br><br> </span><span style=""background-color: #edebeb;color: #999999;"">code</span><span style=""background-color: #e8baba;""><br>  </span><span style=""background-color: #edebeb;color: #999999;"">code</span><span style=""background-color: #e8baba;""><br> Now you can just use ASC/DESC in your ORDER BY ...<br><br> </span><span style=""background-color: #edebeb;color: #999999;"">closing</span><span style=""background-color: #e8baba;""><br> </span><span style=""background-color: #edebeb;color: #999999;"">log</span><span style=""background-color: #e8baba;""><br> </span>",51,"Re: Multi ordered select and indexing 
  <quotation> This is the wrong way to go about it.  A useful descending-order opclass
simply rearranges the logical relationships of the standard comparison
operators.  You do need a new comparison function, but nothing else:

 <raw_code>  <raw_code> Now you can just use ASC/DESC in your ORDER BY ...

 <closing> <log_data> "
<ZIF+xjXGVFH98Ex+@example.com>,gmane.linux.debian.devel.ocaml,1.0,<20030414100639.GA9121@iliana>,6BD0ABwV4xm8NkAp@example.com,,2003-04-14 12:06:39+02:00,Re: status update?,"<gmane_tag_quotation_marker> <gmane_tag_quotation> Ok, it's time for the monday mini-freeze status again.

Nothing has changed since then, sadly, i have sent a follow up to the
bug report, but i doubt it will help.

Our packages are still, as far i can see, olden up by postgresql and
libvorbis. I believe that the postgresql situation will be fixed nextly,
as the maintainer is actively working on it, still there may be
dependency on perl 5.8 and such, which may block it even if it becomes a
valid candidate.

The libvorbis is more murky, i attach here a partial dependency check,
but it is is not complete and tied in with many really broken packages,
including the new KDE, so i have no hope for a quick solution.

I only see 4 solutions for us going forward :

  o We stop the mini-freeze and don't care about testing anymore.

  o I upload my ocaml-3.06 package, which altough it is not yet the real
    one i wanted, will enter testing because nothing is holding it, and
    with it will go most of the libraries and executable packages.

  o I work more on the ocaml-3.06 package, and do true binary separation
    and parallel installation. I don't really have time for it though.

  o You and Jerome rebuild ocamlsdl and libpgsql with a system
    consisting of testing + ocaml 3.06 packages. This gets uploaded to
    unstable (little breakage of sid maybe, but it should not be long)
 <gmane_tag_log_data>     testing-updates in consideration, but we could make a fuss about it
    so that it get manually included. We upload this with priority high,
    so it needs only two days or such. Or maybe Stefano's woody
    backports will do also.

I don't know how you feel about this, but i guess the fourth solution
seems the easier on (at least for me :))). What do you (Stefano and
Jerome) think about this ? I guess ocamlsdl is buildable in testing, but
what about libpgsql-ocaml ? Will it work with the older postgresql ?

I can do NMU's if you like.

 <gmane_tag_closing>",2113.0,1987.0,70.0,0.0,127.0,linux,debian,devel,ocaml,1,True,"<span style=""background-color: #e8baba;"">Re: status update?</span> <br> <hr size=""2""> <span style=""background-color: #e8baba;""> </span><span style=""background-color: #edebeb;color: #999999;"">quotation</span><span style=""background-color: #e8baba;""><br> Ok, it's time for the monday mini-freeze status again.<br><br>Nothing has changed since then, sadly, i have sent a follow up to the<br>bug report, but i doubt it will help.<br><br>Our packages are still, as far i can see, olden up by postgresql and<br>libvorbis. I believe that the postgresql situation will be fixed nextly,<br>as the maintainer is actively working on it, still there may be<br>dependency on perl 5.8 and such, which may block it even if it becomes a<br>valid candidate.<br><br>The libvorbis is more murky, i attach here a partial dependency check,<br>but it is is not complete and tied in with many really broken packages,<br>including the new KDE, so i have no hope for a quick solution.<br><br>I only see 4 solutions for us going forward :<br><br>  o We stop the mini-freeze and don't care about testing anymore.<br><br>  o I upload my ocaml-3.06 package, which altough it is not yet the real<br>    one i wanted, will enter testing because nothing is holding it, and<br>    with it will go most of the libraries and executable packages.<br><br>  o I work more on the ocaml-3.06 package, and do true binary separation<br>    and parallel installation. I don't really have time for it though.<br><br>  o You and Jerome rebuild ocamlsdl and libpgsql with a system<br>    consisting of testing + ocaml 3.06 packages. This gets uploaded to<br>    unstable (little breakage of sid maybe, but it should not be long)<br> </span><span style=""background-color: #edebeb;color: #999999;"">log</span><span style=""background-color: #e8baba;""><br>     testing-updates in consideration, but we could make a fuss about it<br>    so that it get manually included. We upload this with priority high,<br>    so it needs only two days or such. Or maybe Stefano's woody<br>    backports will do also.<br><br>I don't know how you feel about this, but i guess the fourth solution<br>seems the easier on (at least for me :))). What do you (Stefano and<br>Jerome) think about this ? I guess ocamlsdl is buildable in testing, but<br>what about libpgsql-ocaml ? Will it work with the older postgresql ?<br><br>I can do NMU's if you like.<br><br> </span><span style=""background-color: #edebeb;color: #999999;"">closing</span><span style=""background-color: #e8baba;""><br></span>",52,"Re: status update? 
  <quotation> Ok, it's time for the monday mini-freeze status again.

Nothing has changed since then, sadly, i have sent a follow up to the
bug report, but i doubt it will help.

Our packages are still, as far i can see, olden up by postgresql and
libvorbis. I believe that the postgresql situation will be fixed nextly,
as the maintainer is actively working on it, still there may be
dependency on perl 5.8 and such, which may block it even if it becomes a
valid candidate.

The libvorbis is more murky, i attach here a partial dependency check,
but it is is not complete and tied in with many really broken packages,
including the new KDE, so i have no hope for a quick solution.

I only see 4 solutions for us going forward :

  o We stop the mini-freeze and don't care about testing anymore.

  o I upload my ocaml-3.06 package, which altough it is not yet the real
    one i wanted, will enter testing because nothing is holding it, and
    with it will go most of the libraries and executable packages.

  o I work more on the ocaml-3.06 package, and do true binary separation
    and parallel installation. I don't really have time for it though.

  o You and Jerome rebuild ocamlsdl and libpgsql with a system
    consisting of testing + ocaml 3.06 packages. This gets uploaded to
    unstable (little breakage of sid maybe, but it should not be long)
 <log_data>     testing-updates in consideration, but we could make a fuss about it
    so that it get manually included. We upload this with priority high,
    so it needs only two days or such. Or maybe Stefano's woody
    backports will do also.

I don't know how you feel about this, but i guess the fourth solution
seems the easier on (at least for me :))). What do you (Stefano and
Jerome) think about this ? I guess ocamlsdl is buildable in testing, but
what about libpgsql-ocaml ? Will it work with the older postgresql ?

I can do NMU's if you like.

 <closing>"
<QsY6FS4bGrAHvVZl@example.com>,gmane.comp.lib.glibc.alpha,3.0,<IleP7BowLypPQwdA@example.com>,7TJ14ch0LxfsBKCA@example.com,,2004-01-06 00:50:07+00:00,Re: Building binutils/gcc/glibc -,"<gmane_tag_quotation_marker> <gmane_tag_quotation> That thread hardly seems to justify not using the existing POSIXLY_CORRECT
variable to control this.  Indeed the situation of rejecting ""head -1""  
seems perfectly to fit the description in
<http://mail.gnu.org/archive/html/bug-coreutils/2003-09/msg00094.html> -
""people are welcome to enable POSIXLY_CORRECT, but few should want to,
because doing so disables useful behavior"" - ""head -1"" is the useful
behavior in question and few want to disable it.  Indeed I cannot see a
requirement in POSIX at all to reject ""head -1"" (unlike cases where
obsolescent usage used + to introduce options, which must be treated as
 <gmane_tag_log_data> <gmane_tag_visual_separator> <gmane_tag_personal_signature>",917.0,747.0,38.0,0.0,216.0,comp,lib,glibc,alpha,11,True,"<span style=""background-color: #e8baba;"">Re: Building binutils/gcc/glibc -</span> <br> <hr size=""2""> <span style=""background-color: #e8baba;""> </span><span style=""background-color: #edebeb;color: #999999;"">quotation</span><span style=""background-color: #e8baba;""><br> That thread hardly seems to justify not using the existing POSIXLY_CORRECT<br>variable to control this.  Indeed the situation of rejecting ""head -1""  <br>seems perfectly to fit the description in<br></span><span style=""background-color: #edebeb;color: #999999;"">http://mail.gnu.org/archive/html/bug-coreutils/2003-09/msg00094.html</span><span style=""background-color: #e8baba;""><br> -<br>""people are welcome to enable POSIXLY_CORRECT, but few should want to,<br>because doing so disables useful behavior"" - ""head -1"" is the useful<br>behavior in question and few want to disable it.  Indeed I cannot see a<br>requirement in POSIX at all to reject ""head -1"" (unlike cases where<br>obsolescent usage used + to introduce options, which must be treated as<br> </span><span style=""background-color: #edebeb;color: #999999;"">log</span><span style=""background-color: #e8baba;""><br>  </span>",53,"Re: Building binutils/gcc/glibc - 
  <quotation> That thread hardly seems to justify not using the existing POSIXLY_CORRECT
variable to control this.  Indeed the situation of rejecting ""head -1""  
seems perfectly to fit the description in
<http://mail.gnu.org/archive/html/bug-coreutils/2003-09/msg00094.html> -
""people are welcome to enable POSIXLY_CORRECT, but few should want to,
because doing so disables useful behavior"" - ""head -1"" is the useful
behavior in question and few want to disable it.  Indeed I cannot see a
requirement in POSIX at all to reject ""head -1"" (unlike cases where
obsolescent usage used + to introduce options, which must be treated as
 <log_data>  "
,gmane.linux.mandrake.cooker.devel,,<IrCC03aa1vBKSjsH@example.com>,revTLRQDcxHE1X6a@example.com,,2003-09-13 17:35:47+02:00,[Bug 5629] [apache2-mod_python] Cannot connect to apache2 when apache2-mod_python installed,"http://qa.mandrakesoft.com/show_bug.cgi?id=5629


 <gmane_tag_quotation_marker> <gmane_tag_tabular> <gmane_tag_quotation_marker> Please refer to: 
 
http://qa.mandrakesoft.com/show_bug.cgi?id=5631 
 
 

 <gmane_tag_visual_separator> <gmane_tag_mua_signature> <gmane_tag_tabular> can be made.  For instance,  service httpd extendedstatus will not work, as it
cannot connect to localhost:

 <gmane_tag_log_data> It makes no difference if this line is manually added to httpd2.conf:
 <gmane_tag_log_data> Removal of mod_python and restarting apache2 allows apache to accept connections.",1321.0,583.0,169.0,0.0,127.0,linux,mandrake,cooker,devel,dev1,False,"<span style=""background-color: #e8baba;"">[Bug 5629] [apache2-mod_python] Cannot connect to apache2 when apache2-mod_python installed</span> <br> <hr size=""2""> <span style=""background-color: #e8baba;"">http://qa.mandrakesoft.com/show_bug.cgi?id=5629<br><br><br>  </span><span style=""background-color: #edebeb;color: #999999;"">tabular</span><span style=""background-color: #e8baba;""><br>  Please refer to: <br> <br>http://qa.mandrakesoft.com/show_bug.cgi?id=5631 <br> <br> <br><br>   </span><span style=""background-color: #edebeb;color: #999999;"">tabular</span><span style=""background-color: #e8baba;""><br> can be made.  For instance,  service httpd extendedstatus will not work, as it<br>cannot connect to localhost:<br><br> </span><span style=""background-color: #edebeb;color: #999999;"">log</span><span style=""background-color: #e8baba;""><br> It makes no difference if this line is manually added to httpd2.conf:<br> </span><span style=""background-color: #edebeb;color: #999999;"">log</span><span style=""background-color: #e8baba;""><br> Removal of mod_python and restarting apache2 allows apache to accept connections.</span>",54,"[Bug 5629] [apache2-mod_python] Cannot connect to apache2 when apache2-mod_python installed 
 http://qa.mandrakesoft.com/show_bug.cgi?id=5629


  <tabular>  Please refer to: 
 
http://qa.mandrakesoft.com/show_bug.cgi?id=5631 
 
 

   <tabular> can be made.  For instance,  service httpd extendedstatus will not work, as it
cannot connect to localhost:

 <log_data> It makes no difference if this line is manually added to httpd2.conf:
 <log_data> Removal of mod_python and restarting apache2 allows apache to accept connections."
<Nc+z5zCA8arA7rGR@example.com>,gmane.network.jabber.py-transports,0.0,<Nc+z5zCA8arA7rGR@example.com>,8yliZvsKxa/UWWdV@example.com,,2006-06-20 18:45:35+04:00,Delay,"<gmane_tag_salutation> There is a strange bug in PyICQ-t. I observe quite a long delay (about
10 sec.) between receiving a message by a jabber server and
retransmitting it to the ICQ server. However, it relays messages back
(from ICQ to Jabber) much faster. In addition, sending a message from
 <gmane_tag_mua_signature> Why does PyICQ-t work so strange? I tried both 0.7b and SVN.

 <gmane_tag_closing> <gmane_tag_visual_separator> <gmane_tag_personal_signature>",438.0,463.0,0.0,0.0,0.0,network,jabber,py-transports,,1,True,"<span style=""background-color: #e8baba;"">Delay</span> <br> <hr size=""2""> <span style=""background-color: #e8baba;""></span><span style=""background-color: #edebeb;color: #999999;"">salutation</span><span style=""background-color: #e8baba;""><br> There is a strange bug in PyICQ-t. I observe quite a long delay (about<br>10 sec.) between receiving a message by a jabber server and<br>retransmitting it to the ICQ server. However, it relays messages back<br>(from ICQ to Jabber) much faster. In addition, sending a message from<br>  Why does PyICQ-t work so strange? I tried both 0.7b and SVN.<br><br> </span><span style=""background-color: #edebeb;color: #999999;"">closing</span><span style=""background-color: #e8baba;""><br>  </span>",55,"Delay 
 <salutation> There is a strange bug in PyICQ-t. I observe quite a long delay (about
10 sec.) between receiving a message by a jabber server and
retransmitting it to the ICQ server. However, it relays messages back
(from ICQ to Jabber) much faster. In addition, sending a message from
  Why does PyICQ-t work so strange? I tried both 0.7b and SVN.

 <closing>  "
<CCVEFwE8X+l67g2/@example.com>,gmane.comp.horde.kronolith,1.0,<Vrkblmt1WLhwQK6d@example.com>,yUOgg2NcKFIFmQde@example.com,KXuYh/HPdVeIquZ5@example.com,2008-08-20 12:20:11+02:00,Re: Webdav working?,"<gmane_tag_quotation_marker> <gmane_tag_quotation> Where? Left from your calendar in which interface?

 <gmane_tag_quotation> It is.

Jan.

 <gmane_tag_visual_separator> <gmane_tag_mua_signature> <gmane_tag_visual_separator> <gmane_tag_mua_signature>",808.0,250.0,0.0,0.0,478.0,comp,horde,kronolith,,0,True,"<span style=""background-color: #e8baba;"">Re: Webdav working?</span> <br> <hr size=""2""> <span style=""background-color: #e8baba;""> </span><span style=""background-color: #edebeb;color: #999999;"">quotation</span><span style=""background-color: #e8baba;""><br> Where? Left from your calendar in which interface?<br><br> </span><span style=""background-color: #edebeb;color: #999999;"">quotation</span><span style=""background-color: #e8baba;""><br> It is.<br><br>Jan.<br><br>    </span>",56,"Re: Webdav working? 
  <quotation> Where? Left from your calendar in which interface?

 <quotation> It is.

Jan.

    "
,gmane.linux.debian.devel.bugs.general,,<mjoALnLQBe9oB2t9@example.com>,EQY7Oco8A342sHX2@example.com,,2006-04-20 08:50:35+02:00,Bug#351344: Error starting monodevelop with monodevelop-nunit,"<gmane_tag_salutation> monodevelop-nunit is now uninstalable and FTBFS.  Therefore I'm going to
raise the severity of this bug.

 <gmane_tag_raw_code> <gmane_tag_log_data> Some packages could not be installed. This may mean that you have
requested an impossible situation or if you are using the unstable
 <gmane_tag_log_data> or been moved out of Incoming.

Since you only requested a single operation it is extremely likely that
the package is simply not installable and a bug report against
that package should be filed.
The following information may help to resolve the situation:

The following packages have unmet dependencies:
 <gmane_tag_log_data> <gmane_tag_tabular> <gmane_tag_log_data> version requirements

 <gmane_tag_visual_separator> <gmane_tag_personal_signature>",1156.0,779.0,454.0,36.0,0.0,linux,debian,devel,bugs,dev1,False,"<span style=""background-color: #e8baba;"">Bug#351344: Error starting monodevelop with monodevelop-nunit</span> <br> <hr size=""2""> <span style=""background-color: #e8baba;""></span><span style=""background-color: #edebeb;color: #999999;"">salutation</span><span style=""background-color: #e8baba;""><br> monodevelop-nunit is now uninstalable and FTBFS.  Therefore I'm going to<br>raise the severity of this bug.<br><br> </span><span style=""background-color: #edebeb;color: #999999;"">code</span><span style=""background-color: #e8baba;""><br> </span><span style=""background-color: #edebeb;color: #999999;"">log</span><span style=""background-color: #e8baba;""><br> Some packages could not be installed. This may mean that you have<br>requested an impossible situation or if you are using the unstable<br> </span><span style=""background-color: #edebeb;color: #999999;"">log</span><span style=""background-color: #e8baba;""><br> or been moved out of Incoming.<br><br>Since you only requested a single operation it is extremely likely that<br>the package is simply not installable and a bug report against<br>that package should be filed.<br>The following information may help to resolve the situation:<br><br>The following packages have unmet dependencies:<br> </span><span style=""background-color: #edebeb;color: #999999;"">log</span><span style=""background-color: #e8baba;""><br> </span><span style=""background-color: #edebeb;color: #999999;"">tabular</span><span style=""background-color: #e8baba;""><br> </span><span style=""background-color: #edebeb;color: #999999;"">log</span><span style=""background-color: #e8baba;""><br> version requirements<br><br>  </span>",57,"Bug#351344: Error starting monodevelop with monodevelop-nunit 
 <salutation> monodevelop-nunit is now uninstalable and FTBFS.  Therefore I'm going to
raise the severity of this bug.

 <raw_code> <log_data> Some packages could not be installed. This may mean that you have
requested an impossible situation or if you are using the unstable
 <log_data> or been moved out of Incoming.

Since you only requested a single operation it is extremely likely that
the package is simply not installable and a bug report against
that package should be filed.
The following information may help to resolve the situation:

The following packages have unmet dependencies:
 <log_data> <tabular> <log_data> version requirements

  "
</wJVYhKTPDCBe++U@example.com>,gmane.network.unison.general,0.0,</wJVYhKTPDCBe++U@example.com>,AOSJ740sZ2Iv05My@example.com,NebMwHWvrefKUgwu@example.com,2007-09-18 07:35:29+01:00,Remote security,"The machine I use day to day is the machine I sure as the server for unison.

I have a laptop that syncs with it
A linux media centre (MythTV) that I plan to sync with it as soon as I 
get the right unison version on there
and a machine in an office in London that I only go to once per month or so.

Currently, to sync the London machine, I log into it using TightVNC over 
Hamachi (can't get ssh to work in the direction from my home machine to 
the office so I use hamachi) then run unison from there.

Before yesterday, I would manually run Putty every time I wanted to 
sync, which was a pain, but as least meant that an ssh connection from 
the office machine to my machine was only temporary.

Now, I've set up Pageant so that I don't have to use putty all the time 
(although that's not cured a problem I was having so not sure how great 
a solution it is) which is handy. The down side is that I'm feeling 
insecure about a constant ssh tunnel from a location I can't monitor to 
my main machine.

Is there anything I can do to make this more secure?
Can I somehow make unison the only app that it's possible to run over 
ssh/pageant?

I can't even think of other possibilities, but looking forward to 
hearing any thoughts.

 <gmane_tag_closing> <gmane_tag_mua_signature>",1828.0,1281.0,0.0,0.0,0.0,network,unison,general,,1,True,"<span style=""background-color: #e8baba;"">Remote security</span> <br> <hr size=""2""> <span style=""background-color: #e8baba;"">The machine I use day to day is the machine I sure as the server for unison.<br><br>I have a laptop that syncs with it<br>A linux media centre (MythTV) that I plan to sync with it as soon as I <br>get the right unison version on there<br>and a machine in an office in London that I only go to once per month or so.<br><br>Currently, to sync the London machine, I log into it using TightVNC over <br>Hamachi (can't get ssh to work in the direction from my home machine to <br>the office so I use hamachi) then run unison from there.<br><br>Before yesterday, I would manually run Putty every time I wanted to <br>sync, which was a pain, but as least meant that an ssh connection from <br>the office machine to my machine was only temporary.<br><br>Now, I've set up Pageant so that I don't have to use putty all the time <br>(although that's not cured a problem I was having so not sure how great <br>a solution it is) which is handy. The down side is that I'm feeling <br>insecure about a constant ssh tunnel from a location I can't monitor to <br>my main machine.<br><br>Is there anything I can do to make this more secure?<br>Can I somehow make unison the only app that it's possible to run over <br>ssh/pageant?<br><br>I can't even think of other possibilities, but looking forward to <br>hearing any thoughts.<br><br> </span><span style=""background-color: #edebeb;color: #999999;"">closing</span><span style=""background-color: #e8baba;""><br> </span>",58,"Remote security 
 The machine I use day to day is the machine I sure as the server for unison.

I have a laptop that syncs with it
A linux media centre (MythTV) that I plan to sync with it as soon as I 
get the right unison version on there
and a machine in an office in London that I only go to once per month or so.

Currently, to sync the London machine, I log into it using TightVNC over 
Hamachi (can't get ssh to work in the direction from my home machine to 
the office so I use hamachi) then run unison from there.

Before yesterday, I would manually run Putty every time I wanted to 
sync, which was a pain, but as least meant that an ssh connection from 
the office machine to my machine was only temporary.

Now, I've set up Pageant so that I don't have to use putty all the time 
(although that's not cured a problem I was having so not sure how great 
a solution it is) which is handy. The down side is that I'm feeling 
insecure about a constant ssh tunnel from a location I can't monitor to 
my main machine.

Is there anything I can do to make this more secure?
Can I somehow make unison the only app that it's possible to run over 
ssh/pageant?

I can't even think of other possibilities, but looking forward to 
hearing any thoughts.

 <closing> "
,gmane.os.freebsd.bugs,,<ljuWH/8mTI0dOJpu@example.com>,zZYTMI/3Ep9jFbVf@example.com,,2006-10-03 12:20:26+00:00,"Re: bin/103919: scp does not work correctly to and called from
 another host","The following reply was made to PR bin/103919; it has been noted by GNATS.

 <gmane_tag_inline_headers> <gmane_tag_tabular>  There are shell prompts among the debug lines.
 
 Core 2 duo?! Multithreading asynchron, HTT?
 
 
 <gmane_tag_visual_separator> <gmane_tag_personal_signature> <gmane_tag_visual_separator> <gmane_tag_mua_signature>",767.0,338.0,0.0,0.0,0.0,os,freebsd,bugs,,dev1,False,"<span style=""background-color: #e8baba;"">Re: bin/103919: scp does not work correctly to and called from
 another host</span> <br> <hr size=""2""> <span style=""background-color: #e8baba;"">The following reply was made to PR bin/103919; it has been noted by GNATS.<br><br>  </span><span style=""background-color: #edebeb;color: #999999;"">tabular</span><span style=""background-color: #e8baba;""><br>  There are shell prompts among the debug lines.<br> <br> Core 2 duo?! Multithreading asynchron, HTT?<br> <br> <br>    </span>",59,"Re: bin/103919: scp does not work correctly to and called from
 another host 
 The following reply was made to PR bin/103919; it has been noted by GNATS.

  <tabular>  There are shell prompts among the debug lines.
 
 Core 2 duo?! Multithreading asynchron, HTT?
 
 
    "
<uZ+lHflWppwJ6Cnn@example.com>,gmane.comp.programming.extreme-programming,0.0,<uZ+lHflWppwJ6Cnn@example.com>,a7XchjHGXr0Ibju6@example.com,,2005-05-06 11:50:42-04:00,Re: XP weaknesses --- Fixed Price,"I think I see where the difference is, Dominic, let's see if I can capture  
it...
It looks to me as that you are thinking: 
(A) IF we're using XP, THEN it fits the fixed price-scene scene
(which it doesn't, using your terms - large chunks of XP don't get  exercised)
but Ron and I are thinking: 
(B) IF we're in the fixed-price scene THEN XP (or what large chunks of 
it we can still use) works better that the alternatives.
 
So we're okay with ignoring certain availabilities that XP otherwise might  
give us
(like adding and replacing cards across iterations) in order to have access  
to
other availabilities that XP gives us (like PP and refactoring and TDD and 
short iterations and ...)
 
while it looks as though you are so unhappy with what gets cut out of XP 
that you wouldn't even call it XP any more. ... Trying that on for size for 
a minute, I'm guessing that in the fixed-price situation you'd still  aim
for short iterations, access to customer, PP, TDD, DTSTTCPW,  refactoring,
colocation?  You'd still do the parts of XP that fit, even though you  might
have to call it WP instead.
 
p.s. thanks for registering that you disagree about requirements 
gathering being outside XP. Until you wrote that I didn't notice. 
I thought this group was in general agreement with Ron about 
requirements gathering being outside XP.
 
 <gmane_tag_closing> <gmane_tag_visual_separator> <gmane_tag_quotation> As I said only a month  ago...
http://groups.yahoo.com/group/extremeprogramming/message/105244

...  I would also use, and have used, XP in a FP/S
situation. However, I don't  think XP's benefits are
most apparent in that situation, nor is it easy for  the
XP spirit to prevail. I think XP with FP/S is a  black
diamond.

 
 <gmane_tag_quotation> <gmane_tag_mua_signature>",2334.0,1787.0,0.0,0.0,132.0,comp,programming,extreme-programming,,1,True,"<span style=""background-color: #e8baba;"">Re: XP weaknesses --- Fixed Price</span> <br> <hr size=""2""> <span style=""background-color: #e8baba;"">I think I see where the difference is, Dominic, let's see if I can capture  <br>it...<br>It looks to me as that you are thinking: <br>(A) IF we're using XP, THEN it fits the fixed price-scene scene<br>(which it doesn't, using your terms - large chunks of XP don't get  exercised)<br>but Ron and I are thinking: <br>(B) IF we're in the fixed-price scene THEN XP (or what large chunks of <br>it we can still use) works better that the alternatives.<br> <br>So we're okay with ignoring certain availabilities that XP otherwise might  <br>give us<br>(like adding and replacing cards across iterations) in order to have access  <br>to<br>other availabilities that XP gives us (like PP and refactoring and TDD and <br>short iterations and ...)<br> <br>while it looks as though you are so unhappy with what gets cut out of XP <br>that you wouldn't even call it XP any more. ... Trying that on for size for <br>a minute, I'm guessing that in the fixed-price situation you'd still  aim<br>for short iterations, access to customer, PP, TDD, DTSTTCPW,  refactoring,<br>colocation?  You'd still do the parts of XP that fit, even though you  might<br>have to call it WP instead.<br> <br>p.s. thanks for registering that you disagree about requirements <br>gathering being outside XP. Until you wrote that I didn't notice. <br>I thought this group was in general agreement with Ron about <br>requirements gathering being outside XP.<br> <br> </span><span style=""background-color: #edebeb;color: #999999;"">closing</span><span style=""background-color: #e8baba;""><br>  </span><span style=""background-color: #edebeb;color: #999999;"">quotation</span><span style=""background-color: #e8baba;""><br> As I said only a month  ago...<br>http://groups.yahoo.com/group/extremeprogramming/message/105244<br><br>...  I would also use, and have used, XP in a FP/S<br>situation. However, I don't  think XP's benefits are<br>most apparent in that situation, nor is it easy for  the<br>XP spirit to prevail. I think XP with FP/S is a  black<br>diamond.<br><br> <br> </span><span style=""background-color: #edebeb;color: #999999;"">quotation</span><span style=""background-color: #e8baba;""><br> </span>",60,"Re: XP weaknesses --- Fixed Price 
 I think I see where the difference is, Dominic, let's see if I can capture  
it...
It looks to me as that you are thinking: 
(A) IF we're using XP, THEN it fits the fixed price-scene scene
(which it doesn't, using your terms - large chunks of XP don't get  exercised)
but Ron and I are thinking: 
(B) IF we're in the fixed-price scene THEN XP (or what large chunks of 
it we can still use) works better that the alternatives.
 
So we're okay with ignoring certain availabilities that XP otherwise might  
give us
(like adding and replacing cards across iterations) in order to have access  
to
other availabilities that XP gives us (like PP and refactoring and TDD and 
short iterations and ...)
 
while it looks as though you are so unhappy with what gets cut out of XP 
that you wouldn't even call it XP any more. ... Trying that on for size for 
a minute, I'm guessing that in the fixed-price situation you'd still  aim
for short iterations, access to customer, PP, TDD, DTSTTCPW,  refactoring,
colocation?  You'd still do the parts of XP that fit, even though you  might
have to call it WP instead.
 
p.s. thanks for registering that you disagree about requirements 
gathering being outside XP. Until you wrote that I didn't notice. 
I thought this group was in general agreement with Ron about 
requirements gathering being outside XP.
 
 <closing>  <quotation> As I said only a month  ago...
http://groups.yahoo.com/group/extremeprogramming/message/105244

...  I would also use, and have used, XP in a FP/S
situation. However, I don't  think XP's benefits are
most apparent in that situation, nor is it easy for  the
XP spirit to prevail. I think XP with FP/S is a  black
diamond.

 
 <quotation> "
<PI2gVr/VnVu4sIol@example.com>,gmane.mail.virus.amavis.user,2.0,<O4VUPTAdMYVXDC+U@example.com>,xtVrehPXbpahUQrL@example.com,,2006-01-29 23:10:50-08:00,Re: Include original spam text in DSN?,"<gmane_tag_quotation_marker> <gmane_tag_quotation> How did you configure amavisd (and whatever other mail software you use)
to work this way?

I would still hope that someone could address my original question (how
to add the full original spam message to the DSN sent to the local admin
-- preferably as an attachment).

 <gmane_tag_personal_signature> <gmane_tag_mua_signature> <gmane_tag_visual_separator> <gmane_tag_mua_signature> <gmane_tag_visual_separator> <gmane_tag_mua_signature>",1104.0,489.0,0.0,0.0,154.0,mail,virus,amavis,user,11,True,"<span style=""background-color: #e8baba;"">Re: Include original spam text in DSN?</span> <br> <hr size=""2""> <span style=""background-color: #e8baba;""> </span><span style=""background-color: #edebeb;color: #999999;"">quotation</span><span style=""background-color: #e8baba;""><br> How did you configure amavisd (and whatever other mail software you use)<br>to work this way?<br><br>I would still hope that someone could address my original question (how<br>to add the full original spam message to the DSN sent to the local admin<br>-- preferably as an attachment).<br><br>      </span>",61,"Re: Include original spam text in DSN? 
  <quotation> How did you configure amavisd (and whatever other mail software you use)
to work this way?

I would still hope that someone could address my original question (how
to add the full original spam message to the DSN sent to the local admin
-- preferably as an attachment).

      "
<bCuPWYHlNmvS2cB+@example.com>,gmane.comp.handhelds.android.devel,1.0,<7qSaHfGJhoJongNH@example.com>,vY6l8LyqYgwmloW0@example.com,MSHmbbqbgbd5mJcQ@example.com,2009-08-15 19:40:04-07:00,Re: SurfaceView onMotionEvent,"SurfaceView extends View. The methods for MotionEvents belong to the
View class and are available to override.

 <gmane_tag_closing> <gmane_tag_personal_signature> The views, opinions and statements in this email are those of the
author solely in their individual capacity, and do not necessarily
 <gmane_tag_personal_signature> <gmane_tag_quotation_marker> <gmane_tag_quotation>",666.0,379.0,0.0,0.0,306.0,comp,handhelds,android,devel,0,True,"<span style=""background-color: #e8baba;"">Re: SurfaceView onMotionEvent</span> <br> <hr size=""2""> <span style=""background-color: #e8baba;"">SurfaceView extends View. The methods for MotionEvents belong to the<br>View class and are available to override.<br><br> </span><span style=""background-color: #edebeb;color: #999999;"">closing</span><span style=""background-color: #e8baba;""><br>  The views, opinions and statements in this email are those of the<br>author solely in their individual capacity, and do not necessarily<br>   </span><span style=""background-color: #edebeb;color: #999999;"">quotation</span><span style=""background-color: #e8baba;""><br></span>",62,"Re: SurfaceView onMotionEvent 
 SurfaceView extends View. The methods for MotionEvents belong to the
View class and are available to override.

 <closing>  The views, opinions and statements in this email are those of the
author solely in their individual capacity, and do not necessarily
   <quotation>"
,gmane.comp.lang.realbasic.forums,,<IGrfhVfZ76l50Qch@example.com>,pJwOZuwyE0xQgucb@example.com,pJwOZuwyE0xQgucb@example.com,2009-01-28 03:32:14+01:00,General: Making program Computer Resolution,"New topic: 

 <gmane_tag_tabular> <http://forums.realsoftware.com/viewtopic.php?t=26228>

       Page 1 of 1
   [ 2 posts ]                 Previous topic | Next topic         Author  Message       Frankoman           Post subject: Making program Computer ResolutionPosted: Tue Jan 27, 2009 5:41 pm                               
Joined: Wed Dec 10, 2008 3:51 pm
 <gmane_tag_tabular> what is the code to make my program expand to my (or any) computer resolution? If there isn't a set code, then I'll just make a dropdown bar with a bunch of different sizes. 

 <gmane_tag_closing> <gmane_tag_visual_separator> <gmane_tag_personal_signature> <gmane_tag_mua_signature> <gmane_tag_tabular>    [ 2 posts ]     

 <gmane_tag_visual_separator> <gmane_tag_mua_signature>",1484.0,763.0,0.0,0.0,0.0,comp,lang,realbasic,forums,dev1,False,"<span style=""background-color: #e8baba;"">General: Making program Computer Resolution</span> <br> <hr size=""2""> <span style=""background-color: #e8baba;"">New topic: <br><br> </span><span style=""background-color: #edebeb;color: #999999;"">tabular</span><span style=""background-color: #e8baba;""><br> </span><span style=""background-color: #edebeb;color: #999999;"">http://forums.realsoftware.com/viewtopic.php?t=26228</span><span style=""background-color: #e8baba;""><br><br><br>       Page 1 of 1<br>   </span><span style=""background-color: #edebeb;color: #999999;""> 2 posts </span><span style=""background-color: #e8baba;"">                 Previous topic | Next topic         Author  Message       Frankoman           Post subject: Making program Computer ResolutionPosted: Tue Jan 27, 2009 5:41 pm                               <br>Joined: Wed Dec 10, 2008 3:51 pm<br> </span><span style=""background-color: #edebeb;color: #999999;"">tabular</span><span style=""background-color: #e8baba;""><br> what is the code to make my program expand to my (or any) computer resolution? If there isn't a set code, then I'll just make a dropdown bar with a bunch of different sizes. <br><br> </span><span style=""background-color: #edebeb;color: #999999;"">closing</span><span style=""background-color: #e8baba;""><br>    </span><span style=""background-color: #edebeb;color: #999999;"">tabular</span><span style=""background-color: #e8baba;""><br>    </span><span style=""background-color: #edebeb;color: #999999;""> 2 posts </span><span style=""background-color: #e8baba;"">     <br><br>  </span>",63,"General: Making program Computer Resolution 
 New topic: 

 <tabular> <http://forums.realsoftware.com/viewtopic.php?t=26228>

       Page 1 of 1
   [ 2 posts ]                 Previous topic | Next topic         Author  Message       Frankoman           Post subject: Making program Computer ResolutionPosted: Tue Jan 27, 2009 5:41 pm                               
Joined: Wed Dec 10, 2008 3:51 pm
 <tabular> what is the code to make my program expand to my (or any) computer resolution? If there isn't a set code, then I'll just make a dropdown bar with a bunch of different sizes. 

 <closing>    <tabular>    [ 2 posts ]     

  "
<00cc01c2e1ff$a0acbb60$6601a895@storm3admin>,gmane.comp.telephony.pbx.asterisk.user,1.0,<YAANV9trMhTdcAsu@example.com>,cjRA/5NcqT/T+m72@example.com,,2003-03-04 13:46:56-05:00,RE: OT:  PRI costs in US,"I'm right here ... where are you?

Just kidding, I'm in Stratford, Ontario, Canada

As an aside, I looked at switching to your company for internet access from
Bell HSE but switched to istop.com instead.

We have a branch office in Kemptville (currently using Bell HSE - but only
until I get time to get them switched to something else) that I'd like to
connect to here via VoIP

I have ordered two digium dev lite kits to try to connect the two (with
asterisk)

For two small offices, it's questionable whether it's worth the effort ...
but it's a learning experience that will hopefully pay off by easing the
opening of additional branch offices and providing an integrated whole



 <gmane_tag_quotation>",6791.0,707.0,0.0,0.0,6107.0,comp,telephony,pbx,asterisk,1,True,"<span style=""background-color: #e8baba;"">RE: OT:  PRI costs in US</span> <br> <hr size=""2""> <span style=""background-color: #e8baba;"">I'm right here ... where are you?<br><br>Just kidding, I'm in Stratford, Ontario, Canada<br><br>As an aside, I looked at switching to your company for internet access from<br>Bell HSE but switched to istop.com instead.<br><br>We have a branch office in Kemptville (currently using Bell HSE - but only<br>until I get time to get them switched to something else) that I'd like to<br>connect to here via VoIP<br><br>I have ordered two digium dev lite kits to try to connect the two (with<br>asterisk)<br><br>For two small offices, it's questionable whether it's worth the effort ...<br>but it's a learning experience that will hopefully pay off by easing the<br>opening of additional branch offices and providing an integrated whole<br><br><br><br> </span><span style=""background-color: #edebeb;color: #999999;"">quotation</span><span style=""background-color: #e8baba;""><br></span>",64,"RE: OT:  PRI costs in US 
 I'm right here ... where are you?

Just kidding, I'm in Stratford, Ontario, Canada

As an aside, I looked at switching to your company for internet access from
Bell HSE but switched to istop.com instead.

We have a branch office in Kemptville (currently using Bell HSE - but only
until I get time to get them switched to something else) that I'd like to
connect to here via VoIP

I have ordered two digium dev lite kits to try to connect the two (with
asterisk)

For two small offices, it's questionable whether it's worth the effort ...
but it's a learning experience that will hopefully pay off by easing the
opening of additional branch offices and providing an integrated whole



 <quotation>"
<cQ4uY6D5J9jFKmzy@example.com>,gmane.linux.redhat.fedora.general,6.0,<tasKGEX6CuQZd/Z4@example.com>,sXJHZ3/uPNZmoeXl@example.com,,2006-07-04 09:47:30-06:00,Re: Bind Zone Transfer Problem,"<gmane_tag_quotation_marker> <gmane_tag_quotation> Good enough.


 <gmane_tag_quotation> Yep. In the options stanza, I added ""notify no;"" and the error message
went away.

 <gmane_tag_quotation> Oh, yeah, thanks. I had forgotten how noble and selfless our lords and
masters are.

 <gmane_tag_visual_separator> <gmane_tag_personal_signature> <gmane_tag_visual_separator> <gmane_tag_mua_signature>",2377.0,395.0,0.0,0.0,1742.0,linux,redhat,fedora,general,10,True,"<span style=""background-color: #e8baba;"">Re: Bind Zone Transfer Problem</span> <br> <hr size=""2""> <span style=""background-color: #e8baba;""> </span><span style=""background-color: #edebeb;color: #999999;"">quotation</span><span style=""background-color: #e8baba;""><br> Good enough.<br><br><br> </span><span style=""background-color: #edebeb;color: #999999;"">quotation</span><span style=""background-color: #e8baba;""><br> Yep. In the options stanza, I added ""notify no;"" and the error message<br>went away.<br><br> </span><span style=""background-color: #edebeb;color: #999999;"">quotation</span><span style=""background-color: #e8baba;""><br> Oh, yeah, thanks. I had forgotten how noble and selfless our lords and<br>masters are.<br><br>    </span>",65,"Re: Bind Zone Transfer Problem 
  <quotation> Good enough.


 <quotation> Yep. In the options stanza, I added ""notify no;"" and the error message
went away.

 <quotation> Oh, yeah, thanks. I had forgotten how noble and selfless our lords and
masters are.

    "
<pKRwGaiA3K562yGv@example.com>,gmane.network.simulator.isi,1.0,<Hkx7Bt60MwWsOQWu@example.com>,5DhtAJdujFAossGV@example.com,QLRvUPIv7ifXHsv2@example.com,2009-05-12 20:13:47-04:00,Re: Error in creating new agent,"<gmane_tag_salutation> At the moment I am having the following error.

 <gmane_tag_log_data> <gmane_tag_raw_code> <gmane_tag_log_data> <gmane_tag_raw_code> <gmane_tag_log_data> <gmane_tag_raw_code> <gmane_tag_log_data> Can anybody tell me why this ""invoked from within"" error comes??

 <gmane_tag_visual_separator> <gmane_tag_quotation_marker> <gmane_tag_quotation>",4090.0,365.0,507.0,85.0,3153.0,network,simulator,isi,,0,True,"<span style=""background-color: #e8baba;"">Re: Error in creating new agent</span> <br> <hr size=""2""> <span style=""background-color: #e8baba;""></span><span style=""background-color: #edebeb;color: #999999;"">salutation</span><span style=""background-color: #e8baba;""><br> At the moment I am having the following error.<br><br> </span><span style=""background-color: #edebeb;color: #999999;"">log</span><span style=""background-color: #e8baba;""><br> </span><span style=""background-color: #edebeb;color: #999999;"">code</span><span style=""background-color: #e8baba;""><br> </span><span style=""background-color: #edebeb;color: #999999;"">log</span><span style=""background-color: #e8baba;""><br> </span><span style=""background-color: #edebeb;color: #999999;"">code</span><span style=""background-color: #e8baba;""><br> </span><span style=""background-color: #edebeb;color: #999999;"">log</span><span style=""background-color: #e8baba;""><br> </span><span style=""background-color: #edebeb;color: #999999;"">code</span><span style=""background-color: #e8baba;""><br> </span><span style=""background-color: #edebeb;color: #999999;"">log</span><span style=""background-color: #e8baba;""><br> Can anybody tell me why this ""invoked from within"" error comes??<br><br>   </span><span style=""background-color: #edebeb;color: #999999;"">quotation</span><span style=""background-color: #e8baba;""><br></span>",66,"Re: Error in creating new agent 
 <salutation> At the moment I am having the following error.

 <log_data> <raw_code> <log_data> <raw_code> <log_data> <raw_code> <log_data> Can anybody tell me why this ""invoked from within"" error comes??

   <quotation>"
<XlxMdK5Wpd51OZff@example.com>,gmane.comp.freeradius.user,0.0,<XlxMdK5Wpd51OZff@example.com>,IS3jS74djx2JPWkN@example.com,ZC1cnqyibUKYK+Hm@example.com,2008-09-16 15:37:08+05:30,sqlcounter problem after upgrading to 2.1.0,"<gmane_tag_salutation> I've been using freeradius 1.1.5 for sometime. I use mysql for storing users
and I have enabled sqlcounter module for restricitng monthly access time.
Each user is member of a group and group's Max-Monthly-Session is set in
radgroupcheck table. I have a script which is invoked from cron every month
which calculates remaining time of users and does a insert/update/delete on
radcheck so that there will be a record in radcheck if the user has any time
left from the prevois month. Attribute is Max-Monthly-Session and value =
(remaining + group's Max-Monthly-Session). This way I have implemented a
session time carry over system.

Recently I have upgraded freeradius to version 2.1.0. Everything is working
well as expected other than sqlcounter. In new version it is ignoring the
Max-Monthly-Session from radcheck table. I have installed radius in a new
server but the same result. The radius debug output and sql table are
available at http://pastebin.ca/1204050

Is there any config item for sqlcounter to process radcheck table?

 <gmane_tag_closing> <gmane_tag_visual_separator> <gmane_tag_mua_signature>",1137.0,1134.0,0.0,0.0,0.0,comp,freeradius,user,,1,True,"<span style=""background-color: #e8baba;"">sqlcounter problem after upgrading to 2.1.0</span> <br> <hr size=""2""> <span style=""background-color: #e8baba;""></span><span style=""background-color: #edebeb;color: #999999;"">salutation</span><span style=""background-color: #e8baba;""><br> I've been using freeradius 1.1.5 for sometime. I use mysql for storing users<br>and I have enabled sqlcounter module for restricitng monthly access time.<br>Each user is member of a group and group's Max-Monthly-Session is set in<br>radgroupcheck table. I have a script which is invoked from cron every month<br>which calculates remaining time of users and does a insert/update/delete on<br>radcheck so that there will be a record in radcheck if the user has any time<br>left from the prevois month. Attribute is Max-Monthly-Session and value =<br>(remaining + group's Max-Monthly-Session). This way I have implemented a<br>session time carry over system.<br><br>Recently I have upgraded freeradius to version 2.1.0. Everything is working<br>well as expected other than sqlcounter. In new version it is ignoring the<br>Max-Monthly-Session from radcheck table. I have installed radius in a new<br>server but the same result. The radius debug output and sql table are<br>available at http://pastebin.ca/1204050<br><br>Is there any config item for sqlcounter to process radcheck table?<br><br> </span><span style=""background-color: #edebeb;color: #999999;"">closing</span><span style=""background-color: #e8baba;""><br>  </span>",67,"sqlcounter problem after upgrading to 2.1.0 
 <salutation> I've been using freeradius 1.1.5 for sometime. I use mysql for storing users
and I have enabled sqlcounter module for restricitng monthly access time.
Each user is member of a group and group's Max-Monthly-Session is set in
radgroupcheck table. I have a script which is invoked from cron every month
which calculates remaining time of users and does a insert/update/delete on
radcheck so that there will be a record in radcheck if the user has any time
left from the prevois month. Attribute is Max-Monthly-Session and value =
(remaining + group's Max-Monthly-Session). This way I have implemented a
session time carry over system.

Recently I have upgraded freeradius to version 2.1.0. Everything is working
well as expected other than sqlcounter. In new version it is ignoring the
Max-Monthly-Session from radcheck table. I have installed radius in a new
server but the same result. The radius debug output and sql table are
available at http://pastebin.ca/1204050

Is there any config item for sqlcounter to process radcheck table?

 <closing>  "
<UFkevdfJ4RfEHCve@example.com>,gmane.comp.multimedia.ogg.devel,2.0,<QGrnPG0oCqvBEk//@example.com>,6wVXY3hEt7P3Ryj2@example.com,eVoSoF9aih3UZtj8@example.com,2008-07-09 12:33:37+01:00,Re: lib64,"<gmane_tag_quotation> That makes more sense, I suppose, is this to allow code that's
broken on 64 bit platforms to still be used ?
Out of curiosity, how would you go about building a 32 bit lib
on a x86_64 bit system (or the other way round) ? Would you
have to cross compile ?

 <gmane_tag_quotation> OK, thanks for the correction. It does make much more sense to
me that way.

 <gmane_tag_quotation> Which they probably do - I'm running a 64 bit kernel, so that
explains the lib rather than lib64.

 <gmane_tag_closing>",940.0,521.0,0.0,0.0,494.0,comp,multimedia,ogg,devel,11,True,"<span style=""background-color: #e8baba;"">Re: lib64</span> <br> <hr size=""2""> <span style=""background-color: #e8baba;""></span><span style=""background-color: #edebeb;color: #999999;"">quotation</span><span style=""background-color: #e8baba;""><br> That makes more sense, I suppose, is this to allow code that's<br>broken on 64 bit platforms to still be used ?<br>Out of curiosity, how would you go about building a 32 bit lib<br>on a x86_64 bit system (or the other way round) ? Would you<br>have to cross compile ?<br><br> </span><span style=""background-color: #edebeb;color: #999999;"">quotation</span><span style=""background-color: #e8baba;""><br> OK, thanks for the correction. It does make much more sense to<br>me that way.<br><br> </span><span style=""background-color: #edebeb;color: #999999;"">quotation</span><span style=""background-color: #e8baba;""><br> Which they probably do - I'm running a 64 bit kernel, so that<br>explains the lib rather than lib64.<br><br> </span><span style=""background-color: #edebeb;color: #999999;"">closing</span><span style=""background-color: #e8baba;""><br></span>",68,"Re: lib64 
 <quotation> That makes more sense, I suppose, is this to allow code that's
broken on 64 bit platforms to still be used ?
Out of curiosity, how would you go about building a 32 bit lib
on a x86_64 bit system (or the other way round) ? Would you
have to cross compile ?

 <quotation> OK, thanks for the correction. It does make much more sense to
me that way.

 <quotation> Which they probably do - I'm running a 64 bit kernel, so that
explains the lib rather than lib64.

 <closing>"
<JUjc39rwJYX/+KB5@example.com>,gmane.comp.lang.perl.modules.cgi-appplication,1.0,<JN0O2mJ2rHANZBsV@example.com>,7dXEqskNbFE6UhTD@example.com,,2006-05-27 11:56:07+09:00,Re: mod_perl + CAP::AutoRunmode not working,"<gmane_tag_salutation> <gmane_tag_quotation> I hope to have fixed this issue in the 0.14 release of CAP::AutoRunmode.

http://search.cpan.org/~thilo/CGI-Application-Plugin-AutoRunmode-0.14/

 <gmane_tag_closing> <gmane_tag_visual_separator> <gmane_tag_personal_signature> <gmane_tag_mua_signature>",700.0,297.0,0.0,0.0,240.0,comp,lang,perl,modules,0,True,"<span style=""background-color: #e8baba;"">Re: mod_perl + CAP::AutoRunmode not working</span> <br> <hr size=""2""> <span style=""background-color: #e8baba;""></span><span style=""background-color: #edebeb;color: #999999;"">salutation</span><span style=""background-color: #e8baba;""><br> </span><span style=""background-color: #edebeb;color: #999999;"">quotation</span><span style=""background-color: #e8baba;""><br> I hope to have fixed this issue in the 0.14 release of CAP::AutoRunmode.<br><br>http://search.cpan.org/~thilo/CGI-Application-Plugin-AutoRunmode-0.14/<br><br> </span><span style=""background-color: #edebeb;color: #999999;"">closing</span><span style=""background-color: #e8baba;""><br>   </span>",69,"Re: mod_perl + CAP::AutoRunmode not working 
 <salutation> <quotation> I hope to have fixed this issue in the 0.14 release of CAP::AutoRunmode.

http://search.cpan.org/~thilo/CGI-Application-Plugin-AutoRunmode-0.14/

 <closing>   "
<LLv37e1ojRdBfCi2@example.com>,gmane.linux.alsa.user,0.0,<LLv37e1ojRdBfCi2@example.com>,PNcSP6Mofy6LCxz0@example.com,,2002-03-19 13:04:28+00:00,alsa driver OK but no sound...,"Some explanations :

I've got a Linux RedHat 7.1 (kernel 2.4.2-2) installed on a laptop
MAXDATA. Everything is working fine except my sound card : a Yamaha
DS-XG PCI (ymf744)

My kernel is compiled with the following sound options :
CONFIG_SOUND=m   /   CONFIG_SOUND_YMFPCI=m

I also compiled the alsa-driver-0.5.12a (with --with-card=ymfpci) and
alsa-lib-0.5.10b  and   alsa-utils-0.5.10

 <gmane_tag_log_data> <gmane_tag_raw_code> <gmane_tag_log_data> (I don't have any problem to modprobe those modules)

Everything is recognized by my system :
I've got the following message in /var/log/messages during the boot
process :
 <gmane_tag_log_data> So everything looks good but when I'm trying to use XMMS (or anything
else like a CD player) I've got no sound at all. I tried to unmute my
card via the amixer command but it doesn't changed anything and I've got
no error message!

What did I missed? Any help will be geratly appreciated :)

 <gmane_tag_closing> <gmane_tag_visual_separator> <gmane_tag_mua_signature>",1368.0,1015.0,281.0,68.0,0.0,linux,alsa,user,,1,True,"<span style=""background-color: #e8baba;"">alsa driver OK but no sound...</span> <br> <hr size=""2""> <span style=""background-color: #e8baba;"">Some explanations :<br><br>I've got a Linux RedHat 7.1 (kernel 2.4.2-2) installed on a laptop<br>MAXDATA. Everything is working fine except my sound card : a Yamaha<br>DS-XG PCI (ymf744)<br><br>My kernel is compiled with the following sound options :<br>CONFIG_SOUND=m   /   CONFIG_SOUND_YMFPCI=m<br><br>I also compiled the alsa-driver-0.5.12a (with --with-card=ymfpci) and<br>alsa-lib-0.5.10b  and   alsa-utils-0.5.10<br><br> </span><span style=""background-color: #edebeb;color: #999999;"">log</span><span style=""background-color: #e8baba;""><br> </span><span style=""background-color: #edebeb;color: #999999;"">code</span><span style=""background-color: #e8baba;""><br> </span><span style=""background-color: #edebeb;color: #999999;"">log</span><span style=""background-color: #e8baba;""><br> (I don't have any problem to modprobe those modules)<br><br>Everything is recognized by my system :<br>I've got the following message in /var/log/messages during the boot<br>process :<br> </span><span style=""background-color: #edebeb;color: #999999;"">log</span><span style=""background-color: #e8baba;""><br> So everything looks good but when I'm trying to use XMMS (or anything<br>else like a CD player) I've got no sound at all. I tried to unmute my<br>card via the amixer command but it doesn't changed anything and I've got<br>no error message!<br><br>What did I missed? Any help will be geratly appreciated :)<br><br> </span><span style=""background-color: #edebeb;color: #999999;"">closing</span><span style=""background-color: #e8baba;""><br>  </span>",70,"alsa driver OK but no sound... 
 Some explanations :

I've got a Linux RedHat 7.1 (kernel 2.4.2-2) installed on a laptop
MAXDATA. Everything is working fine except my sound card : a Yamaha
DS-XG PCI (ymf744)

My kernel is compiled with the following sound options :
CONFIG_SOUND=m   /   CONFIG_SOUND_YMFPCI=m

I also compiled the alsa-driver-0.5.12a (with --with-card=ymfpci) and
alsa-lib-0.5.10b  and   alsa-utils-0.5.10

 <log_data> <raw_code> <log_data> (I don't have any problem to modprobe those modules)

Everything is recognized by my system :
I've got the following message in /var/log/messages during the boot
process :
 <log_data> So everything looks good but when I'm trying to use XMMS (or anything
else like a CD player) I've got no sound at all. I tried to unmute my
card via the amixer command but it doesn't changed anything and I've got
no error message!

What did I missed? Any help will be geratly appreciated :)

 <closing>  "
<9QYOTvvyzk7eiU30@example.com>,gmane.org.google.api.maps,1.0,<7VYUej3+4vYbjkve@example.com>,UgDyTPiey33ogvGi@example.com,y7xPd8e5t6AjWxXD@example.com,2007-03-09 18:19:05+00:00,Re: Question on 'parsing',"<gmane_tag_quotation_marker> <gmane_tag_quotation> It is already a string, you don't need to convert it into a float or
an integer, just use it as is.

 <gmane_tag_closing>",592.0,172.0,0.0,0.0,481.0,org,google,api,maps,0,True,"<span style=""background-color: #e8baba;"">Re: Question on 'parsing'</span> <br> <hr size=""2""> <span style=""background-color: #e8baba;""> </span><span style=""background-color: #edebeb;color: #999999;"">quotation</span><span style=""background-color: #e8baba;""><br> It is already a string, you don't need to convert it into a float or<br>an integer, just use it as is.<br><br> </span><span style=""background-color: #edebeb;color: #999999;"">closing</span><span style=""background-color: #e8baba;""><br></span>",71,"Re: Question on 'parsing' 
  <quotation> It is already a string, you don't need to convert it into a float or
an integer, just use it as is.

 <closing>"
<7SiN7FArnQMeGK+v@example.com>,gmane.linux.drivers.spca50x.devel,5.0,<OwigfB93DuWXeeue@example.com>,zFd2DBsBf6nzYR2V@example.com,tz4vhU0msk9y4lvZ@example.com,2007-11-08 15:29:51+01:00,Re: [ SPAM! ] sn9c201 + ov9650,<gmane_tag_visual_separator> <gmane_tag_mua_signature> <gmane_tag_visual_separator> <gmane_tag_mua_signature>,475.0,109.0,0.0,0.0,0.0,linux,drivers,spca50x,devel,10,True,"<span style=""background-color: #e8baba;"">Re: [ SPAM! ] sn9c201 + ov9650</span> <br> <hr size=""2""> <span style=""background-color: #e8baba;"">   </span>",72,"Re: [ SPAM! ] sn9c201 + ov9650 
    "
,gmane.comp.python.quotient.cvs,,</aTF51brxPx2uqOn@example.com>,P5NctMbVMPrM6B/U@example.com,,2005-05-16 14:43:00-04:00,r8602 - i see dead peo^H^Hwhitespace,"<gmane_tag_tabular> <gmane_tag_patch> +    Mode is one of
 <gmane_tag_patch> <gmane_tag_log_data> <gmane_tag_patch> <gmane_tag_log_data> <gmane_tag_patch>",2618.0,154.0,241.0,0.0,0.0,comp,python,quotient,cvs,dev1,False,"<span style=""background-color: #e8baba;"">r8602 - i see dead peo^H^Hwhitespace</span> <br> <hr size=""2""> <span style=""background-color: #e8baba;""></span><span style=""background-color: #edebeb;color: #999999;"">tabular</span><span style=""background-color: #e8baba;""><br>  +    Mode is one of<br>  </span><span style=""background-color: #edebeb;color: #999999;"">log</span><span style=""background-color: #e8baba;""><br>  </span><span style=""background-color: #edebeb;color: #999999;"">log</span><span style=""background-color: #e8baba;""><br> </span>",73,"r8602 - i see dead peo^H^Hwhitespace 
 <tabular>  +    Mode is one of
  <log_data>  <log_data> "
<f2M8MDT5olC4klCD@example.com>,gmane.linux.debian.devel.project,3.0,<TZ9fSoaayfXvzAEu@example.com>,efqRT3TuPZLIsymh@example.com,AjEW4s2hQh/1oYnX@example.com,2008-10-24 04:25:38+02:00,Re: Developer Status,"<gmane_tag_quotation_marker> <gmane_tag_quotation> That would be terrific.
 
 <gmane_tag_salutation> KiBi.",261.0,106.0,0.0,0.0,224.0,linux,debian,devel,project,10,True,"<span style=""background-color: #e8baba;"">Re: Developer Status</span> <br> <hr size=""2""> <span style=""background-color: #e8baba;""> </span><span style=""background-color: #edebeb;color: #999999;"">quotation</span><span style=""background-color: #e8baba;""><br> That would be terrific.<br> <br> </span><span style=""background-color: #edebeb;color: #999999;"">salutation</span><span style=""background-color: #e8baba;""><br> KiBi.</span>",74,"Re: Developer Status 
  <quotation> That would be terrific.
 
 <salutation> KiBi."
</qPQQV26tJ+Rg1xs@example.com>,gmane.comp.python.devel,1.0,<hcYvRDAehCpldsFS@example.com>,wUeRC3hXOyw51IFz@example.com,,2006-04-02 20:57:50-04:00,Re: Whole bunch of test failures on OSX,"<gmane_tag_quotation> Sure:  you can do _everything_ to track them down ;-)

 <gmane_tag_quotation> I never tried it (specifically the '-R ::' bit), but I see what you
mean.  Note that we have an OSX buildbot slave that passes all the
trunk tests.  Can you say whether

 <gmane_tag_raw_code> (without '-R ::') also fails on your box?  The point is to separate
what's unique to your Mac box from what's unique to '-R ::'.

 <gmane_tag_quotation> That one's almost a FAQ here -- all platforms see those from time to
time, and have for years (especially when the box is heavily loaded).

 <gmane_tag_quotation> Did your manual run also include '-R ::'?  When I run test_decimal in
isolation on my Windows box with that option, it also fails here, on
its second run:

 <gmane_tag_log_data> <gmane_tag_raw_code> test test_decimal failed -- errors occurred; run in verbose mode for details
 <gmane_tag_quotation> <gmane_tag_raw_code> [29478 refs]

 <gmane_tag_quotation> With or without -R::?  This one also fails for me in isolation with
'-R ::', and also on its second run:

 <gmane_tag_log_data> <gmane_tag_raw_code> <gmane_tag_log_data> Does anyone else routinely use -R?  If anyone does, do all the tests
pass for them?
 <gmane_tag_visual_separator> <gmane_tag_mua_signature>",2415.0,1274.0,243.0,210.0,784.0,comp,python,devel,,1,True,"<span style=""background-color: #e8baba;"">Re: Whole bunch of test failures on OSX</span> <br> <hr size=""2""> <span style=""background-color: #e8baba;""></span><span style=""background-color: #edebeb;color: #999999;"">quotation</span><span style=""background-color: #e8baba;""><br> Sure:  you can do _everything_ to track them down ;-)<br><br> </span><span style=""background-color: #edebeb;color: #999999;"">quotation</span><span style=""background-color: #e8baba;""><br> I never tried it (specifically the '-R ::' bit), but I see what you<br>mean.  Note that we have an OSX buildbot slave that passes all the<br>trunk tests.  Can you say whether<br><br> </span><span style=""background-color: #edebeb;color: #999999;"">code</span><span style=""background-color: #e8baba;""><br> (without '-R ::') also fails on your box?  The point is to separate<br>what's unique to your Mac box from what's unique to '-R ::'.<br><br> </span><span style=""background-color: #edebeb;color: #999999;"">quotation</span><span style=""background-color: #e8baba;""><br> That one's almost a FAQ here -- all platforms see those from time to<br>time, and have for years (especially when the box is heavily loaded).<br><br> </span><span style=""background-color: #edebeb;color: #999999;"">quotation</span><span style=""background-color: #e8baba;""><br> Did your manual run also include '-R ::'?  When I run test_decimal in<br>isolation on my Windows box with that option, it also fails here, on<br>its second run:<br><br> </span><span style=""background-color: #edebeb;color: #999999;"">log</span><span style=""background-color: #e8baba;""><br> </span><span style=""background-color: #edebeb;color: #999999;"">code</span><span style=""background-color: #e8baba;""><br> test test_decimal failed -- errors occurred; run in verbose mode for details<br> </span><span style=""background-color: #edebeb;color: #999999;"">quotation</span><span style=""background-color: #e8baba;""><br> </span><span style=""background-color: #edebeb;color: #999999;"">code</span><span style=""background-color: #e8baba;""><br> </span><span style=""background-color: #edebeb;color: #999999;"">29478 refs</span><span style=""background-color: #e8baba;""><br><br> </span><span style=""background-color: #edebeb;color: #999999;"">quotation</span><span style=""background-color: #e8baba;""><br> With or without -R::?  This one also fails for me in isolation with<br>'-R ::', and also on its second run:<br><br> </span><span style=""background-color: #edebeb;color: #999999;"">log</span><span style=""background-color: #e8baba;""><br> </span><span style=""background-color: #edebeb;color: #999999;"">code</span><span style=""background-color: #e8baba;""><br> </span><span style=""background-color: #edebeb;color: #999999;"">log</span><span style=""background-color: #e8baba;""><br> Does anyone else routinely use -R?  If anyone does, do all the tests<br>pass for them?<br>  </span>",75,"Re: Whole bunch of test failures on OSX 
 <quotation> Sure:  you can do _everything_ to track them down ;-)

 <quotation> I never tried it (specifically the '-R ::' bit), but I see what you
mean.  Note that we have an OSX buildbot slave that passes all the
trunk tests.  Can you say whether

 <raw_code> (without '-R ::') also fails on your box?  The point is to separate
what's unique to your Mac box from what's unique to '-R ::'.

 <quotation> That one's almost a FAQ here -- all platforms see those from time to
time, and have for years (especially when the box is heavily loaded).

 <quotation> Did your manual run also include '-R ::'?  When I run test_decimal in
isolation on my Windows box with that option, it also fails here, on
its second run:

 <log_data> <raw_code> test test_decimal failed -- errors occurred; run in verbose mode for details
 <quotation> <raw_code> [29478 refs]

 <quotation> With or without -R::?  This one also fails for me in isolation with
'-R ::', and also on its second run:

 <log_data> <raw_code> <log_data> Does anyone else routinely use -R?  If anyone does, do all the tests
pass for them?
  "
,gmane.linux.debian.devel.gstreamer,,<1194962115.2726.8.camel__16157.2382938632$1205087758$gmane$org@asgard>,NHdk+qgtXX8Xrd8f@example.com,,2007-11-13 14:55:15+01:00,"Bug#444769: rhythmbox: Switching sound sink in the middle of a song
	doesn't work","<gmane_tag_tabular> <gmane_tag_closing> <gmane_tag_salutation> as this is a bug in gconfaudiosink let's reassign it to
gst-plugins-good0.10.
 <gmane_tag_patch> <gmane_tag_mua_signature> <gmane_tag_tabular>",444.0,205.0,0.0,0.0,0.0,linux,debian,devel,gstreamer,dev1,False,"<span style=""background-color: #e8baba;"">Bug#444769: rhythmbox: Switching sound sink in the middle of a song
	doesn't work</span> <br> <hr size=""2""> <span style=""background-color: #e8baba;""></span><span style=""background-color: #edebeb;color: #999999;"">tabular</span><span style=""background-color: #e8baba;""><br> </span><span style=""background-color: #edebeb;color: #999999;"">closing</span><span style=""background-color: #e8baba;""><br> </span><span style=""background-color: #edebeb;color: #999999;"">salutation</span><span style=""background-color: #e8baba;""><br> as this is a bug in gconfaudiosink let's reassign it to<br>gst-plugins-good0.10.<br>   </span><span style=""background-color: #edebeb;color: #999999;"">tabular</span><span style=""background-color: #e8baba;""><br></span>",76,"Bug#444769: rhythmbox: Switching sound sink in the middle of a song
	doesn't work 
 <tabular> <closing> <salutation> as this is a bug in gconfaudiosink let's reassign it to
gst-plugins-good0.10.
   <tabular>"
,gmane.comp.web.zope.zetadb,,<1245213507-heterogeny__263.182461685751$1245239526$gmane$CDIOo13JxUOkCWDz@example.com>,xMjhW6Y0LPt/gLKr@example.com,pw6V5RQpFOpzv/6X@example.com,2009-06-17 11:52:02-02:00,"Curing Female sexual Dysfunctiion And Increaszing
	Female Libido","Womcan sat on boyfriend's toilet for 2 years, polcie say
 <gmane_tag_visual_separator> <gmane_tag_mua_signature> <gmane_tag_visual_separator> <gmane_tag_mua_signature>",548.0,167.0,0.0,0.0,0.0,comp,web,zope,zetadb,dev1,False,"<span style=""background-color: #e8baba;"">Curing Female sexual Dysfunctiion And Increaszing
	Female Libido</span> <br> <hr size=""2""> <span style=""background-color: #e8baba;"">Womcan sat on boyfriend's toilet for 2 years, polcie say<br>    </span>",77,"Curing Female sexual Dysfunctiion And Increaszing
	Female Libido 
 Womcan sat on boyfriend's toilet for 2 years, polcie say
    "
<9e08NvUizTqXryIp@example.com>,gmane.comp.file-systems.ext4,6.0,<Xf/aXCgL67uNyv61@example.com>,q6iK4b4vixoRKMF6@example.com,98Ev02CIXvAcGjHf@example.com,2009-07-13 15:29:58+02:00,"Re: [PATCH] jbd2: Fix a race between checkpointing code and
	journal_get_write_access()","<gmane_tag_quotation_marker> <gmane_tag_quotation>   I've been doing some more tests here and there's one more path which emits
the warning when deleting symlinks (falsely this time). I'll send you the fix
when I verify that I cannot trigger the warning anymore.

 <gmane_tag_closing> <gmane_tag_visual_separator> <gmane_tag_personal_signature> <gmane_tag_visual_separator> <gmane_tag_mua_signature>",1029.0,399.0,0.0,0.0,547.0,comp,file-systems,ext4,,10,True,"<span style=""background-color: #e8baba;"">Re: [PATCH] jbd2: Fix a race between checkpointing code and
	journal_get_write_access()</span> <br> <hr size=""2""> <span style=""background-color: #e8baba;""> </span><span style=""background-color: #edebeb;color: #999999;"">quotation</span><span style=""background-color: #e8baba;""><br>   I've been doing some more tests here and there's one more path which emits<br>the warning when deleting symlinks (falsely this time). I'll send you the fix<br>when I verify that I cannot trigger the warning anymore.<br><br> </span><span style=""background-color: #edebeb;color: #999999;"">closing</span><span style=""background-color: #e8baba;""><br>    </span>",78,"Re: [PATCH] jbd2: Fix a race between checkpointing code and
	journal_get_write_access() 
  <quotation>   I've been doing some more tests here and there's one more path which emits
the warning when deleting symlinks (falsely this time). I'll send you the fix
when I verify that I cannot trigger the warning anymore.

 <closing>    "
<5K/F+tFjZ5o5bTP2@example.com>,gmane.linux.drivers.openib,2.0,<oM8syrZeng1rjIPc@example.com>,hFqfQj/jNi9r0CEU@example.com,ukSrZVCKPI9PNBer@example.com,2009-03-12 11:59:59-04:00,"***SPAM*** Re: [ofa-general] Re: [PATCH]
	infiniband-diags/perfquery.8: Update man page for PortXmit/RcvDataSL","<gmane_tag_quotation_marker> <gmane_tag_quotation> I did (and do in general). Not sure why this one was broken.

 <gmane_tag_quotation> <gmane_tag_closing> <gmane_tag_quotation>",678.0,177.0,0.0,0.0,608.0,linux,drivers,openib,,10,True,"<span style=""background-color: #e8baba;"">***SPAM*** Re: [ofa-general] Re: [PATCH]
	infiniband-diags/perfquery.8: Update man page for PortXmit/RcvDataSL</span> <br> <hr size=""2""> <span style=""background-color: #e8baba;""> </span><span style=""background-color: #edebeb;color: #999999;"">quotation</span><span style=""background-color: #e8baba;""><br> I did (and do in general). Not sure why this one was broken.<br><br> </span><span style=""background-color: #edebeb;color: #999999;"">quotation</span><span style=""background-color: #e8baba;""><br> </span><span style=""background-color: #edebeb;color: #999999;"">closing</span><span style=""background-color: #e8baba;""><br> </span><span style=""background-color: #edebeb;color: #999999;"">quotation</span><span style=""background-color: #e8baba;""><br></span>",79,"***SPAM*** Re: [ofa-general] Re: [PATCH]
	infiniband-diags/perfquery.8: Update man page for PortXmit/RcvDataSL 
  <quotation> I did (and do in general). Not sure why this one was broken.

 <quotation> <closing> <quotation>"
<1235140435.6551.11.camel@localhost>,gmane.linux.debian.devel.bugs.general,1.0,<6fwZwnQj5EkDvKje@example.com>,XbqWIi8r6S22WFe+@example.com,"k66nTtNsGuD89zCw@example.com,6mspBLxXuefdSRTM@example.com",2009-09-14 13:37:36+02:00,Bug#507673: Shouldn't parse ' to \',"<gmane_tag_quotation_marker> <gmane_tag_quotation> Can we at least have an option to produce manual pages that are 
non-portable while being displayed correctly on Debian systems?

 <gmane_tag_visual_separator> <gmane_tag_personal_signature>",681.0,241.0,0.0,0.0,537.0,linux,debian,devel,bugs,0,True,"<span style=""background-color: #e8baba;"">Bug#507673: Shouldn't parse ' to \'</span> <br> <hr size=""2""> <span style=""background-color: #e8baba;""> </span><span style=""background-color: #edebeb;color: #999999;"">quotation</span><span style=""background-color: #e8baba;""><br> Can we at least have an option to produce manual pages that are <br>non-portable while being displayed correctly on Debian systems?<br><br>  </span>",80,"Bug#507673: Shouldn't parse ' to \' 
  <quotation> Can we at least have an option to produce manual pages that are 
non-portable while being displayed correctly on Debian systems?

  "
<nEUS0z4r+J8wqXQw@example.com>,gmane.linux.kernel,5.0,<20080918070947.GA7800@lenovo>,udPrjqTvvZVWTO3e@example.com,p/uzhiZAtMTvveqK@example.com,2008-09-18 11:09:47+04:00,"Re: [Bugme-new] [Bug 11543] New: kernel panic: softlockup in
	tick_periodic() ???","<gmane_tag_quotation_marker> <gmane_tag_quotation> <gmane_tag_visual_separator> No Joshua, exactly 'nmi_watchdog=1' since it's important to
find who is responsible that cpu is stuck while testing nmi
watchdog. 'debug and apic=debug' will show additional info
what is happening. And it would be just great if you able
to try latest -tip/master

	http://people.redhat.com/mingo/tip.git/README

since there a lot of work/fix are done. If it's a problem
to fetch this kernel thru git - me or Ingo (I suppose)
could make tar.bz2 archive so you'll not need to fetch
the whole history. I wouldn't say I'm really specialist
in this area so your report could be quite important
not for me only but for others too.

		- Cyrill -",1051.0,718.0,0.0,0.0,408.0,linux,kernel,,,11,True,"<span style=""background-color: #e8baba;"">Re: [Bugme-new] [Bug 11543] New: kernel panic: softlockup in
	tick_periodic() ???</span> <br> <hr size=""2""> <span style=""background-color: #e8baba;""> </span><span style=""background-color: #edebeb;color: #999999;"">quotation</span><span style=""background-color: #e8baba;""><br>  No Joshua, exactly 'nmi_watchdog=1' since it's important to<br>find who is responsible that cpu is stuck while testing nmi<br>watchdog. 'debug and apic=debug' will show additional info<br>what is happening. And it would be just great if you able<br>to try latest -tip/master<br><br>	http://people.redhat.com/mingo/tip.git/README<br><br>since there a lot of work/fix are done. If it's a problem<br>to fetch this kernel thru git - me or Ingo (I suppose)<br>could make tar.bz2 archive so you'll not need to fetch<br>the whole history. I wouldn't say I'm really specialist<br>in this area so your report could be quite important<br>not for me only but for others too.<br><br>		- Cyrill -</span>",81,"Re: [Bugme-new] [Bug 11543] New: kernel panic: softlockup in
	tick_periodic() ??? 
  <quotation>  No Joshua, exactly 'nmi_watchdog=1' since it's important to
find who is responsible that cpu is stuck while testing nmi
watchdog. 'debug and apic=debug' will show additional info
what is happening. And it would be just great if you able
to try latest -tip/master

	http://people.redhat.com/mingo/tip.git/README

since there a lot of work/fix are done. If it's a problem
to fetch this kernel thru git - me or Ingo (I suppose)
could make tar.bz2 archive so you'll not need to fetch
the whole history. I wouldn't say I'm really specialist
in this area so your report could be quite important
not for me only but for others too.

		- Cyrill -"
<DoH7y20UDQp6klCz@example.com>,gmane.comp.jakarta.tomcat.user,4.0,<t8ScJ0qgU8jCk4Tu@example.com>,dX1glqE6AX69NbML@example.com,mZj5mVpQWzprXvtv@example.com,2007-05-22 17:22:38+02:00,"Re: Cannot get SingleonLoader (from jar) to find classes outside
 JAR","that work around is probably not what you want. You've just disabled the 
ability to reload your app correctly.
Try using another classloader, maybe the
Thread.currentThread().getContextClassLoader()

where are you storing the class that is trying to load the singleton? it 
should be in your webapp as well.

 <gmane_tag_closing> <gmane_tag_quotation_marker> <gmane_tag_quotation> <gmane_tag_visual_separator> <gmane_tag_mua_signature>",7507.0,436.0,0.0,0.0,6947.0,comp,jakarta,tomcat,user,10,True,"<span style=""background-color: #e8baba;"">Re: Cannot get SingleonLoader (from jar) to find classes outside
 JAR</span> <br> <hr size=""2""> <span style=""background-color: #e8baba;"">that work around is probably not what you want. You've just disabled the <br>ability to reload your app correctly.<br>Try using another classloader, maybe the<br>Thread.currentThread().getContextClassLoader()<br><br>where are you storing the class that is trying to load the singleton? it <br>should be in your webapp as well.<br><br> </span><span style=""background-color: #edebeb;color: #999999;"">closing</span><span style=""background-color: #e8baba;""><br>  </span><span style=""background-color: #edebeb;color: #999999;"">quotation</span><span style=""background-color: #e8baba;""><br>  </span>",82,"Re: Cannot get SingleonLoader (from jar) to find classes outside
 JAR 
 that work around is probably not what you want. You've just disabled the 
ability to reload your app correctly.
Try using another classloader, maybe the
Thread.currentThread().getContextClassLoader()

where are you storing the class that is trying to load the singleton? it 
should be in your webapp as well.

 <closing>  <quotation>  "
<IQ1Gy33DcsyyVKJJ@example.com>,gmane.comp.db.postgresql.general,1.0,<pRWA2OllC57+l0M4@example.com>,2o+NMIoGF/c0g44M@example.com,gqHxMBUuolxeHqC0@example.com,2009-06-19 08:40:25+08:00,Re: postgresql-8.3.7 unexpected connection closures,"<gmane_tag_quotation_marker> <gmane_tag_quotation> Look at the PostgreSQL server log to see what happened. On Windows, I
think this is in your  PostgreSQL data directory.

(List members: This seems to confuse Windows admins a lot - they're not
used to application log files, apparently. Is it worth having the win32
version of the server report sudden backend death via the Windows event
logging system, with a reference to the Pg log file? I'm not sure, since
it's not clear that most Windows admins look at Event Viewer either...)

 <gmane_tag_visual_separator> <gmane_tag_personal_signature> <gmane_tag_visual_separator> <gmane_tag_mua_signature>",1000.0,649.0,0.0,0.0,342.0,comp,db,postgresql,general,1,True,"<span style=""background-color: #e8baba;"">Re: postgresql-8.3.7 unexpected connection closures</span> <br> <hr size=""2""> <span style=""background-color: #e8baba;""> </span><span style=""background-color: #edebeb;color: #999999;"">quotation</span><span style=""background-color: #e8baba;""><br> Look at the PostgreSQL server log to see what happened. On Windows, I<br>think this is in your  PostgreSQL data directory.<br><br>(List members: This seems to confuse Windows admins a lot - they're not<br>used to application log files, apparently. Is it worth having the win32<br>version of the server report sudden backend death via the Windows event<br>logging system, with a reference to the Pg log file? I'm not sure, since<br>it's not clear that most Windows admins look at Event Viewer either...)<br><br>    </span>",83,"Re: postgresql-8.3.7 unexpected connection closures 
  <quotation> Look at the PostgreSQL server log to see what happened. On Windows, I
think this is in your  PostgreSQL data directory.

(List members: This seems to confuse Windows admins a lot - they're not
used to application log files, apparently. Is it worth having the win32
version of the server report sudden backend death via the Windows event
logging system, with a reference to the Pg log file? I'm not sure, since
it's not clear that most Windows admins look at Event Viewer either...)

    "
,gmane.comp.web.gallery.cvs,,<JYhPG01+YP8HsjE6@example.com>,TX8Tam1PJdriI3Bc@example.com,,2003-09-08 16:23:31-07:00,"CVS: docs/docbook-xsl/common labels.xsl,1.1,1.2","Update of /cvsroot/gallery/docs/docbook-xsl/common
 <gmane_tag_log_data> <gmane_tag_tabular> target.  GR Docs are on their way! ;)


 <gmane_tag_patch> <gmane_tag_log_data> <gmane_tag_patch> <gmane_tag_visual_separator> <gmane_tag_mua_signature> <gmane_tag_personal_signature> [ list info/archive --> http://gallery.sf.net/lists.php ]
 <gmane_tag_log_data>",1326.0,356.0,163.0,0.0,0.0,comp,web,gallery,cvs,dev1,False,"<span style=""background-color: #e8baba;"">CVS: docs/docbook-xsl/common labels.xsl,1.1,1.2</span> <br> <hr size=""2""> <span style=""background-color: #e8baba;"">Update of /cvsroot/gallery/docs/docbook-xsl/common<br> </span><span style=""background-color: #edebeb;color: #999999;"">log</span><span style=""background-color: #e8baba;""><br> </span><span style=""background-color: #edebeb;color: #999999;"">tabular</span><span style=""background-color: #e8baba;""><br> target.  GR Docs are on their way! ;)<br><br><br>  </span><span style=""background-color: #edebeb;color: #999999;"">log</span><span style=""background-color: #e8baba;""><br>     </span><span style=""background-color: #edebeb;color: #999999;""> list info/archive --</span><span style=""background-color: #e8baba;""><br> http://gallery.sf.net/lists.php ]<br> </span><span style=""background-color: #edebeb;color: #999999;"">log</span><span style=""background-color: #e8baba;""><br></span>",84,"CVS: docs/docbook-xsl/common labels.xsl,1.1,1.2 
 Update of /cvsroot/gallery/docs/docbook-xsl/common
 <log_data> <tabular> target.  GR Docs are on their way! ;)


  <log_data>     [ list info/archive --> http://gallery.sf.net/lists.php ]
 <log_data>"
,gmane.comp.systems.archos.rockbox.cvs,,<Q6Hn2ByqUHZJvv0h@example.com>,4wvXc6Zhfh3SurYC@example.com,8Dq3WjgHuFOa014P@example.com,2008-10-20 19:18:14+02:00,vitja: r18847 - trunk/firmware/target/arm/tcc77x,<gmane_tag_tabular> <gmane_tag_patch> <gmane_tag_raw_code> <gmane_tag_patch> <gmane_tag_visual_separator> <gmane_tag_mua_signature>,4108.0,131.0,0.0,70.0,0.0,comp,systems,archos,rockbox,dev1,False,"<span style=""background-color: #e8baba;"">vitja: r18847 - trunk/firmware/target/arm/tcc77x</span> <br> <hr size=""2""> <span style=""background-color: #e8baba;""></span><span style=""background-color: #edebeb;color: #999999;"">tabular</span><span style=""background-color: #e8baba;""><br>  </span><span style=""background-color: #edebeb;color: #999999;"">code</span><span style=""background-color: #e8baba;""><br>   </span>",85,"vitja: r18847 - trunk/firmware/target/arm/tcc77x 
 <tabular>  <raw_code>   "
<TUl8XeiK0fI1ut1t@example.com>,gmane.linux.debian.devel.release,3.0,<RuaKP8L7fB6j7uwZ@example.com>,gox4nD0BWDy/Fp06@example.com,AhquNJFS/If9Z7vJ@example.com,2007-03-08 14:17:13-08:00,Re: binNMU for linux-modules-contrib-2.6,"<gmane_tag_quotation_marker> <gmane_tag_quotation> The version number in testing needs to be <= the version in unstable.  So
yes, you would need a new upload to unstable first.

 <gmane_tag_visual_separator> <gmane_tag_personal_signature>",905.0,238.0,0.0,0.0,539.0,linux,debian,devel,release,10,True,"<span style=""background-color: #e8baba;"">Re: binNMU for linux-modules-contrib-2.6</span> <br> <hr size=""2""> <span style=""background-color: #e8baba;""> </span><span style=""background-color: #edebeb;color: #999999;"">quotation</span><span style=""background-color: #e8baba;""><br> The version number in testing needs to be [= the version in unstable.  So<br>yes, you would need a new upload to unstable first.<br><br>  </span>",86,"Re: binNMU for linux-modules-contrib-2.6 
  <quotation> The version number in testing needs to be <= the version in unstable.  So
yes, you would need a new upload to unstable first.

  "
<KPUQWabyO2/l6D26@example.com>,gmane.comp.lang.r.devel,1.0,<Sevc4AKliZaCFwkI@example.com>,SjMK1HB3G7Up2+8s@example.com,HxK5GsG64TFsEaqZ@example.com,2009-05-15 08:24:37-05:00,Re: Mac and tcltk,"<gmane_tag_quotation_marker> <gmane_tag_quotation> Gabor, the full universal binary disk image (.dmg) does include tcl/tk  
if the user installs R that way. The 'mini' image does not, so would  
require the user to install tcl/tk separately.

More info here:

   http://cran.r-project.org/bin/macosx/

Supplemental tools for OSX, including tcl/tk, are available from:

   http://cran.r-project.org/bin/macosx/tools/

One can of course also build from source code on OSX, which is what I  
do. More information on that approach is at:

   http://r.research.att.com/building.html

and

   http://r.research.att.com/tools/


 <gmane_tag_closing> <gmane_tag_personal_signature>",949.0,673.0,0.0,0.0,359.0,comp,lang,r,devel,1,True,"<span style=""background-color: #e8baba;"">Re: Mac and tcltk</span> <br> <hr size=""2""> <span style=""background-color: #e8baba;""> </span><span style=""background-color: #edebeb;color: #999999;"">quotation</span><span style=""background-color: #e8baba;""><br> Gabor, the full universal binary disk image (.dmg) does include tcl/tk  <br>if the user installs R that way. The 'mini' image does not, so would  <br>require the user to install tcl/tk separately.<br><br>More info here:<br><br>   http://cran.r-project.org/bin/macosx/<br><br>Supplemental tools for OSX, including tcl/tk, are available from:<br><br>   http://cran.r-project.org/bin/macosx/tools/<br><br>One can of course also build from source code on OSX, which is what I  <br>do. More information on that approach is at:<br><br>   http://r.research.att.com/building.html<br><br>and<br><br>   http://r.research.att.com/tools/<br><br><br> </span><span style=""background-color: #edebeb;color: #999999;"">closing</span><span style=""background-color: #e8baba;""><br> </span>",87,"Re: Mac and tcltk 
  <quotation> Gabor, the full universal binary disk image (.dmg) does include tcl/tk  
if the user installs R that way. The 'mini' image does not, so would  
require the user to install tcl/tk separately.

More info here:

   http://cran.r-project.org/bin/macosx/

Supplemental tools for OSX, including tcl/tk, are available from:

   http://cran.r-project.org/bin/macosx/tools/

One can of course also build from source code on OSX, which is what I  
do. More information on that approach is at:

   http://r.research.att.com/building.html

and

   http://r.research.att.com/tools/


 <closing> "
,gmane.comp.voip.opensips.devel,,<8Pp5g2o12pkS/a66@example.com>,wCAaT2rqGNWQN5RF@example.com,wCAaT2rqGNWQN5RF@example.com,2009-01-21 14:03:50+00:00,[OpenSIPS-Devel] [ opensips-Bugs-2526234 ] WeSip/SEAS error,"Bugs item #2526234, was opened at 2009-01-21 14:03
Message generated for change (Tracker Item Submitted) made by Item Submitter
You can respond by visiting: 
https://sourceforge.net/tracker/?func=detail&atid=1086410&aid=2526234&group_id=232389

Please note that this message will contain a full copy of the comment thread,
including the initial issue submission, for this request,
not just the latest update.
 <gmane_tag_tabular> <gmane_tag_section_heading> I'm using Wesip/SEAS/Opensips.

On the SipServer is present a SipApplication to manage several sip request/response.

Often, the response provided by external system is logged on wesip/debug.log file, but is not
propagated to our SipApplication.

This behavior is not sistematic.

Below a trace of a response with the related exception.

 <gmane_tag_closing> SipProcessor     [SipProcessor[4]] - <<<<<<<<<
 <gmane_tag_log_data> <gmane_tag_tabular> <gmane_tag_inline_headers> <gmane_tag_log_data> <gmane_tag_inline_headers> <gmane_tag_raw_code> <gmane_tag_tabular> <gmane_tag_personal_signature> <gmane_tag_tabular> <gmane_tag_log_data> <gmane_tag_raw_code> <gmane_tag_log_data> <gmane_tag_visual_separator> <gmane_tag_mua_signature>",4833.0,1190.0,3256.0,66.0,0.0,comp,voip,opensips,devel,dev1,False,"<span style=""background-color: #e8baba;"">[OpenSIPS-Devel] [ opensips-Bugs-2526234 ] WeSip/SEAS error</span> <br> <hr size=""2""> <span style=""background-color: #e8baba;"">Bugs item #2526234, was opened at 2009-01-21 14:03<br>Message generated for change (Tracker Item Submitted) made by Item Submitter<br>You can respond by visiting: <br>https://sourceforge.net/tracker/?func=detail&atid=1086410&aid=2526234&group_id=232389<br><br>Please note that this message will contain a full copy of the comment thread,<br>including the initial issue submission, for this request,<br>not just the latest update.<br> </span><span style=""background-color: #edebeb;color: #999999;"">tabular</span><span style=""background-color: #e8baba;""><br>  I'm using Wesip/SEAS/Opensips.<br><br>On the SipServer is present a SipApplication to manage several sip request/response.<br><br>Often, the response provided by external system is logged on wesip/debug.log file, but is not<br>propagated to our SipApplication.<br><br>This behavior is not sistematic.<br><br>Below a trace of a response with the related exception.<br><br> </span><span style=""background-color: #edebeb;color: #999999;"">closing</span><span style=""background-color: #e8baba;""><br> SipProcessor     [SipProcessor</span><span style=""background-color: #edebeb;color: #999999;"">4</span><span style=""background-color: #e8baba;"">] - [[[[[[[[[<br> </span><span style=""background-color: #edebeb;color: #999999;"">log</span><span style=""background-color: #e8baba;""><br> </span><span style=""background-color: #edebeb;color: #999999;"">tabular</span><span style=""background-color: #e8baba;""><br>  </span><span style=""background-color: #edebeb;color: #999999;"">log</span><span style=""background-color: #e8baba;""><br>  </span><span style=""background-color: #edebeb;color: #999999;"">code</span><span style=""background-color: #e8baba;""><br> </span><span style=""background-color: #edebeb;color: #999999;"">tabular</span><span style=""background-color: #e8baba;""><br>  </span><span style=""background-color: #edebeb;color: #999999;"">tabular</span><span style=""background-color: #e8baba;""><br> </span><span style=""background-color: #edebeb;color: #999999;"">log</span><span style=""background-color: #e8baba;""><br> </span><span style=""background-color: #edebeb;color: #999999;"">code</span><span style=""background-color: #e8baba;""><br> </span><span style=""background-color: #edebeb;color: #999999;"">log</span><span style=""background-color: #e8baba;""><br>  </span>",88,"[OpenSIPS-Devel] [ opensips-Bugs-2526234 ] WeSip/SEAS error 
 Bugs item #2526234, was opened at 2009-01-21 14:03
Message generated for change (Tracker Item Submitted) made by Item Submitter
You can respond by visiting: 
https://sourceforge.net/tracker/?func=detail&atid=1086410&aid=2526234&group_id=232389

Please note that this message will contain a full copy of the comment thread,
including the initial issue submission, for this request,
not just the latest update.
 <tabular>  I'm using Wesip/SEAS/Opensips.

On the SipServer is present a SipApplication to manage several sip request/response.

Often, the response provided by external system is logged on wesip/debug.log file, but is not
propagated to our SipApplication.

This behavior is not sistematic.

Below a trace of a response with the related exception.

 <closing> SipProcessor     [SipProcessor[4]] - <<<<<<<<<
 <log_data> <tabular>  <log_data>  <raw_code> <tabular>  <tabular> <log_data> <raw_code> <log_data>  "
,gmane.comp.ide.eclipse.platform.doc.devel,,<Ax0m0kBEoWeUdgHR@example.com>,GRvAH6ktgig9XUqz@example.com,bTjnrAfHedHZ/LFM@example.com,2008-08-21 20:30:38-04:00,"Vote for Committer status for Francis Upton IV
	has started","<gmane_tag_salutation> This automatically generated message signals that Kevin McGuire has
nominated Francis Upton IV as a Committer on the  component of the
eclipse.platform project. The reason given is as follows:

I would like to nominate Francis Upton as a doc committer.  Francis is
already a committer on the platform, doing great work on Common Navigator,
and thus needs to keep the matching doc in shape.  His wordsmithing is
without peer.


The vote is being held via the MyFoundation portal: voters *must* use the
portal for the votes to be properly recorded.  The voting will continue
until either all 44 existing Committers have voted or until they have been
given enough time to vote, even if they do not do so (defined as at least
one week). Francis Upton IV must receive at least three +1s and no -1s for
a successful election.

Eligible Committers must cast their votes through their My Foundation
portal page (do NOT just reply to this email; your vote will not be
correctly recorded unless you use the portal):

    http://portal.eclipse.org/

If you have any questions, please do not hesitate to contact your project
lead, PMC member, or the EMO <IaRYJs1FyLYsDjeK@example.com>

The project Committers eligible to vote are:

 <gmane_tag_closing> <gmane_tag_tabular> <gmane_tag_personal_signature> <gmane_tag_tabular> <gmane_tag_personal_signature> <gmane_tag_tabular> <gmane_tag_personal_signature> <gmane_tag_tabular> <gmane_tag_personal_signature> <gmane_tag_tabular> <gmane_tag_personal_signature> <gmane_tag_tabular> <gmane_tag_personal_signature> <gmane_tag_tabular> <gmane_tag_personal_signature>",2023.0,1620.0,0.0,0.0,0.0,comp,ide,eclipse,platform,dev1,False,"<span style=""background-color: #e8baba;"">Vote for Committer status for Francis Upton IV
	has started</span> <br> <hr size=""2""> <span style=""background-color: #e8baba;""></span><span style=""background-color: #edebeb;color: #999999;"">salutation</span><span style=""background-color: #e8baba;""><br> This automatically generated message signals that Kevin McGuire has<br>nominated Francis Upton IV as a Committer on the  component of the<br>eclipse.platform project. The reason given is as follows:<br><br>I would like to nominate Francis Upton as a doc committer.  Francis is<br>already a committer on the platform, doing great work on Common Navigator,<br>and thus needs to keep the matching doc in shape.  His wordsmithing is<br>without peer.<br><br><br>The vote is being held via the MyFoundation portal: voters *must* use the<br>portal for the votes to be properly recorded.  The voting will continue<br>until either all 44 existing Committers have voted or until they have been<br>given enough time to vote, even if they do not do so (defined as at least<br>one week). Francis Upton IV must receive at least three +1s and no -1s for<br>a successful election.<br><br>Eligible Committers must cast their votes through their My Foundation<br>portal page (do NOT just reply to this email; your vote will not be<br>correctly recorded unless you use the portal):<br><br>    http://portal.eclipse.org/<br><br>If you have any questions, please do not hesitate to contact your project<br>lead, PMC member, or the EMO </span><span style=""background-color: #edebeb;color: #999999;"">IaRYJs1FyLYsDjeK@example.com</span><span style=""background-color: #e8baba;""><br><br><br>The project Committers eligible to vote are:<br><br> </span><span style=""background-color: #edebeb;color: #999999;"">closing</span><span style=""background-color: #e8baba;""><br> </span><span style=""background-color: #edebeb;color: #999999;"">tabular</span><span style=""background-color: #e8baba;""><br>  </span><span style=""background-color: #edebeb;color: #999999;"">tabular</span><span style=""background-color: #e8baba;""><br>  </span><span style=""background-color: #edebeb;color: #999999;"">tabular</span><span style=""background-color: #e8baba;""><br>  </span><span style=""background-color: #edebeb;color: #999999;"">tabular</span><span style=""background-color: #e8baba;""><br>  </span><span style=""background-color: #edebeb;color: #999999;"">tabular</span><span style=""background-color: #e8baba;""><br>  </span><span style=""background-color: #edebeb;color: #999999;"">tabular</span><span style=""background-color: #e8baba;""><br>  </span><span style=""background-color: #edebeb;color: #999999;"">tabular</span><span style=""background-color: #e8baba;""><br> </span>",89,"Vote for Committer status for Francis Upton IV
	has started 
 <salutation> This automatically generated message signals that Kevin McGuire has
nominated Francis Upton IV as a Committer on the  component of the
eclipse.platform project. The reason given is as follows:

I would like to nominate Francis Upton as a doc committer.  Francis is
already a committer on the platform, doing great work on Common Navigator,
and thus needs to keep the matching doc in shape.  His wordsmithing is
without peer.


The vote is being held via the MyFoundation portal: voters *must* use the
portal for the votes to be properly recorded.  The voting will continue
until either all 44 existing Committers have voted or until they have been
given enough time to vote, even if they do not do so (defined as at least
one week). Francis Upton IV must receive at least three +1s and no -1s for
a successful election.

Eligible Committers must cast their votes through their My Foundation
portal page (do NOT just reply to this email; your vote will not be
correctly recorded unless you use the portal):

    http://portal.eclipse.org/

If you have any questions, please do not hesitate to contact your project
lead, PMC member, or the EMO <IaRYJs1FyLYsDjeK@example.com>

The project Committers eligible to vote are:

 <closing> <tabular>  <tabular>  <tabular>  <tabular>  <tabular>  <tabular>  <tabular> "
<f7221x0S/Nux/oMS@example.com>,gmane.linux.suse.general,1.0,<64M6GUwHmQfXMT/c@example.com>,0Zhj/XCBF/8dvkya@example.com,,2002-08-26 10:16:39-07:00,Re: [SLE] Mounting USB Camera,"<gmane_tag_quotation_marker> <gmane_tag_quotation> Heres the appropriate line from my /etc/fstab

/dev/sdc1	/media/camera	vfat	noauto,user 0 0
obviously your device and mountpoint are diferent but this may get you 
where you're going

All i have to do is plug in the camera, turn it on and click the 
desktop icon I created for a disk called camera.
I haven't tried deleting images off of the camera but it is no problem 
to copy them to harddisk for editing, etc.

 <gmane_tag_closing> <gmane_tag_visual_separator> <gmane_tag_personal_signature> <gmane_tag_visual_separator> <gmane_tag_mua_signature>",1155.0,601.0,0.0,0.0,507.0,linux,suse,general,,1,True,"<span style=""background-color: #e8baba;"">Re: [SLE] Mounting USB Camera</span> <br> <hr size=""2""> <span style=""background-color: #e8baba;""> </span><span style=""background-color: #edebeb;color: #999999;"">quotation</span><span style=""background-color: #e8baba;""><br> Heres the appropriate line from my /etc/fstab<br><br>/dev/sdc1	/media/camera	vfat	noauto,user 0 0<br>obviously your device and mountpoint are diferent but this may get you <br>where you're going<br><br>All i have to do is plug in the camera, turn it on and click the <br>desktop icon I created for a disk called camera.<br>I haven't tried deleting images off of the camera but it is no problem <br>to copy them to harddisk for editing, etc.<br><br> </span><span style=""background-color: #edebeb;color: #999999;"">closing</span><span style=""background-color: #e8baba;""><br>    </span>",90,"Re: [SLE] Mounting USB Camera 
  <quotation> Heres the appropriate line from my /etc/fstab

/dev/sdc1	/media/camera	vfat	noauto,user 0 0
obviously your device and mountpoint are diferent but this may get you 
where you're going

All i have to do is plug in the camera, turn it on and click the 
desktop icon I created for a disk called camera.
I haven't tried deleting images off of the camera but it is no problem 
to copy them to harddisk for editing, etc.

 <closing>    "
<I8fTALBEp+UwnXhY@example.com>,gmane.comp.lib.qt.general,6.0,<U8DVC+HzSGaT+FVC@example.com>,lZVtnkiPhGrqbX+k@example.com,GwWJMMMlkj1m/0Op@example.com,2009-01-20 19:26:39+01:00,"Re: [OT] Specify location of DLL dependencies on
	Windows","I take it noone has a solution for my original problem?

 <gmane_tag_closing> <gmane_tag_quotation_marker> <gmane_tag_quotation> <gmane_tag_visual_separator> <gmane_tag_mua_signature>",2962.0,183.0,0.0,0.0,2742.0,comp,lib,qt,general,10,True,"<span style=""background-color: #e8baba;"">Re: [OT] Specify location of DLL dependencies on
	Windows</span> <br> <hr size=""2""> <span style=""background-color: #e8baba;"">I take it noone has a solution for my original problem?<br><br> </span><span style=""background-color: #edebeb;color: #999999;"">closing</span><span style=""background-color: #e8baba;""><br>  </span><span style=""background-color: #edebeb;color: #999999;"">quotation</span><span style=""background-color: #e8baba;""><br>  </span>",91,"Re: [OT] Specify location of DLL dependencies on
	Windows 
 I take it noone has a solution for my original problem?

 <closing>  <quotation>  "
,gmane.mail.spam.spamassassin.cvs,,<DnU3e43rdi4GBmSG@example.com>,YF0YNitbO/407JhE@example.com,w1f00OmxvY/rrF/q@example.com,2008-08-17 22:50:28+00:00,"[Spamassassin Wiki] Update of ""Rules/HELO EQ D D D D"" by LeeMaguire","<gmane_tag_salutation> <gmane_tag_mua_signature> The following page has been changed by LeeMaguire:
http://wiki.apache.org/spamassassin/Rules/HELO_EQ_D_D_D_D

The comment on the change is:
missed the FH_ prefix, but the rename page option didn't work.

 <gmane_tag_patch>",1347.0,271.0,0.0,0.0,0.0,mail,spam,spamassassin,cvs,admin1,False,"<span style=""background-color: #e8baba;"">[Spamassassin Wiki] Update of ""Rules/HELO EQ D D D D"" by LeeMaguire</span> <br> <hr size=""2""> <span style=""background-color: #e8baba;""></span><span style=""background-color: #edebeb;color: #999999;"">salutation</span><span style=""background-color: #e8baba;""><br>  The following page has been changed by LeeMaguire:<br>http://wiki.apache.org/spamassassin/Rules/HELO_EQ_D_D_D_D<br><br>The comment on the change is:<br>missed the FH_ prefix, but the rename page option didn't work.<br><br> </span>",92,"[Spamassassin Wiki] Update of ""Rules/HELO EQ D D D D"" by LeeMaguire 
 <salutation>  The following page has been changed by LeeMaguire:
http://wiki.apache.org/spamassassin/Rules/HELO_EQ_D_D_D_D

The comment on the change is:
missed the FH_ prefix, but the rename page option didn't work.

 "
<bWtrwFtK232F+hVy@example.com>,gmane.linux.drivers.openib,0.0,<bWtrwFtK232F+hVy@example.com>,Oaj4wCcPsb8jMe+p@example.com,,2006-02-17 08:15:49-08:00,"Re: Plans for libibverbs 1.0, 1.1 and beyond","Christoph> we also currently prefer svn for the 1.0 release.  At
 <gmane_tag_quotation> <gmane_tag_tabular> <gmane_tag_quotation> <gmane_tag_log_data> There seems to be some confusion here.  There would only ever be one
libibverbs repository.  The only question is whether it remains in svn
or moves to a different SCM.

In fact moving to git would make porting patches between different
branches far easier.

 - R.",659.0,415.0,53.0,0.0,138.0,linux,drivers,openib,,0,True,"<span style=""background-color: #e8baba;"">Re: Plans for libibverbs 1.0, 1.1 and beyond</span> <br> <hr size=""2""> <span style=""background-color: #e8baba;"">Christoph]<br> we also currently prefer svn for the 1.0 release.  At<br> </span><span style=""background-color: #edebeb;color: #999999;"">quotation</span><span style=""background-color: #e8baba;""><br> </span><span style=""background-color: #edebeb;color: #999999;"">tabular</span><span style=""background-color: #e8baba;""><br> </span><span style=""background-color: #edebeb;color: #999999;"">quotation</span><span style=""background-color: #e8baba;""><br> </span><span style=""background-color: #edebeb;color: #999999;"">log</span><span style=""background-color: #e8baba;""><br> There seems to be some confusion here.  There would only ever be one<br>libibverbs repository.  The only question is whether it remains in svn<br>or moves to a different SCM.<br><br>In fact moving to git would make porting patches between different<br>branches far easier.<br><br> - R.</span>",93,"Re: Plans for libibverbs 1.0, 1.1 and beyond 
 Christoph> we also currently prefer svn for the 1.0 release.  At
 <quotation> <tabular> <quotation> <log_data> There seems to be some confusion here.  There would only ever be one
libibverbs repository.  The only question is whether it remains in svn
or moves to a different SCM.

In fact moving to git would make porting patches between different
branches far easier.

 - R."
,gmane.linux.debian.qa-packages,,<aAxo6V/xbLbTb/pu@example.com>,Xt7GAu2G081YK0zm@example.com,d+hC6d6XOnFoCvdm@example.com,2007-09-09 16:39:15-06:00,wmifs 1.3b1-17 MIGRATED to testing,"FYI: The status of the wmifs source package
in Debian's testing distribution has changed.

 <gmane_tag_tabular> <gmane_tag_visual_separator> <gmane_tag_mua_signature> <gmane_tag_visual_separator> <gmane_tag_mua_signature>",444.0,221.0,0.0,0.0,0.0,linux,debian,qa-packages,,dev1,False,"<span style=""background-color: #e8baba;"">wmifs 1.3b1-17 MIGRATED to testing</span> <br> <hr size=""2""> <span style=""background-color: #e8baba;"">FYI: The status of the wmifs source package<br>in Debian's testing distribution has changed.<br><br> </span><span style=""background-color: #edebeb;color: #999999;"">tabular</span><span style=""background-color: #e8baba;""><br>    </span>",94,"wmifs 1.3b1-17 MIGRATED to testing 
 FYI: The status of the wmifs source package
in Debian's testing distribution has changed.

 <tabular>    "
<WzVGcXKGZDshr0v4@example.com>,gmane.linux.alsa.devel,1.0,<5vywIm4CVdPOwrEE@example.com>,ePauvVcCNtIzobp0@example.com,,2004-03-22 10:56:31+01:00,Re: snd_pcm_wait()  More details required.,"<gmane_tag_quotation_marker> <gmane_tag_quotation> When avail >= avail_min.

 <gmane_tag_quotation> We had a bug in the resample plugin which causes that snd_pcm_wait() 
function was broken. Try alsa-lib from CVS.

 <gmane_tag_closing> <gmane_tag_visual_separator> <gmane_tag_log_data> <gmane_tag_personal_signature> <gmane_tag_visual_separator> <gmane_tag_mua_signature>",1646.0,371.0,47.0,0.0,1064.0,linux,alsa,devel,,0,True,"<span style=""background-color: #e8baba;"">Re: snd_pcm_wait()  More details required.</span> <br> <hr size=""2""> <span style=""background-color: #e8baba;""> </span><span style=""background-color: #edebeb;color: #999999;"">quotation</span><span style=""background-color: #e8baba;""><br> When avail ]<br>= avail_min.<br><br> </span><span style=""background-color: #edebeb;color: #999999;"">quotation</span><span style=""background-color: #e8baba;""><br> We had a bug in the resample plugin which causes that snd_pcm_wait() <br>function was broken. Try alsa-lib from CVS.<br><br> </span><span style=""background-color: #edebeb;color: #999999;"">closing</span><span style=""background-color: #e8baba;""><br>  </span><span style=""background-color: #edebeb;color: #999999;"">log</span><span style=""background-color: #e8baba;""><br>   </span>",95,"Re: snd_pcm_wait()  More details required. 
  <quotation> When avail >= avail_min.

 <quotation> We had a bug in the resample plugin which causes that snd_pcm_wait() 
function was broken. Try alsa-lib from CVS.

 <closing>  <log_data>   "
<jxPKgvnxZFwg+aQX@example.com>,gmane.linux.debian.ports.sparc,1.0,<7hjdBvLqvBlJZxC+@example.com>,ufH4aft1Puc/ifV2@example.com,,2004-03-05 22:02:22+01:00,Re: Newbie Sparcstation 20 question,"<gmane_tag_salutation> <gmane_tag_quotation_marker> <gmane_tag_quotation> I installed Woody (= 3.0 stable) on some SS20 with SBUS and with onboard 
graphics,  never had to use a serial console ?!?

I suggest to check your openboot environment.

I don't have access to my SS20's until monday, if you still need help, feel 
free to contact me.

 <gmane_tag_closing> <gmane_tag_visual_separator> <gmane_tag_mua_signature>",1039.0,418.0,0.0,0.0,606.0,linux,debian,ports,sparc,0,True,"<span style=""background-color: #e8baba;"">Re: Newbie Sparcstation 20 question</span> <br> <hr size=""2""> <span style=""background-color: #e8baba;""></span><span style=""background-color: #edebeb;color: #999999;"">salutation</span><span style=""background-color: #e8baba;""><br>  </span><span style=""background-color: #edebeb;color: #999999;"">quotation</span><span style=""background-color: #e8baba;""><br> I installed Woody (= 3.0 stable) on some SS20 with SBUS and with onboard <br>graphics,  never had to use a serial console ?!?<br><br>I suggest to check your openboot environment.<br><br>I don't have access to my SS20's until monday, if you still need help, feel <br>free to contact me.<br><br> </span><span style=""background-color: #edebeb;color: #999999;"">closing</span><span style=""background-color: #e8baba;""><br>  </span>",96,"Re: Newbie Sparcstation 20 question 
 <salutation>  <quotation> I installed Woody (= 3.0 stable) on some SS20 with SBUS and with onboard 
graphics,  never had to use a serial console ?!?

I suggest to check your openboot environment.

I don't have access to my SS20's until monday, if you still need help, feel 
free to contact me.

 <closing>  "
<020601c64937$6641b910$e701a8c0@tecra>,gmane.comp.hardware.microcontrollers.hc12,0.0,<020601c64937$6641b910$e701a8c0@tecra>,jTpcwl5ovYDx39BC@example.com,,2006-03-16 12:22:50-08:00,"Re: All you wanted to know about the FSL MCU roadmap but were
 too afraid to ask","The BDM  was a extremely well thought out interface, the first of its kind 
and certanly something to capitalize on for this market. This allows cheap 
affordable debugging features and there are already a considirable amount of 
tool support for the HCS12 series.

Freescale did indeed improve very much by providing easy and quick access to 
samples and with its listing in the DigiKey cataloge - thanks very much.

However it is the responsibility of Freescale to not send mixed signals - we 
users have a VERY sensitive ear for companies with inconsistant business 
models and projections. Maybe the suits at Freescale watch to much  of 
 <gmane_tag_personal_signature> <gmane_tag_quotation_marker> <gmane_tag_inline_headers> <gmane_tag_quotation>",2613.0,751.0,0.0,0.0,1719.0,comp,hardware,microcontrollers,hc12,1,True,"<span style=""background-color: #e8baba;"">Re: All you wanted to know about the FSL MCU roadmap but were
 too afraid to ask</span> <br> <hr size=""2""> <span style=""background-color: #e8baba;"">The BDM  was a extremely well thought out interface, the first of its kind <br>and certanly something to capitalize on for this market. This allows cheap <br>affordable debugging features and there are already a considirable amount of <br>tool support for the HCS12 series.<br><br>Freescale did indeed improve very much by providing easy and quick access to <br>samples and with its listing in the DigiKey cataloge - thanks very much.<br><br>However it is the responsibility of Freescale to not send mixed signals - we <br>users have a VERY sensitive ear for companies with inconsistant business <br>models and projections. Maybe the suits at Freescale watch to much  of <br>    </span><span style=""background-color: #edebeb;color: #999999;"">quotation</span><span style=""background-color: #e8baba;""><br></span>",97,"Re: All you wanted to know about the FSL MCU roadmap but were
 too afraid to ask 
 The BDM  was a extremely well thought out interface, the first of its kind 
and certanly something to capitalize on for this market. This allows cheap 
affordable debugging features and there are already a considirable amount of 
tool support for the HCS12 series.

Freescale did indeed improve very much by providing easy and quick access to 
samples and with its listing in the DigiKey cataloge - thanks very much.

However it is the responsibility of Freescale to not send mixed signals - we 
users have a VERY sensitive ear for companies with inconsistant business 
models and projections. Maybe the suits at Freescale watch to much  of 
    <quotation>"
<EgClBl7lZ0a1egIb@example.com>,gmane.comp.gnu.radio.general,1.0,<t4QT4v3iPKH66B5b@example.com>,gkUgN0/Rr2Hoapk9@example.com,BGrGldTb2+cX2eRe@example.com,2007-06-25 15:11:52-04:00,"Re: reporting control/status responses for
	inband signaling?","<gmane_tag_quotation_marker> <gmane_tag_quotation> I'll do my best to figure it out.

 <gmane_tag_quotation> I should note here that the USRP doesn't care which application on the
host requests the different actions, which is probably why we have the
fixed channel of 0x1f.  The USRP is simply the endpoint.

 <gmane_tag_quotation> Looking at the payload of the control channel, any of the op codes
that write something and then have the USRP reply back seem to have an
RID within them to determine where to send things back.

This is probably what should be inserted/stripped by the usrp_server
to figure out which application receives the reply.

I can see this working where the Application requests something (ping
perhaps?) and sends the ping request to the usrp_server.  The
usrp_server constructs the packet with the next available RID
(probably just some incremental counter mod 64, or if you don't expect
one application to have multiple outstanding commands, just a unique
number for each application which is reused - just ideas and you know
this more than I would).  After the USRP then processes the command
and sends the reply back, the usrp_server will read the RID field of
the received packet and forward the packet (minus the RID) back to the
Application.

I could be missing it just as much as you did, but what do you think about that?

 <gmane_tag_closing>",2626.0,1377.0,0.0,0.0,1361.0,comp,gnu,radio,general,1,True,"<span style=""background-color: #e8baba;"">Re: reporting control/status responses for
	inband signaling?</span> <br> <hr size=""2""> <span style=""background-color: #e8baba;""> </span><span style=""background-color: #edebeb;color: #999999;"">quotation</span><span style=""background-color: #e8baba;""><br> I'll do my best to figure it out.<br><br> </span><span style=""background-color: #edebeb;color: #999999;"">quotation</span><span style=""background-color: #e8baba;""><br> I should note here that the USRP doesn't care which application on the<br>host requests the different actions, which is probably why we have the<br>fixed channel of 0x1f.  The USRP is simply the endpoint.<br><br> </span><span style=""background-color: #edebeb;color: #999999;"">quotation</span><span style=""background-color: #e8baba;""><br> Looking at the payload of the control channel, any of the op codes<br>that write something and then have the USRP reply back seem to have an<br>RID within them to determine where to send things back.<br><br>This is probably what should be inserted/stripped by the usrp_server<br>to figure out which application receives the reply.<br><br>I can see this working where the Application requests something (ping<br>perhaps?) and sends the ping request to the usrp_server.  The<br>usrp_server constructs the packet with the next available RID<br>(probably just some incremental counter mod 64, or if you don't expect<br>one application to have multiple outstanding commands, just a unique<br>number for each application which is reused - just ideas and you know<br>this more than I would).  After the USRP then processes the command<br>and sends the reply back, the usrp_server will read the RID field of<br>the received packet and forward the packet (minus the RID) back to the<br>Application.<br><br>I could be missing it just as much as you did, but what do you think about that?<br><br> </span><span style=""background-color: #edebeb;color: #999999;"">closing</span><span style=""background-color: #e8baba;""><br></span>",98,"Re: reporting control/status responses for
	inband signaling? 
  <quotation> I'll do my best to figure it out.

 <quotation> I should note here that the USRP doesn't care which application on the
host requests the different actions, which is probably why we have the
fixed channel of 0x1f.  The USRP is simply the endpoint.

 <quotation> Looking at the payload of the control channel, any of the op codes
that write something and then have the USRP reply back seem to have an
RID within them to determine where to send things back.

This is probably what should be inserted/stripped by the usrp_server
to figure out which application receives the reply.

I can see this working where the Application requests something (ping
perhaps?) and sends the ping request to the usrp_server.  The
usrp_server constructs the packet with the next available RID
(probably just some incremental counter mod 64, or if you don't expect
one application to have multiple outstanding commands, just a unique
number for each application which is reused - just ideas and you know
this more than I would).  After the USRP then processes the command
and sends the reply back, the usrp_server will read the RID field of
the received packet and forward the packet (minus the RID) back to the
Application.

I could be missing it just as much as you did, but what do you think about that?

 <closing>"
<1043015655.51041.505.camel@localhost>,gmane.os.freebsd.questions,3.0,<jpOBDA8jvvMjyLXc@example.com>,r7/oL8ywZ2yRCy1h@example.com,,2003-01-20 13:46:26-07:00,Re: portupgrade of jasper-1.500.4 fails,"There is actually a typo in the patch file for the jasper port. I've
already email the maintainer about it (Don't know if he's emailed me
back, as I've been having email issues since).

Edit
ports/graphics/jasper/files/patch-src-libjasper-include-jasper-jas_types.h
and change:

 <gmane_tag_patch> To say:

 <gmane_tag_patch> <gmane_tag_quotation_marker> <gmane_tag_quotation> <gmane_tag_mua_signature>",1904.0,402.0,0.0,0.0,1425.0,os,freebsd,questions,,10,True,"<span style=""background-color: #e8baba;"">Re: portupgrade of jasper-1.500.4 fails</span> <br> <hr size=""2""> <span style=""background-color: #e8baba;"">There is actually a typo in the patch file for the jasper port. I've<br>already email the maintainer about it (Don't know if he's emailed me<br>back, as I've been having email issues since).<br><br>Edit<br>ports/graphics/jasper/files/patch-src-libjasper-include-jasper-jas_types.h<br>and change:<br><br>  To say:<br><br>   </span><span style=""background-color: #edebeb;color: #999999;"">quotation</span><span style=""background-color: #e8baba;""><br> </span>",99,"Re: portupgrade of jasper-1.500.4 fails 
 There is actually a typo in the patch file for the jasper port. I've
already email the maintainer about it (Don't know if he's emailed me
back, as I've been having email issues since).

Edit
ports/graphics/jasper/files/patch-src-libjasper-include-jasper-jas_types.h
and change:

  To say:

   <quotation> "
