,instance_id,label_Act:::Thank you/Welcome,label_Act:::Commit/Agree,label_Act:::Request,label_Act:::Deliver/Informative,label_Act:::Amend,label_Act:::Remind,label_Act:::Refuse,label_Act:::Introduction,label_Act:::Propose,label_spam,label_Sender Expectation,cleaned_text,batch,split
0,1_0,0.0,0.0,1.0,1.0,0.0,0.0,0.0,0.0,0.0,0.0,1.0,"Re: Cannot find bcopy() 
  <quotation> symbol is found in the header. The object apparently compiles fine. I'm 
not that familiar with uclibc but because it's so modular I bet it's 
built without bcopy support. (I can only speculate here, I have nothing 
to test). A quick browse through the source code shows me that bcopy 
will exist if __UCLIBC_SUSV3_LEGACY__ is defined.",1,test
1,1_1,0.0,0.0,0.0,1.0,0.0,0.0,0.0,0.0,0.0,0.0,0.0,"Re: need help fixing broken tests in py3k-pep3137
	branch 
  <quotation> This behavior is correct -- it is how it always worked in 2.x. The
array module writes machine specific data in general (try floats or
doubles or ints). For machine-independent binary data, the struct
module can help.

  ",1,train
2,1_10,1.0,0.0,1.0,1.0,0.0,0.0,0.0,0.0,0.0,0.0,1.0,"errors using mdbus commands 
 I'm having some problems with getting dbus GSM commands working from  
the command-line:

 <log_data> I'm running FSO 5:
 <raw_code> armv4tl unknown
 <tabular>  From reading the mailing list archives and the Wiki, it's not  
entirely clear to me if this is an invocation error on my part or an  
actual bug.
Do I have to allocate the GSM resource via org.freesmartphone.ousaged  
first ?
It seems like I should be able to do a GSM.Device.GetInfo from the  
command-line based on what I've read so far.
Have any of the object pathnames changed between FSO 3 and 5 ? The  
examples on the Wiki say they're for FSO 3.

Any thoughts/help/thwacks on the head would be appreciated.
 <closing>",1,train
3,1_11,0.0,0.0,0.0,1.0,0.0,0.0,0.0,0.0,0.0,0.0,1.0,"Re: Adding test case to test run gives error 
 I tried with Firefox to see what when i click on ""Add Test Cases""
button there is no action taken place i remin in tha same page.",1,train
4,1_12,0.0,0.0,1.0,0.0,0.0,0.0,0.0,0.0,0.0,0.0,1.0,"Re: HP 4P scanner use 
 Thanks to Brian McKee for advice to enable me to start XSane from my 
desktop instead of from root in a terminal. He advised to add my user 
name to the scanner group. I had to do this via root in a terminal.
However I have the annoying problem that an error message ""Failed to 
create file: Permission denied"" occurs when I try to close XSane. I have 
to close this error message 3 times before XSane closes.
I started XSane from a user terminal but the same error message occurred 
when closing and no message  occurred in the terminal.

When I typed users-admin in root this message occurred prior to the 
user-admin window opening:
 <log_data>  reply timeout expired, or the network connection was broken.
 <log_data> Could that have something to do with the XSane closing error?

 <closing>",1,val
5,1_13,0.0,0.0,1.0,0.0,0.0,0.0,0.0,0.0,0.0,0.0,1.0,"help for new feature level-dependent fold highlighting? 
 I'm trying to revise the source in screen.c to allow for showing
different fold highlighting depending on the level of a fold.
Currently there is one highlight group for all folded lines (""Fold"" or
the HLF_FL tag in screen.c).   Having highlighting that can vary
depending on the level gives better visual cues when using Vim for
highlighting.

I had a modification working that modified the source to add nine new
highlight flags for levels 2 through 10 (e.g., HLF_FL2, HLF_FL3,
HLF_FL4, HLF_FL5) and that works and was fairly straightforward.  See
screenshot  here:
http://www.plainspokenfinancial.com/screenshot.png

But a better solution would be to run a hl_combine_attr function on
HLF_FL and the current screen attributes.  That way a user can
specify, e.g., 'hi Fold gui=bold guifg=NONE' and the folds will have
color of the highlighted region or match below, but show up as bold to
give a visual cue for the fold.  This requires modification (I think)
of only one line in the code, and also makes it easier to add certain
functions I'm thinking of adding to the VimOutliner project.

I'm having trouble coming up with the correct combine attr's solution
and I'm wondering if someone can help.  I've made a revision in the
line below, and it does indeed work to reveal highlighting of a region
below, but it REVEALS THE HIGHLIGHT OF THE LINE ABOVE THE FOLD, not
the highlight of the line immediately under the fold.  I suspect this
is a with specify the offset in ScreenAttr[], but I can't figure out
what the corect offset should be.

Can someone offer some help?

Here's original line in screen.c:

  <log_data> text */
 <raw_code>  I've revised that line to be:
  <raw_code>  As I said, that revision works so that highlight of the line above the
fold is revealed on the fold line when the fold highlight is set to
NONE (i.e., 'hl Fold gui=bold guifg=NONE).

I hoping there's something simple I'm missing about specifying the
ScreenAttrs[] offset.    Any hints?

 <closing>   ",1,train
6,1_14,0.0,0.0,1.0,1.0,0.0,0.0,0.0,0.0,0.0,0.0,1.0,"RE: Header Checks 
 OK - 

	This did not work:
		/^From:. vfort@jobsoft\.com/	REJECT

	This did work:
		/vfort@jobsoft\.com/	REJECT

Whats the difference?

On another note, how do you configured postfix to send-back the email with a rejection message.  So as the sender knows it was rejected?

 <closing>    <quotation> Must be:
	/^From:.*vfort@jobsoft\.com/                   REJECT

   traegt nichts zum Glueck bei.

    ",1,train
7,1_15,0.0,0.0,1.0,1.0,0.0,0.0,0.0,0.0,0.0,0.0,1.0,"Re: Oh why won't it work 
  <quotation> Did you not read my response to your question about this earlier?
You have the same exact code you posted a few days ago that will
not work.


 <closing>     ",1,train
8,1_16,0.0,0.0,1.0,1.0,0.0,0.0,0.0,0.0,0.0,0.0,1.0,"[ofa-general] sun x4100 with IB 
 I have several Sun x4100 with Infiniband servers which appear to be
running at 400MB/sec instead of 800MB/sec.  It's a freshly reformatted
cluster converting from solaris to linux.  We also reset the bios
settings with ""load optimal defaults"". Does anyone know which bios
setting I changed to dump the BW?

 <closing>  <log_data>",1,train
9,1_17,1.0,0.0,0.0,1.0,0.0,0.0,0.0,0.0,0.0,0.0,0.0,"Re: FC6 ipw3945 on Dell D820 not working. What's the best way? 
  <quotation> My BIOS is A6 (from April), and it does not suspend.  I spent two whole 
nights trying different quirk options.  They never should have changed 
the power management software in the state it's in.

I hate that I have this brand new laptop and I have to run an older 
version of Fedora on it, but I've tried all I can try.  Hopefully Fedora 
8 will be better.

 <quotation> Your script was very helpful.  Thanks.  More on that later


  <quotation> I uninstalled the iwl stuff.  Nothing I read explicitly said so, but my 
instincts told me they were mutually exclusive.

 <quotation> I never had it enabled.  What does it do?

 <quotation> Got this problem fixed with Brian Millett's script.

 <quotation> My old laptop is running SUSE.  They have a tool called SCPM, System 
Configuration Profile Manager, that lets you store and retrieve 
different config files for different environments.  I was wondering how 
you would do this in Fedora.  While I'm sure your suggestion isn't the 
official way it's supposed to be done, that sounds like it would work, 
and work well and predictably.  I'll bring it into work Monday and try that.

 <quotation> I find system-config-network highly unpredictable.  It's the first 
Fedora program I learned to hate ;)

 <quotation> Likewise, the man pages for NetworkManager are about two paragraphs 
long.  I guess I'll have to just save all my config files and try it and 
  see what it does.

 <quotation> Yes.  Everything is working now.  But it took the hints posted on no 
less than three emails to get the whole picture.  In addiition to Paul's 
and Brian's suggestions, I found a third post from a related thread 
suggesting putting  ""alias eth1 ipw3945"" in /etc/modprobe.conf.  I never 
thought to check for that, because I couldn't imagine a scenario where 
the install didn't do that for me, but I guess I was wrongt.

Thank you both for your suggestions.  I would rather have gotten suspend 
working in F7 than revoert to FC6, but at least I have Fc6 working, and 
as soon as I migrate my configuration over from the old laptop, I might 
even have domestic tranquility again.

  ",1,train
10,1_18,0.0,0.0,1.0,0.0,0.0,0.0,0.0,0.0,0.0,0.0,1.0,"zope\app\container\contained.py 
 <salutation> line 545 of zope\app\container\contained.py contains a testcase
"">>> setitem(container, container.__setitem__, 'hello ' + chr(200), item)""
which should give back a traceback:
 <log_data> <raw_code> <log_data> <raw_code> but the name parameter is correct:
""
 <quotation> u'hello \xc8'
 <quotation> ""
So the unit tests give a failure:
""
  <log_data> <raw_code> <tabular> <log_data> <tabular> Got nothing
""
What should be done?

 <closing>",1,train
11,1_19,1.0,0.0,1.0,1.0,0.0,0.0,0.0,0.0,0.0,0.0,1.0,"VFPX:  Ever seen this 
 Two major points, first VFP
 
Open a table in the command window, no order is set,  fresh table copied from one ran in my Production system.  Move, browse through the records.
Open another table (created a few weeks ago), no order is set (non-available) and the record pointer in the first table goes to a particular point.  Won't budge.
Discovered this when I ran a ""quicky update"" program (yeah right) and got strange results.  It was because my seek() didn't move the record pointer in the first table mentioned above. No relations, no nothing. 
 
No get this, if I close the second table behavior on the first returns to normal,  except that the record pointer on the first moves from the point that it was originally stuck.
 
Second: (non-vfp)
 
Recently converted to Windows Live Mail and had responded to some  posts,  well this afternoon I finally noticed that the reply to was the original email address not  Profox? Apologies to anyone receiving a non-solicited email.
 
Any comments on my VFP issue would be greatly appreciated.
 
 <closing> <quotation>",1,train
12,1_2,0.0,0.0,1.0,1.0,0.0,0.0,0.0,0.0,0.0,0.0,1.0,"Re: Re: Re: low disk performance 
  <quotation> What is strange, is that this is almost all writes.  Do you have
the rsync running at this time?  A scrub alone should not look
like this.

I have also observed some strange behavior on a 4 disk raidz,
which may be related.  It is possible to saturate a single disk,
while all the others in the same vdev are completely idle.  It
is very easy to reproduce, so try the following:

Create a filesystem with a 4k recordsize on a 4 disk raidz.
Now, copy a large file to it, while observing 'iostat -xnz 5'.
This is the worst case I have been able to produce, but the
imbalance is apparent even with an untar at the default
recordsize.

Interestingly, it is always the last disk in the set which is busy.
This behavior does not occur with a 3 disk raidz, nor is it as
bad with other record sizes.

 <closing>",1,test
13,1_20,0.0,0.0,0.0,1.0,0.0,0.0,0.0,0.0,0.0,0.0,0.0,"[jira] Created: (TUSCANY-2798) Response destination not used in
 <binding.jms> when JMSReplyTo is absent 
 Response destination not used in <binding.jms> when JMSReplyTo is absent
  <tabular> The OASIS JMS Binding spec makes this clear whereas the OSOA doesn't, but if the JMSReplyTo isn't present on the incoming requestMessage then the response destination should be used.

Not sure the best place to tweak the code to add this just yet, but you can see in TransportServiceInterceptor what we do today in sca-java-1.x

 <raw_code>  <raw_code>    ",1,val
14,1_21,0.0,0.0,1.0,1.0,0.0,0.0,0.0,0.0,0.0,0.0,1.0,"Re: getopt or optparse options/arguments wrapping? 
  <quotation> I'm not clear on exactly what it is you want.  Are you trying to do
something like::

 <raw_code> where ``--foo --bar x y z`` gets handled by your command and ``--tar-foo
--tar-bar tx ty tz`` gets passed on through to the tar command?

 <closing>  ",1,train
15,1_22,0.0,0.0,0.0,1.0,0.0,0.0,0.0,0.0,0.0,0.0,0.0,"Re: 3GPP and 3Gpp2 Support 
 This also requires AAC/aacPlus.
Most of the new multimedia phones will be shipping with this codec.

 <closing>  <quotation>  ",1,val
16,1_23,0.0,0.0,1.0,1.0,0.0,0.0,0.0,1.0,0.0,0.0,1.0,"IP and MAc addresses 
 <salutation> I am a beginner of QT4.
I am trying to construct an application for finding IP and MAC addresses.
I programed sth like:

 <raw_code> and above unfortunately the ""if"" returns true.

I programed sth similar for IP using function  ""QHostAddress
QNetworkAddressEntry::ip () const""
and again it is empty.

Does anyone know how to solve the problems?

 <closing>  ",1,test
17,1_24,0.0,0.0,1.0,1.0,0.0,0.0,0.0,0.0,0.0,0.0,1.0,"Re: iSCSI Target Oopsing under heavy load 
  <quotation> if you can try to use those 1.1GB, things might change.

but if u use vanilla iet without async cache. i can not believe this
frankly. something else must be wrong here.

could you post some information base on your new 2GB box. when u see the
low memory mesg, post

/proc/slabinfo 
 <quotation> <raw_code> <quotation>  ",1,train
18,1_25,0.0,0.0,0.0,1.0,0.0,0.0,0.0,0.0,1.0,0.0,1.0,"Re: Ideas for 1.4 Event Model addition 
 Find attached a UML diagram of my 'first pass' at adding event handling to 
Jetspeed.

The colors are for visual clarity and only roughly based on the design 
archetypes they represent in the Coad/Lefebvre/DeLuca UML color extensions 
and domain-neutral component pattern.  Don't get hung up on that semantic 
hook, the diagram is simple and should be self explanatory.

The differences I identified between awt event model and the problem we are 
trying to solve is that in awt it is an interactive, fully encapsulated 
environment.  The request/response driven http transaction needs some layer 
of abstraction which I called scope to identify the different parts of the 
server/client interaction that might need events triggered.  This scope 
idea roughly replaces the component idea of awt.  I think I picked the 
right scope points, but there probably needs to be some discussion around 
that as well.  There is a potential conflict between portlet set scope and 
portlet group scope which need to also be further explored.


 <closing>  <quotation>",1,train
19,1_26,0.0,0.0,0.0,1.0,0.0,0.0,0.0,0.0,0.0,0.0,1.0,"Bug#271650: FTBFS: illuminator/arm -- shlibs error 
  <quotation> Frankly, I have no clue :-(
 
 <quotation> There are no scripts pulling stuff automatically out of sarge, that's
only done manually after checking bugreports, so just noting it there
would already have been enough.

Note that there is still a serious issue _somewhere_, and as I explained
below, it is actually a problem for illuminator, even though the _fault_
is obviously somewhere else. If now somehow illuminator is build
succesfully on arm due to sheer luck, it might propagate to testing, and
lacking this luck in the future, it might be impossible to do security
support for it. Build failures are always a problem of the failing
package (in addition to the problem-causer, of course), however annoying
that might be.

 <closing>  ",1,train
20,1_27,0.0,0.0,0.0,1.0,0.0,0.0,0.0,0.0,0.0,0.0,0.0,"Re: Gtk.Label : Text Direction 
  <quotation> Sideways rendering requires GTK+ 2.8, which you can bind to if you run
`bootstrap-for-the-insane` (which I guess means GTK+ 2.8 is
unsupported :-).

Plus, no shipping distros include GTK+ 2.8 at this time, so if you want
a large user base you shouldn't depend on it.  GTK+ 2.2 (Gtk# 1.0.x) is
the recommended dependency, or GTK+ 2.4 (Gtk# 2.3.x/2.4.x) if necessary,
as these are already present on more distros.

 <closing>  ",1,test
21,1_28,0.0,0.0,0.0,1.0,0.0,0.0,0.0,0.0,0.0,0.0,0.0,"Re: partially sum variable of a dataframe 
 There's probably a shorter way but below works
and doesn't require the starting points to be in
the a column.

 <raw_code> <quotation>  ",1,train
22,1_29,0.0,0.0,0.0,1.0,0.0,0.0,0.0,0.0,0.0,0.0,1.0,"Re: For your edification... 
  <quotation> I guess this works as long as all code is consistent about accessing
semaphores, and it probably makes for a more efficient implementation (the
store logic doesn't always need to check for reservations), but it's still
non-obvious.  Especially since stores by _other devices in the system_
(including other CPUs) WILL reset the reservation.

I'm glad I'm not the only one that finds this... surprising.  ;)

 <closing>  ",1,train
23,1_3,0.0,0.0,0.0,1.0,0.0,0.0,0.0,0.0,0.0,0.0,0.0,"src ChangeLog configure configure.ac 
 <tabular> <log_data> <tabular> <log_data> 	to $skipdirs and only disable gprof for newlib.  Use the normal
	mips*-elf* handling in other respects.
 <log_data> <tabular> http://sourceware.org/cgi-bin/cvsweb.cgi/src/ChangeLog.diff?cvsroot=src&r1=1.758&r2=1.759
http://sourceware.org/cgi-bin/cvsweb.cgi/src/configure.diff?cvsroot=src&r1=1.276&r2=1.277
http://sourceware.org/cgi-bin/cvsweb.cgi/src/configure.ac.diff?cvsroot=src&r1=1.24&r2=1.25",1,train
24,1_30,0.0,1.0,0.0,1.0,0.0,0.0,0.0,0.0,0.0,0.0,0.0,"[patch #2740] adding accounts fails 
 Update of patch #2740 (project phpgroupware):

 <tabular>   Wasn't closed, closing now

    ",1,test
25,1_31,0.0,0.0,0.0,1.0,0.0,0.0,0.0,0.0,0.0,0.0,0.0,"Re: AC pivot bolt 
  <quotation> As I recall, I was able to get a wrench on the nut and a socket on the head of the bolt.  It was about 7 years ago that I did
this and I no longer have the vehicle or took any pictures, so I put what I remembered on my page.  It all seemed pretty obvious
when you got it all open and looked at what was happening for it to loosen and fail so often.  I also may have tapped threads
for the new bolt in the larger holes, too.

  ",1,train
26,1_32,0.0,0.0,0.0,0.0,0.0,0.0,0.0,0.0,0.0,1.0,0.0,"Re: [KVM-AUTOTEST PATCH 04/06] VM.create(): always destroy() the
 VM before attempting to start it 
  <quotation> <log_data> <quotation>   ",1,test
27,1_33,0.0,0.0,1.0,0.0,0.0,0.0,0.0,0.0,0.0,0.0,1.0,"Re: Installing scratchbox on Fedora 8: PERMISSION PROBLEMS 
  <quotation> Thanks for your response (and from the others as well!).  You mentioned 
those two issues, but what about the problem I had with permissions on 
'/tmp'?

Hmmm...I believe that I am running the newest version (4.1.1?).  To be 
honest with you, I don't recall seeing messages to that effect, but they 
could have been there -- I was almost totally relying on the 
'INSTALL.TXT' that I found on the website where I was reading how to 
install this -- and it did not mention these 'gotchas'.

Oddly, even though I made progress, I eventually hit a brick wall.  I 
was able to install Python2.5, but I was not able to compile a python 
library (i.e. PyEphem) for it -- on both the 'ARM' and 'i386' side.  I 
was forced to return to my (awkward) Debian PC installation (Kubuntu) 
and got further there (although I had 'fun' there as well).  In the end, 
though, I did not accomplish my final goal -- I was able to start the 
Xephyr desktop in scratchbox, but in doing so the graphics (window) 
totally covered my CLI -- so I was not able to see the 'error messages' 
that I was hoping to see.

As well, the 'default' Python invoked is 2.3, and I was not sure how to 
make sure that 2.5 was the one being used when I ran Python programs on 
the Xephyr desktop emulator.

Anyone have any thoughts on these other issues?

 <closing>",1,test
28,1_34,0.0,1.0,0.0,1.0,0.0,0.0,0.0,0.0,1.0,0.0,1.0,"RPSblast and existing BLAST packages (WAS: RemoteBlast) 
 I'm not sure - here are some random musings
It seems easier to organize the modules by program package rather than
by program function - for example,
Smith-Waterman modules are distinct from Blast modules even though the
programs have similar aims. If we're going to have
a uniform access to Remote Blast and standalone blast then one way might
be to have BlastQuery class with common parameter
setting methods, and methods such as
   run_remote_blast
   run_local_blast
    which access the implementing code as appropriate. But this might be
a pain to implement without breaking everyone's existing code.

Or, since standaloneblast uses autoload
we could just add alternative allowable names for methods so that
$factory->p('blastn') and $factory->program('blastn')are treated the
same. Having method names the same as the header names in the blast URI
documentation might be best as I would suspect that everyone has used
the web interface but not everyone uses standalone blast.

 <closing>  ",1,test
29,1_35,0.0,0.0,1.0,1.0,0.0,0.0,0.0,0.0,0.0,0.0,1.0,"Re: Parse encoded HTML in XML <content> node 
 <salutation> Here's the js:

 <raw_code>  <raw_code> and here's a slimmed-down version of my XML file (this would be
contained in ""sample.xml""):

 <raw_code> <log_data> <raw_code> <log_data> <raw_code>  <quotation>",1,train
30,1_36,1.0,0.0,1.0,1.0,0.0,0.0,0.0,0.0,0.0,0.0,1.0,"Re: Platform identify 
 Thank you, WIN32 and _WIN32 worked well.
Which should I use? Where I find documentation?

 <closing>  <quotation>  ",1,test
31,1_37,1.0,0.0,1.0,0.0,0.0,0.0,0.0,0.0,0.0,0.0,1.0,"Bug#429466: gwenview crashed on menu entering 
 <salutation> Thanks for the report. Could you explain exactly what you mean by the 
Modules menu? Do you mean the list of KIPI plugins for 
activation/deactivation, or something else?

Also, please update your libkipi0 and kipi-plugins to the versions 
available in unstable, and tell me if the problem is affected.

 <closing>  <quotation>",1,train
32,1_38,0.0,0.0,1.0,1.0,0.0,0.0,0.0,0.0,0.0,0.0,0.0,"Re: Problems with home directory install 
 Just one thing that it appears that everyone knows but that can't
be stressed enough.

Many of us only have ftp and web access to our sites.

So we can hack config files at home and upload to the site
but we can't run any scripts, except via the web on the site.

And quite often it's hard to convince the host admins to hack
http.conf or php.ini on request.

So please please, don't forget us poor bastards who have to live
with what we have.

 <closing> ps.
I have to admit that I actually can, since I have a local install
at home on my own server and uses weex to update the main site.
But the problems are common.
ds.


  ",1,test
33,1_39,0.0,0.0,0.0,1.0,0.0,0.0,0.0,0.0,0.0,0.0,0.0,"Re: ppp-udeb debconf translations and D-I ""levels"" 
  <quotation> I'm not sure I understand the rationale there but I guess these are
valid reasons. Another possibility would be someone (thinking about
Eddy here) who could act as a proxy between translators and
you...aviding numerous bug reports, at least in the early weeks.

 <quotation> OK, then, but a ""couple of months"" brings us quite close from the
freeze of D-I...:-)

D-I Translators are used to moving targets and, given the work that
has been put in carefully writing the current strings, the change I
see is probably more additionnal strings, which is not that a big
deal.",1,test
34,1_4,1.0,0.0,1.0,1.0,0.0,0.0,0.0,0.0,0.0,0.0,1.0,"Is there a way to extract some fields data from HTML pages
	through any R function ? 
 I deal with a huge amount of Biology data stored in different databases.
The databases belongig to Bioconductor organization can be accessed through Bioconductor packages.
Unluckily some useful data is stored in databases like, for instance, miRDB, miRecords, etc ... which offer just an
interactive HTML interface. See for instance
 http://mirdb.org/cgi-bin/search.cgi, 
 http://mirecords.umn.edu/miRecords/interactions.php?species=Homo+sapiens&mirna_acc=Any&targetgene_type=refseq_acc&targetgene_info=&v=yes&search_int=Search

Downloading data manually from the web pages is a painstaking time-consumung and error-prone activity.
I came across a Python script that downloads (dumps) whole web pages  into a text file that is then parsed.
This is possible because Python has a library to access web pages.
But I have no experience with Python programming nor I like such a programming language whose syntax is indentation-sensitive.

I am *hoping* that there exists some sort of web pages, HTML connection  from R ... is there ??

Thank you very much for any suggestion.
 <closing> tutti i telefonini TIM!


 <raw_code>",1,train
35,1_40,0.0,0.0,1.0,1.0,0.0,0.0,0.0,0.0,0.0,0.0,1.0,"k3b-mp3 for x86_64? 
 OK... I LOVE FC3! and this is the last problem I have before my setup is 
perfect. I can't burn mp3's to an audio cd in k3b. It gives me the 
notorious ""format not supported"" error. I have 64-bit versions of k3b 
and all the helper programs (transcode, vcdimager, etc) installed. On my 
old i386 box it was as simple as getting the k3b-mp3 rpm from yum but 
unfortunately, there is not one for x86_64?

I've searched long and hard and have only found one fix to try... It 
didn't work. I could probably alleviate the problem by just getting rid 
of the x86_64 versions and installing the i386 rpm's but then what's the 
point of having a 64-bit OS when I can't utilize it!

If I can get my hands on the source for k3b-mp3, how would I compile it 
for x86_64?

Any suggestions?
      ",1,train
36,1_41,1.0,0.0,1.0,1.0,0.0,0.0,0.0,0.0,0.0,0.0,1.0,"Re: libtool usage in Ion and FreeBSD WAS ion-devel-20030617 (2d50) 
 <salutation> I downloaded the most recent version (my first update since the
ion-devel-20030531 snapshot) and am having some problems with
compiling due to its usage of libtool in ioncore/modules.c.

It appears that there are defines and functions called that are
libtool 1.4 specific. The problem with this is that I use FreeBSD,
and they are currently still using 1.3.4 in their ports system. I
searched around to see why this is the case since that's pretty out
of date, and this post basically explains it:

http://docs.FreeBSD.org/cgi/getmsg.cgi?fetch=900639+0+/usr/local/www/db/text/2003/freebsd-ports/20030413.freebsd-ports

(sorry about the long URL). The short of it is that they are
working on the update, but it's not there yet because it is a big
job due to all the other software which depends on it.

Is this a case where I am stuck until FreeBSD gets up to date, or is
using 1.3.4 an easy task? I've included, to the best of my ability,
the functions and defines which give a problem, if this helps at all. 
Just curious about what your thoughts on this are. I hope that I've
diagnosed the problem correctly, I'm no expert on any of this.

Thanks much for Ion.
 <closing> libtool problems in ioncore/modules.c:

 <log_data> <raw_code> functions:
  lt_dlgetinfo
  lt_dlcaller_register
  lt_dlcaller_set_data
  lt_dlgetinfo
 <raw_code>   lt_dlinsertsearchdir",1,test
37,1_42,0.0,0.0,0.0,1.0,0.0,0.0,0.0,0.0,0.0,0.0,0.0,"Re: latest cvsup to stable kernel build fall down, go boom 
  <quotation> Back out rev 1.187.2.22 of src/sys/vm/vm_map.c. I suspect silby is getting
tons of hate mail by now :)

    ",1,train
38,1_43,0.0,0.0,1.0,1.0,0.0,0.0,0.0,0.0,0.0,0.0,1.0,"draft-ietf-dhc-dhcpv6-netboot-05 
 I would like to see this draft advance to enable us to have everything needed in implementing IPv6 PXE boot. Thanks,

 <closing>   ",1,train
39,1_44,0.0,0.0,0.0,1.0,0.0,0.0,0.0,0.0,0.0,0.0,0.0,"Re: What is the topic(s) for tonight's meeting? 
  <quotation> Gawain Lynch is giving an advanced talk on TCP/IP and firewalling with
iptables.

 ",1,train
40,1_45,0.0,0.0,0.0,1.0,0.0,0.0,0.0,0.0,0.0,0.0,0.0,"Re: [sage-support] Re: how to pass a symbolic function
 to python, maxima etc? 
 <salutation> both your guesses are absolutely correct. I am surprised that no one has 
asked for it before. It is so convenient to use Sage's symbolic power to 
solve systems of equations and then use the solution in a numerical 
model. In particular, I would like to apply the solutions to arrays of 
data (e.g. time series). It could also be done by a loop, but numpy is a 
lot faster for that. The use of whole arrays for computations is what 
Matlab used to pride itself with, before Fortran got this capability.
I hope that others will find this useful, too.

Thanks for pushing this a bit further.

 <closing>  <quotation>   ",1,train
41,1_46,0.0,0.0,0.0,1.0,0.0,0.0,0.0,0.0,0.0,0.0,0.0,"Re: Re: OK so does ANYONE use the vtkImageTracerWidget? 
 okay, here is a bit more... to set up the
vtkcontourWidget to work with a vtkImageActor:

 <raw_code> <quotation> and for completeness, heres the answer to the
homework which shows how to associate line topology
with points...

 <closing> <raw_code>  <raw_code>  <raw_code> <quotation>  ",1,train
42,1_47,0.0,0.0,0.0,1.0,0.0,0.0,0.0,0.0,0.0,0.0,1.0,"Re: memmap working? 
 Not sure. When I run ""top"" I see the line
Memory: 6016M real, 2895M free, 4174M swap in use, 2427M swap free

Its the second number that drops like a rock. Plus, it never comes back 
until I quit the program. This is a great way to turn my machine into a 
nice desk ornament!

 <closing>  <quotation>  ",1,train
43,1_48,0.0,0.0,1.0,1.0,0.0,0.0,0.0,0.0,0.0,0.0,0.0,"Re: make install clean for Gnome-2 fails with configure: error: You
	need PTLib's header files to build GnomeMeeting 
 stacey, use portupgrade.

follow the directions that joe, i, and others have told you.

what you're trying *will not work*.

 <raw_code> <log_data> <closing> <quotation>   <raw_code>  ",1,train
44,1_49,1.0,0.0,0.0,1.0,0.0,0.0,0.0,0.0,0.0,0.0,0.0,"Re: Unable to create this part ... Graphic is disposed 
  <quotation> 	It's funny... after I posted the message, I realized I'd done so very 
quickly, and without really reading everything.  Since you and others on this 
list are so quick to reply (much, much faster than ANY other mailing list I'm 
on), I think it sorda got engrained into my brain: ""something's wrong with 
Eclipse?  Post to users@subclipse!""  

	Sadly, the guys that work on PHPEclipse seem to have disappeared, or at least 
are disregarding notices from any sort of list or forum associated with their 
product.  On the bright side, though, I stopped & restared Eclipse, and all 
is good now.  Thanks for the lightning-fast response, as always.  :) 
  ",1,train
45,1_5,0.0,0.0,1.0,1.0,0.0,0.0,0.0,0.0,0.0,1.0,1.0,"[Bug 146993] Games entry has disappeared from my Applications pulldown 
  After update-manager -d, performed on 28 September 2007, the ""Games""
entry mysteriously vanished from the Applications pulldown in my upper
panel.  All other entries remained.

If there's any sort of log analysis or diagnostic that could help pin
this down, I'm willing -- but I have no idea where to start looking

 <tabular>  ",1,train
46,1_50,0.0,0.0,0.0,1.0,0.0,0.0,0.0,0.0,0.0,0.0,0.0,"Re: Can someone share a specification format for
	a	mapping project 
 XML for Image and map Annotation is still a ""skunk works""  
specification. WMC is widely implemented in software such as  
openlayers. OWC is pretty new, so less implementation right now, but  
will probably be adopted by most of the WMC implementers.
    <quotation>",1,train
47,1_51,0.0,0.0,0.0,0.0,0.0,0.0,1.0,0.0,0.0,0.0,1.0,"Re: Multi ordered select and indexing 
  <quotation> This is the wrong way to go about it.  A useful descending-order opclass
simply rearranges the logical relationships of the standard comparison
operators.  You do need a new comparison function, but nothing else:

 <raw_code>  <raw_code> Now you can just use ASC/DESC in your ORDER BY ...

 <closing> <log_data> ",1,train
48,1_52,0.0,1.0,1.0,1.0,1.0,0.0,0.0,0.0,1.0,0.0,1.0,"Re: status update? 
  <quotation> Ok, it's time for the monday mini-freeze status again.

Nothing has changed since then, sadly, i have sent a follow up to the
bug report, but i doubt it will help.

Our packages are still, as far i can see, olden up by postgresql and
libvorbis. I believe that the postgresql situation will be fixed nextly,
as the maintainer is actively working on it, still there may be
dependency on perl 5.8 and such, which may block it even if it becomes a
valid candidate.

The libvorbis is more murky, i attach here a partial dependency check,
but it is is not complete and tied in with many really broken packages,
including the new KDE, so i have no hope for a quick solution.

I only see 4 solutions for us going forward :

  o We stop the mini-freeze and don't care about testing anymore.

  o I upload my ocaml-3.06 package, which altough it is not yet the real
    one i wanted, will enter testing because nothing is holding it, and
    with it will go most of the libraries and executable packages.

  o I work more on the ocaml-3.06 package, and do true binary separation
    and parallel installation. I don't really have time for it though.

  o You and Jerome rebuild ocamlsdl and libpgsql with a system
    consisting of testing + ocaml 3.06 packages. This gets uploaded to
    unstable (little breakage of sid maybe, but it should not be long)
 <log_data>     testing-updates in consideration, but we could make a fuss about it
    so that it get manually included. We upload this with priority high,
    so it needs only two days or such. Or maybe Stefano's woody
    backports will do also.

I don't know how you feel about this, but i guess the fourth solution
seems the easier on (at least for me :))). What do you (Stefano and
Jerome) think about this ? I guess ocamlsdl is buildable in testing, but
what about libpgsql-ocaml ? Will it work with the older postgresql ?

I can do NMU's if you like.

 <closing>",1,train
49,1_53,0.0,0.0,0.0,1.0,0.0,0.0,0.0,0.0,0.0,0.0,1.0,"Re: Building binutils/gcc/glibc - 
  <quotation> That thread hardly seems to justify not using the existing POSIXLY_CORRECT
variable to control this.  Indeed the situation of rejecting ""head -1""  
seems perfectly to fit the description in
<http://mail.gnu.org/archive/html/bug-coreutils/2003-09/msg00094.html> -
""people are welcome to enable POSIXLY_CORRECT, but few should want to,
because doing so disables useful behavior"" - ""head -1"" is the useful
behavior in question and few want to disable it.  Indeed I cannot see a
requirement in POSIX at all to reject ""head -1"" (unlike cases where
obsolescent usage used + to introduce options, which must be treated as
 <log_data>  ",1,test
50,1_54,0.0,0.0,0.0,1.0,0.0,0.0,0.0,0.0,0.0,0.0,1.0,"[Bug 5629] [apache2-mod_python] Cannot connect to apache2 when apache2-mod_python installed 
 http://qa.mandrakesoft.com/show_bug.cgi?id=5629


  <tabular>  Please refer to: 
 
http://qa.mandrakesoft.com/show_bug.cgi?id=5631 
 
 

   <tabular> can be made.  For instance,  service httpd extendedstatus will not work, as it
cannot connect to localhost:

 <log_data> It makes no difference if this line is manually added to httpd2.conf:
 <log_data> Removal of mod_python and restarting apache2 allows apache to accept connections.",1,train
51,1_55,0.0,0.0,1.0,0.0,0.0,0.0,0.0,0.0,0.0,0.0,1.0,"Delay 
 <salutation> There is a strange bug in PyICQ-t. I observe quite a long delay (about
10 sec.) between receiving a message by a jabber server and
retransmitting it to the ICQ server. However, it relays messages back
(from ICQ to Jabber) much faster. In addition, sending a message from
  Why does PyICQ-t work so strange? I tried both 0.7b and SVN.

 <closing>  ",1,train
52,1_56,0.0,0.0,1.0,0.0,0.0,0.0,0.0,0.0,0.0,0.0,1.0,"Re: Webdav working? 
  <quotation> Where? Left from your calendar in which interface?

 <quotation> It is.

Jan.

    ",1,train
53,1_57,0.0,1.0,1.0,1.0,0.0,0.0,0.0,0.0,0.0,0.0,1.0,"Bug#351344: Error starting monodevelop with monodevelop-nunit 
 <salutation> monodevelop-nunit is now uninstalable and FTBFS.  Therefore I'm going to
raise the severity of this bug.

 <raw_code> <log_data> Some packages could not be installed. This may mean that you have
requested an impossible situation or if you are using the unstable
 <log_data> or been moved out of Incoming.

Since you only requested a single operation it is extremely likely that
the package is simply not installable and a bug report against
that package should be filed.
The following information may help to resolve the situation:

The following packages have unmet dependencies:
 <log_data> <tabular> <log_data> version requirements

  ",1,test
54,1_58,0.0,0.0,1.0,0.0,0.0,0.0,0.0,0.0,0.0,0.0,1.0,"Remote security 
 The machine I use day to day is the machine I sure as the server for unison.

I have a laptop that syncs with it
A linux media centre (MythTV) that I plan to sync with it as soon as I 
get the right unison version on there
and a machine in an office in London that I only go to once per month or so.

Currently, to sync the London machine, I log into it using TightVNC over 
Hamachi (can't get ssh to work in the direction from my home machine to 
the office so I use hamachi) then run unison from there.

Before yesterday, I would manually run Putty every time I wanted to 
sync, which was a pain, but as least meant that an ssh connection from 
the office machine to my machine was only temporary.

Now, I've set up Pageant so that I don't have to use putty all the time 
(although that's not cured a problem I was having so not sure how great 
a solution it is) which is handy. The down side is that I'm feeling 
insecure about a constant ssh tunnel from a location I can't monitor to 
my main machine.

Is there anything I can do to make this more secure?
Can I somehow make unison the only app that it's possible to run over 
ssh/pageant?

I can't even think of other possibilities, but looking forward to 
hearing any thoughts.

 <closing> ",1,train
55,1_59,0.0,0.0,1.0,1.0,0.0,0.0,0.0,0.0,0.0,0.0,1.0,"Re: bin/103919: scp does not work correctly to and called from
 another host 
 The following reply was made to PR bin/103919; it has been noted by GNATS.

  <tabular>  There are shell prompts among the debug lines.
 
 Core 2 duo?! Multithreading asynchron, HTT?
 
 
    ",1,train
56,1_6,0.0,0.0,1.0,0.0,0.0,0.0,0.0,0.0,0.0,0.0,1.0,"Re: Workerism 
 <salutation> I agree that workerism is not a good strategy for organizing but if
not the workingclass, then which class is the most revolutionary
class?  I don't trust wikipedia but click on
http://en.wikipedia.org/wiki/Workerism to see how they define it.

Errors of Workerism at
http://marxists.anu.edu.au/history/international/comintern/sections/sacp/1986/workerism.htm


   ",1,train
57,1_60,1.0,1.0,1.0,1.0,0.0,0.0,0.0,0.0,0.0,0.0,1.0,"Re: XP weaknesses --- Fixed Price 
 I think I see where the difference is, Dominic, let's see if I can capture  
it...
It looks to me as that you are thinking: 
(A) IF we're using XP, THEN it fits the fixed price-scene scene
(which it doesn't, using your terms - large chunks of XP don't get  exercised)
but Ron and I are thinking: 
(B) IF we're in the fixed-price scene THEN XP (or what large chunks of 
it we can still use) works better that the alternatives.
 
So we're okay with ignoring certain availabilities that XP otherwise might  
give us
(like adding and replacing cards across iterations) in order to have access  
to
other availabilities that XP gives us (like PP and refactoring and TDD and 
short iterations and ...)
 
while it looks as though you are so unhappy with what gets cut out of XP 
that you wouldn't even call it XP any more. ... Trying that on for size for 
a minute, I'm guessing that in the fixed-price situation you'd still  aim
for short iterations, access to customer, PP, TDD, DTSTTCPW,  refactoring,
colocation?  You'd still do the parts of XP that fit, even though you  might
have to call it WP instead.
 
p.s. thanks for registering that you disagree about requirements 
gathering being outside XP. Until you wrote that I didn't notice. 
I thought this group was in general agreement with Ron about 
requirements gathering being outside XP.
 
 <closing>  <quotation> As I said only a month  ago...
http://groups.yahoo.com/group/extremeprogramming/message/105244

...  I would also use, and have used, XP in a FP/S
situation. However, I don't  think XP's benefits are
most apparent in that situation, nor is it easy for  the
XP spirit to prevail. I think XP with FP/S is a  black
diamond.

 
 <quotation> ",1,train
58,1_61,0.0,0.0,1.0,1.0,0.0,0.0,0.0,0.0,0.0,0.0,1.0,"Re: Include original spam text in DSN? 
  <quotation> How did you configure amavisd (and whatever other mail software you use)
to work this way?

I would still hope that someone could address my original question (how
to add the full original spam message to the DSN sent to the local admin
-- preferably as an attachment).

      ",1,test
59,1_62,0.0,0.0,0.0,1.0,0.0,0.0,0.0,0.0,0.0,0.0,0.0,"Re: SurfaceView onMotionEvent 
 SurfaceView extends View. The methods for MotionEvents belong to the
View class and are available to override.

 <closing>  The views, opinions and statements in this email are those of the
author solely in their individual capacity, and do not necessarily
   <quotation>",1,train
60,1_63,0.0,0.0,1.0,0.0,1.0,0.0,0.0,0.0,0.0,0.0,1.0,"General: Making program Computer Resolution 
 New topic: 

 <tabular> <http://forums.realsoftware.com/viewtopic.php?t=26228>

       Page 1 of 1
   [ 2 posts ]                 Previous topic | Next topic         Author  Message       Frankoman           Post subject: Making program Computer ResolutionPosted: Tue Jan 27, 2009 5:41 pm                               
Joined: Wed Dec 10, 2008 3:51 pm
 <tabular> what is the code to make my program expand to my (or any) computer resolution? If there isn't a set code, then I'll just make a dropdown bar with a bunch of different sizes. 

 <closing>    <tabular>    [ 2 posts ]     

  ",1,train
61,1_65,1.0,0.0,0.0,0.0,0.0,0.0,0.0,0.0,0.0,0.0,0.0,"Re: Bind Zone Transfer Problem 
  <quotation> Good enough.


 <quotation> Yep. In the options stanza, I added ""notify no;"" and the error message
went away.

 <quotation> Oh, yeah, thanks. I had forgotten how noble and selfless our lords and
masters are.

    ",1,train
62,1_66,0.0,0.0,1.0,0.0,0.0,0.0,0.0,0.0,0.0,0.0,1.0,"Re: Error in creating new agent 
 <salutation> At the moment I am having the following error.

 <log_data> <raw_code> <log_data> <raw_code> <log_data> <raw_code> <log_data> Can anybody tell me why this ""invoked from within"" error comes??

   <quotation>",1,test
63,1_67,0.0,0.0,1.0,1.0,0.0,0.0,0.0,1.0,0.0,0.0,1.0,"sqlcounter problem after upgrading to 2.1.0 
 <salutation> I've been using freeradius 1.1.5 for sometime. I use mysql for storing users
and I have enabled sqlcounter module for restricitng monthly access time.
Each user is member of a group and group's Max-Monthly-Session is set in
radgroupcheck table. I have a script which is invoked from cron every month
which calculates remaining time of users and does a insert/update/delete on
radcheck so that there will be a record in radcheck if the user has any time
left from the prevois month. Attribute is Max-Monthly-Session and value =
(remaining + group's Max-Monthly-Session). This way I have implemented a
session time carry over system.

Recently I have upgraded freeradius to version 2.1.0. Everything is working
well as expected other than sqlcounter. In new version it is ignoring the
Max-Monthly-Session from radcheck table. I have installed radius in a new
server but the same result. The radius debug output and sql table are
available at http://pastebin.ca/1204050

Is there any config item for sqlcounter to process radcheck table?

 <closing>  ",1,train
64,1_68,0.0,0.0,1.0,1.0,0.0,0.0,0.0,0.0,0.0,0.0,1.0,"Re: lib64 
 <quotation> That makes more sense, I suppose, is this to allow code that's
broken on 64 bit platforms to still be used ?
Out of curiosity, how would you go about building a 32 bit lib
on a x86_64 bit system (or the other way round) ? Would you
have to cross compile ?

 <quotation> OK, thanks for the correction. It does make much more sense to
me that way.

 <quotation> Which they probably do - I'm running a 64 bit kernel, so that
explains the lib rather than lib64.

 <closing>",1,val
65,1_69,0.0,0.0,1.0,1.0,0.0,0.0,0.0,0.0,0.0,0.0,1.0,"Re: mod_perl + CAP::AutoRunmode not working 
 <salutation> <quotation> I hope to have fixed this issue in the 0.14 release of CAP::AutoRunmode.

http://search.cpan.org/~thilo/CGI-Application-Plugin-AutoRunmode-0.14/

 <closing>   ",1,train
66,1_7,0.0,0.0,0.0,1.0,0.0,0.0,0.0,0.0,0.0,0.0,0.0,"Re: Debugging symbols with nasm 
  <quotation> Ok, I've rewritten the patch for nasm-0.98.35(not sure whether the
attachment goes through freebsd-hackers list though). Not used much yet,
but it's funny to see NASM source code and C source code shows up in
the same gdb session.

  ",1,train
67,1_70,0.0,0.0,1.0,1.0,0.0,0.0,0.0,0.0,0.0,0.0,1.0,"alsa driver OK but no sound... 
 Some explanations :

I've got a Linux RedHat 7.1 (kernel 2.4.2-2) installed on a laptop
MAXDATA. Everything is working fine except my sound card : a Yamaha
DS-XG PCI (ymf744)

My kernel is compiled with the following sound options :
CONFIG_SOUND=m   /   CONFIG_SOUND_YMFPCI=m

I also compiled the alsa-driver-0.5.12a (with --with-card=ymfpci) and
alsa-lib-0.5.10b  and   alsa-utils-0.5.10

 <log_data> <raw_code> <log_data> (I don't have any problem to modprobe those modules)

Everything is recognized by my system :
I've got the following message in /var/log/messages during the boot
process :
 <log_data> So everything looks good but when I'm trying to use XMMS (or anything
else like a CD player) I've got no sound at all. I tried to unmute my
card via the amixer command but it doesn't changed anything and I've got
no error message!

What did I missed? Any help will be geratly appreciated :)

 <closing>  ",1,train
68,1_71,0.0,0.0,0.0,1.0,0.0,0.0,0.0,0.0,0.0,0.0,0.0,"Re: Question on 'parsing' 
  <quotation> It is already a string, you don't need to convert it into a float or
an integer, just use it as is.

 <closing>",1,test
69,1_72,0.0,0.0,0.0,0.0,0.0,0.0,0.0,0.0,0.0,1.0,0.0,"Re: [ SPAM! ] sn9c201 + ov9650 
    ",1,train
70,1_73,0.0,0.0,0.0,1.0,0.0,0.0,0.0,0.0,0.0,0.0,0.0,"r8602 - i see dead peo^H^Hwhitespace 
 <tabular>  +    Mode is one of
  <log_data>  <log_data> ",1,train
71,1_74,1.0,0.0,0.0,0.0,0.0,0.0,0.0,0.0,0.0,0.0,0.0,"Re: Developer Status 
  <quotation> That would be terrific.
 
 <salutation> KiBi.",1,train
72,1_75,0.0,0.0,1.0,1.0,0.0,0.0,0.0,0.0,1.0,0.0,1.0,"Re: Whole bunch of test failures on OSX 
 <quotation> Sure:  you can do _everything_ to track them down ;-)

 <quotation> I never tried it (specifically the '-R ::' bit), but I see what you
mean.  Note that we have an OSX buildbot slave that passes all the
trunk tests.  Can you say whether

 <raw_code> (without '-R ::') also fails on your box?  The point is to separate
what's unique to your Mac box from what's unique to '-R ::'.

 <quotation> That one's almost a FAQ here -- all platforms see those from time to
time, and have for years (especially when the box is heavily loaded).

 <quotation> Did your manual run also include '-R ::'?  When I run test_decimal in
isolation on my Windows box with that option, it also fails here, on
its second run:

 <log_data> <raw_code> test test_decimal failed -- errors occurred; run in verbose mode for details
 <quotation> <raw_code> [29478 refs]

 <quotation> With or without -R::?  This one also fails for me in isolation with
'-R ::', and also on its second run:

 <log_data> <raw_code> <log_data> Does anyone else routinely use -R?  If anyone does, do all the tests
pass for them?
  ",1,train
73,1_76,0.0,1.0,0.0,1.0,0.0,0.0,0.0,0.0,1.0,0.0,0.0,"Bug#444769: rhythmbox: Switching sound sink in the middle of a song
	doesn't work 
 <tabular> <closing> <salutation> as this is a bug in gconfaudiosink let's reassign it to
gst-plugins-good0.10.
   <tabular>",1,train
74,1_77,0.0,0.0,0.0,0.0,0.0,0.0,0.0,0.0,0.0,0.0,0.0,"Curing Female sexual Dysfunctiion And Increaszing
	Female Libido 
 Womcan sat on boyfriend's toilet for 2 years, polcie say
    ",1,train
75,1_78,0.0,1.0,0.0,1.0,0.0,0.0,0.0,0.0,0.0,0.0,0.0,"Re: [PATCH] jbd2: Fix a race between checkpointing code and
	journal_get_write_access() 
  <quotation>   I've been doing some more tests here and there's one more path which emits
the warning when deleting symlinks (falsely this time). I'll send you the fix
when I verify that I cannot trigger the warning anymore.

 <closing>    ",1,test
76,1_79,0.0,0.0,0.0,1.0,0.0,0.0,0.0,0.0,0.0,0.0,0.0,"***SPAM*** Re: [ofa-general] Re: [PATCH]
	infiniband-diags/perfquery.8: Update man page for PortXmit/RcvDataSL 
  <quotation> I did (and do in general). Not sure why this one was broken.

 <quotation> <closing> <quotation>",1,train
77,1_8,0.0,0.0,1.0,1.0,0.0,0.0,0.0,0.0,0.0,0.0,1.0,"Re: ANN: grails-mail 0.4 released, with screencast 
  <quotation> yesterday I tried it. it works...
but I have some issues:

1. how to set body encoding when in html mode? (works when I set 
mailSender.defaultEncoding = ""enc""  in getMessage())
2. how to switch Content-Transfer-Encoding in message (it always 
quoted-printable)
3. it may be very useful - set in addresses not only e-mail but 
recipient name also. I did it with javax.mail.internet.InternetAddress
4. I wait for attachments, alternate plain bodies and all other todo-s :-)

I discover that spring's MimeMailMessage much primitive than 
javax.mail.internet.MimeMessage when I need attachments and exotic encodings


  ",1,train
78,1_80,0.0,0.0,1.0,0.0,0.0,0.0,0.0,0.0,1.0,0.0,1.0,"Bug#507673: Shouldn't parse ' to \' 
  <quotation> Can we at least have an option to produce manual pages that are 
non-portable while being displayed correctly on Debian systems?

  ",1,val
79,1_81,0.0,0.0,0.0,1.0,0.0,0.0,0.0,0.0,0.0,0.0,0.0,"Re: [Bugme-new] [Bug 11543] New: kernel panic: softlockup in
	tick_periodic() ??? 
  <quotation>  No Joshua, exactly 'nmi_watchdog=1' since it's important to
find who is responsible that cpu is stuck while testing nmi
watchdog. 'debug and apic=debug' will show additional info
what is happening. And it would be just great if you able
to try latest -tip/master

	http://people.redhat.com/mingo/tip.git/README

since there a lot of work/fix are done. If it's a problem
to fetch this kernel thru git - me or Ingo (I suppose)
could make tar.bz2 archive so you'll not need to fetch
the whole history. I wouldn't say I'm really specialist
in this area so your report could be quite important
not for me only but for others too.

		- Cyrill -",1,test
80,1_82,0.0,0.0,1.0,1.0,0.0,0.0,0.0,0.0,0.0,0.0,1.0,"Re: Cannot get SingleonLoader (from jar) to find classes outside
 JAR 
 that work around is probably not what you want. You've just disabled the 
ability to reload your app correctly.
Try using another classloader, maybe the
Thread.currentThread().getContextClassLoader()

where are you storing the class that is trying to load the singleton? it 
should be in your webapp as well.

 <closing>  <quotation>  ",1,train
81,1_83,0.0,0.0,0.0,1.0,0.0,0.0,0.0,0.0,0.0,0.0,0.0,"Re: postgresql-8.3.7 unexpected connection closures 
  <quotation> Look at the PostgreSQL server log to see what happened. On Windows, I
think this is in your  PostgreSQL data directory.

(List members: This seems to confuse Windows admins a lot - they're not
used to application log files, apparently. Is it worth having the win32
version of the server report sudden backend death via the Windows event
logging system, with a reference to the Pg log file? I'm not sure, since
it's not clear that most Windows admins look at Event Viewer either...)

    ",1,train
82,1_84,0.0,0.0,0.0,1.0,0.0,0.0,0.0,0.0,0.0,0.0,0.0,"CVS: docs/docbook-xsl/common labels.xsl,1.1,1.2 
 Update of /cvsroot/gallery/docs/docbook-xsl/common
 <log_data> <tabular> target.  GR Docs are on their way! ;)


  <log_data>     [ list info/archive --> http://gallery.sf.net/lists.php ]
 <log_data>",1,train
83,1_85,0.0,0.0,0.0,0.0,0.0,0.0,0.0,0.0,0.0,1.0,0.0,"vitja: r18847 - trunk/firmware/target/arm/tcc77x 
 <tabular>  <raw_code>   ",1,train
84,1_86,0.0,0.0,0.0,1.0,0.0,0.0,0.0,0.0,0.0,0.0,1.0,"Re: binNMU for linux-modules-contrib-2.6 
  <quotation> The version number in testing needs to be <= the version in unstable.  So
yes, you would need a new upload to unstable first.

  ",1,train
85,1_87,0.0,0.0,1.0,1.0,0.0,0.0,0.0,0.0,0.0,0.0,0.0,"Re: Mac and tcltk 
  <quotation> Gabor, the full universal binary disk image (.dmg) does include tcl/tk  
if the user installs R that way. The 'mini' image does not, so would  
require the user to install tcl/tk separately.

More info here:

   http://cran.r-project.org/bin/macosx/

Supplemental tools for OSX, including tcl/tk, are available from:

   http://cran.r-project.org/bin/macosx/tools/

One can of course also build from source code on OSX, which is what I  
do. More information on that approach is at:

   http://r.research.att.com/building.html

and

   http://r.research.att.com/tools/


 <closing> ",1,train
86,1_88,0.0,0.0,0.0,1.0,1.0,0.0,0.0,0.0,0.0,0.0,1.0,"[OpenSIPS-Devel] [ opensips-Bugs-2526234 ] WeSip/SEAS error 
 Bugs item #2526234, was opened at 2009-01-21 14:03
Message generated for change (Tracker Item Submitted) made by Item Submitter
You can respond by visiting: 
https://sourceforge.net/tracker/?func=detail&atid=1086410&aid=2526234&group_id=232389

Please note that this message will contain a full copy of the comment thread,
including the initial issue submission, for this request,
not just the latest update.
 <tabular>  I'm using Wesip/SEAS/Opensips.

On the SipServer is present a SipApplication to manage several sip request/response.

Often, the response provided by external system is logged on wesip/debug.log file, but is not
propagated to our SipApplication.

This behavior is not sistematic.

Below a trace of a response with the related exception.

 <closing> SipProcessor     [SipProcessor[4]] - <<<<<<<<<
 <log_data> <tabular>  <log_data>  <raw_code> <tabular>  <tabular> <log_data> <raw_code> <log_data>  ",1,train
87,1_89,0.0,0.0,1.0,1.0,0.0,1.0,0.0,0.0,1.0,0.0,1.0,"Vote for Committer status for Francis Upton IV
	has started 
 <salutation> This automatically generated message signals that Kevin McGuire has
nominated Francis Upton IV as a Committer on the  component of the
eclipse.platform project. The reason given is as follows:

I would like to nominate Francis Upton as a doc committer.  Francis is
already a committer on the platform, doing great work on Common Navigator,
and thus needs to keep the matching doc in shape.  His wordsmithing is
without peer.


The vote is being held via the MyFoundation portal: voters *must* use the
portal for the votes to be properly recorded.  The voting will continue
until either all 44 existing Committers have voted or until they have been
given enough time to vote, even if they do not do so (defined as at least
one week). Francis Upton IV must receive at least three +1s and no -1s for
a successful election.

Eligible Committers must cast their votes through their My Foundation
portal page (do NOT just reply to this email; your vote will not be
correctly recorded unless you use the portal):

    http://portal.eclipse.org/

If you have any questions, please do not hesitate to contact your project
lead, PMC member, or the EMO <IaRYJs1FyLYsDjeK@example.com>

The project Committers eligible to vote are:

 <closing> <tabular>  <tabular>  <tabular>  <tabular>  <tabular>  <tabular>  <tabular> ",1,train
88,1_9,0.0,0.0,1.0,1.0,0.0,0.0,1.0,0.0,0.0,0.0,0.0,"Re: [PATCH 0/4] faster gnulib-tool 
 <salutation> Thank you for your speedups to gnulib-tool. At first I was, of course,
excited about the 2x speedup. But when looking at the maintainability
of the code that you propose, I'm not fine with all of it any more.

My four objections are:

1) You observe that forking programs in a shell script is slow, and
   therefore propose to use more shell built-ins. The problem with it
   is that I chose to implement gnulib-tool in shell (for the control
   structure) and sed (for the text processing). The shell also has
   some inferior commands for string processing, but sed is vastly
   superior for this purpose. I want to stick with 'sed' for the
   text processing, otherwise we write some parts of the code to use
   shell built-ins, and when we notice that a little more text processing
   is required, we have to rewrite the code to use 'sed'. So the use
   of shell built-ins for text processing turns out to be a
   ""premature optimization"" (in the sense of Knuth) and hampers
   maintainability.

   If you want to achieve good speedups for scripts that use 'sed':
   can you work towards making 'sed' a bash built-in? This is challenging,
   but if you are after performance, that would be promising.

2) Your patches change the generation of code so that it goes through
   intermediate shell variables. The problem with this is that the
   transformation from string to standard output is not simple:
     echo $string
   outputs the string plus a newline, and 'echo -n' is not portable.

3) The sed expression sed_cache_module in part 1 of your patch is not
   maintainable. The sed_extract_prog was already complex, but what you
   made of it is beyond what is acceptable in code that should be
   maintained 5 and 10 years from now.

4) There is too much 'eval' in the code. As you have seen in an earlier
   patch today, every use of 'eval' can bring a security problem. The
   only uses of 'eval' that are always safe are variable assignments
 <raw_code>    when you can guarantee that 'var' is a simple identifier.

And, last not least, more comments would have been better.

So, globally, when you try to cache multiline strings, read from files,
in variables with computed identifiers, you are going far beyond what
shell as a language is suitable for.

Unfortunately, I don't see a better choice as an implementation language
of gnulib-tool:
  - Python is good for text processing but does incompatible changes
    in the language definition every couple of years.
  - Perl is excluded because of the misdesigned syntax, and it also
    has incompatible changes e.g. between perl 5.6 and 5.8.
  - Java is not good because although it is standardized and fast and
    GNU has a free implementation of it, its text processing is not
    expressive enough (too verbose).
  - m4 is maybe powerful but too few people know how to program it.

 <closing>",1,train
89,1_90,0.0,0.0,0.0,1.0,0.0,0.0,0.0,0.0,0.0,0.0,0.0,"Re: [SLE] Mounting USB Camera 
  <quotation> Heres the appropriate line from my /etc/fstab

/dev/sdc1	/media/camera	vfat	noauto,user 0 0
obviously your device and mountpoint are diferent but this may get you 
where you're going

All i have to do is plug in the camera, turn it on and click the 
desktop icon I created for a disk called camera.
I haven't tried deleting images off of the camera but it is no problem 
to copy them to harddisk for editing, etc.

 <closing>    ",1,train
90,1_91,0.0,0.0,1.0,0.0,0.0,0.0,0.0,0.0,0.0,0.0,0.0,"Re: [OT] Specify location of DLL dependencies on
	Windows 
 I take it noone has a solution for my original problem?

 <closing>  <quotation>  ",1,train
91,1_92,0.0,0.0,0.0,1.0,0.0,0.0,0.0,0.0,0.0,0.0,0.0,"[Spamassassin Wiki] Update of ""Rules/HELO EQ D D D D"" by LeeMaguire 
 <salutation>  The following page has been changed by LeeMaguire:
http://wiki.apache.org/spamassassin/Rules/HELO_EQ_D_D_D_D

The comment on the change is:
missed the FH_ prefix, but the rename page option didn't work.

 ",1,train
92,1_93,0.0,0.0,1.0,1.0,1.0,0.0,0.0,0.0,0.0,0.0,1.0,"Re: Plans for libibverbs 1.0, 1.1 and beyond 
 Christoph> we also currently prefer svn for the 1.0 release.  At
 <quotation> <tabular> <quotation> <log_data> There seems to be some confusion here.  There would only ever be one
libibverbs repository.  The only question is whether it remains in svn
or moves to a different SCM.

In fact moving to git would make porting patches between different
branches far easier.

 - R.",1,train
93,1_94,0.0,0.0,0.0,1.0,0.0,0.0,0.0,0.0,0.0,0.0,0.0,"wmifs 1.3b1-17 MIGRATED to testing 
 FYI: The status of the wmifs source package
in Debian's testing distribution has changed.

 <tabular>    ",1,train
94,1_95,0.0,0.0,1.0,1.0,0.0,0.0,0.0,0.0,0.0,0.0,1.0,"Re: snd_pcm_wait()  More details required. 
  <quotation> When avail >= avail_min.

 <quotation> We had a bug in the resample plugin which causes that snd_pcm_wait() 
function was broken. Try alsa-lib from CVS.

 <closing>  <log_data>   ",1,train
95,1_96,0.0,1.0,1.0,1.0,0.0,0.0,0.0,0.0,1.0,0.0,0.0,"Re: Newbie Sparcstation 20 question 
 <salutation>  <quotation> I installed Woody (= 3.0 stable) on some SS20 with SBUS and with onboard 
graphics,  never had to use a serial console ?!?

I suggest to check your openboot environment.

I don't have access to my SS20's until monday, if you still need help, feel 
free to contact me.

 <closing>  ",1,test
96,1_97,0.0,0.0,0.0,1.0,0.0,1.0,0.0,0.0,0.0,0.0,0.0,"Re: All you wanted to know about the FSL MCU roadmap but were
 too afraid to ask 
 The BDM  was a extremely well thought out interface, the first of its kind 
and certanly something to capitalize on for this market. This allows cheap 
affordable debugging features and there are already a considirable amount of 
tool support for the HCS12 series.

Freescale did indeed improve very much by providing easy and quick access to 
samples and with its listing in the DigiKey cataloge - thanks very much.

However it is the responsibility of Freescale to not send mixed signals - we 
users have a VERY sensitive ear for companies with inconsistant business 
models and projections. Maybe the suits at Freescale watch to much  of 
    <quotation>",1,val
97,1_98,0.0,1.0,1.0,1.0,0.0,0.0,0.0,0.0,0.0,0.0,1.0,"Re: reporting control/status responses for
	inband signaling? 
  <quotation> I'll do my best to figure it out.

 <quotation> I should note here that the USRP doesn't care which application on the
host requests the different actions, which is probably why we have the
fixed channel of 0x1f.  The USRP is simply the endpoint.

 <quotation> Looking at the payload of the control channel, any of the op codes
that write something and then have the USRP reply back seem to have an
RID within them to determine where to send things back.

This is probably what should be inserted/stripped by the usrp_server
to figure out which application receives the reply.

I can see this working where the Application requests something (ping
perhaps?) and sends the ping request to the usrp_server.  The
usrp_server constructs the packet with the next available RID
(probably just some incremental counter mod 64, or if you don't expect
one application to have multiple outstanding commands, just a unique
number for each application which is reused - just ideas and you know
this more than I would).  After the USRP then processes the command
and sends the reply back, the usrp_server will read the RID field of
the received packet and forward the packet (minus the RID) back to the
Application.

I could be missing it just as much as you did, but what do you think about that?

 <closing>",1,train
98,1_99,0.0,0.0,0.0,1.0,0.0,0.0,0.0,0.0,0.0,0.0,0.0,"Re: portupgrade of jasper-1.500.4 fails 
 There is actually a typo in the patch file for the jasper port. I've
already email the maintainer about it (Don't know if he's emailed me
back, as I've been having email issues since).

Edit
ports/graphics/jasper/files/patch-src-libjasper-include-jasper-jas_types.h
and change:

  To say:

   <quotation> ",1,train
99,2_100,0.0,0.0,1.0,0.0,0.0,0.0,0.0,0.0,0.0,0.0,1.0,"Re: Urgent Help re USB please 
 <technical>  <quotation> I'd agree with this - I've been using via mobo's for about five years now and 
they've always worked...
which distro are you using?
you miight also try dmesg | grep usb to see what your kernel thinks you have..

if you absolutely feel you need to buy new USB ports, hav a look at the dabs 
 <quotation> linux yet, and they're very cheap...

 <quotation> - -- 
  <technical>  ",2,train
100,2_1002,0.0,0.0,1.0,1.0,0.0,0.0,0.0,0.0,0.0,0.0,1.0,"RE: Kolab XML specification 
 <salutation> <quotation> The subject must contain the <uid>. Anything else is a bug. BTW what is
<scheduling-id>? Any unknown tag sould start with x-.

 <closing> ",2,train
101,2_101,0.0,0.0,0.0,1.0,0.0,0.0,0.0,0.0,0.0,0.0,0.0,"rawhide report: 20050531 changes 
 <tabular> GFS-kernel-2.6.11.7-20050519.153509.FC4.9
   <log_data> dlm-kernel-2.6.11.4-20050517.141233.FC4.11
  glibc-2.3.5-10
  <log_data>   has been always overwritten with the version of currently
 <log_data> - remove linuxthreads man pages other than those covered in
  3p section, as 3p man pages are far better quality and describe
  POSIX behaviour that NPTL implements (#159084)

gnbd-kernel-2.6.11.2-20050420.133124.FC4.33
 <log_data> iptraf-2.7.0-15
 <log_data> kernel-2.6.11-1.1366_FC4
 <log_data> - Fix unintialised value in single bit error detector. (#158825)

  ",2,train
102,2_1010,0.0,0.0,1.0,1.0,0.0,0.0,0.0,0.0,0.0,0.0,1.0,"Re: Error FOP/BATIK ... PDFXMLHandler:253 - svg graphic could not
 be built"" 
 <salutation>     Well, I don't really know but the first thing that struck me
was that the URL in question was a little hokey looking.
Normally they would start, ""file:///c:/...""  or sometimes I'll
see ""file:/c:/..."" (the first is the correct one AFAIK).
Is it possible you goofed when you updated the root of
the install for jakarta-tomcat-5.5.7?

  <quotation>",2,test
103,2_1014,0.0,1.0,0.0,1.0,0.0,0.0,0.0,0.0,0.0,0.0,0.0,"Re: compile errors with latest cvs 
  <quotation> I'll change my kernel to a previous version.    Just
want to get started on the work needed for the Kworld
ATSC 110R card.

Someday,  someone needs to clean up this situation.  
I have some users still at 2.4.x kernels.   Not even
at the most recent version of the 2.4.x kernel.   It's
very impossible to keep code working for every
distributions both 2.4 and 2.6 kernels.

I have a ton of users that do not understand that
their 2.4.10 kernel should be upgraded.   There are a
ton of improvements since the release and it's not too
difficult to upgrade.

 <closing>  ",2,test
104,2_1015,0.0,0.0,0.0,1.0,0.0,0.0,0.0,0.0,0.0,0.0,0.0,"Re: Test applications 
   <quotation> development, so testing and development might still require using 
Microsoft's .Net libraries.

 <quotation> Coding standard is described here (coding conventions section): 
http://www.mono-project.com/contributing/class-library.html
If you can generate a simple Ok and non-error return code in your app that'd 
be fantastic, but probably not feasible when gui stuff is involved. Short of 
fully automated testing, if it's simple enough for us to have my grandma run 
the testing app and make it through, that'd be great. That way, we can 
quickly go through each test and confirm that the tested components are in 
fact still working (or broken).

 <quotation> You're asking the million dollar question. Since it's all gui stuff it's 
hard to automate testing. So yes, displaying an image for manual visual 
comparison is a possible way. If you throw in some guidance for the tester, 
like ""now, click foobar.  yes/no if you can see x"" it will allow for decent 
regression testing. Ideally, of course, we can just run an app unattended to 
verify, but with gui stuff that might not work. You can't just compare 
screenshots automatically (yet) because of the anti-aliasing that gets 
thrown in by cairo but not by windows. (Separate subject, we'll be solving 
that, too)


 <quotation> I do it manually, by either having my test app as part of the same VS 
project as the Mono SWF library. When I want to run my app against windows, 
I simply reference their SWF.dll via the GUI, and vice versa. Dunno about an 
automated way. Since we have the same version numbers as MS, might be as 
simple as copying the MS or Mono SWF.dll into the directory of your app (I 
haven't tested this).

 <quotation> <closing>  ",2,test
105,2_1019,0.0,0.0,0.0,0.0,0.0,0.0,0.0,0.0,0.0,1.0,,"[Lunar-commits] <moonbase> Revert ""syslinux: version bumped to
	3.72."" 
 <tabular>  <log_data> ",2,train
106,2_1020,0.0,0.0,1.0,1.0,0.0,0.0,0.0,0.0,0.0,0.0,1.0,"Re: Grammar tweak: dont parse empty list items 
 on 31.01.2008 22:30 David Goodger said the following:
 <quotation>  <quotation> Originally, I thought it should not, since enumeration start strings are 
rarely found on their own.
But that would be slightly inconsistent, and the argument that there 
could be a warning for missing content of a list item also holds for 
empty enumeration items.

 <quotation> Mmmmh. I did not think of that since I never used that style before. 
Looks like the definition list syntax, but I can see that it might be 
handy sometimes.

 <quotation> And in different ways, depending on the use of empty lines in between 
and if you use * (recognised as an unbalanced inline emphasis) or 
another bullet type.
Do you think we could detect that situation without too much trouble in 
the parser and produce a human-friendly warning for empty 
list/enumeration items?

 <quotation> <closing>  ",2,test
107,2_1021,0.0,0.0,1.0,0.0,0.0,0.0,0.0,0.0,0.0,0.0,1.0,"Identity 
 Sorry to ask about it again, but i´m still going anywhere.. Could you
provide some code snippets on how to do a few simple stuff with identity,
like:

Logging In and Out a user ( directly )
Check by permission, user or group.
( any other examples would be great )
Thanks and sorry for this easy thinks, again..

 <closing>   ",2,train
108,2_1023,0.0,0.0,1.0,0.0,0.0,0.0,0.0,0.0,0.0,0.0,1.0,"Re: postgresql source code is worth to read 
  <quotation> I want to ask if postgresql source code is very well,and worth to
learn with lots of times?

  ",2,test
109,2_1026,0.0,0.0,0.0,1.0,0.0,0.0,0.0,0.0,0.0,0.0,0.0,"Re: Binding socks port in test suite 
  <quotation> I haven't tried it recently, but my recollection was that the port was
not bound to a particular address.  It could have been I tried it on
a machine with GatewayPorts yes configured.

 <quotation> It would be safer to add it to make it explicit, and in case someone
has compiled ssh to use GatewayPorts yes as the default.

 <quotation> I just tried it again on a couple of machines and also watched it running
in the test suite it is indeed working as you say--safely.

 <quotation>   ",2,train
110,2_1029,0.0,0.0,0.0,1.0,0.0,0.0,0.0,0.0,0.0,0.0,0.0,"Accepted: postfix 2.4.6-1 (source) 
 <tabular> <log_data> <tabular> <log_data> <tabular> <log_data>",2,train
111,2_1033,0.0,1.0,0.0,1.0,0.0,0.0,0.0,0.0,0.0,0.0,0.0,"[COMSOL_Users] Re: PC system requirement for COMSOL 
 I had no problems with Ubuntu 7.10 64-bits linux. It working from the
box. It is easy to install and one can get DVD via post absolutely FREE.
Then just install COMSOL. It recognize 64-bits system and install self
properly. On my opinion linux has better memory management (in
comparison with windows) and the system eats less memory so you will
have additionally one-two hundreds Mb. I can recommend Ubuntu 7.10 +
COMSOL for beginners. And, of course, if you have 64-bits system, buy
at least 4 Gb memory - now it's cheap (especially in comparison with
 <log_data>",2,val
112,2_1035,0.0,0.0,0.0,1.0,0.0,0.0,0.0,0.0,0.0,0.0,0.0,"Re: segmentation hand and forearm 
 Employing only skin color, the solution does not exists yet. However, you may be able to use geometric properties of the extracted region. For example, detecting fingers may be a way to determine which end of the hand+arm is the hand part. Another option would be looking for the horizontal line to determine the arm end.

  <quotation>  <tabular> ",2,train
113,2_1039,0.0,0.0,1.0,0.0,0.0,0.0,0.0,0.0,1.0,0.0,1.0,"Re: oopic question 
 <salutation>    Need more info.  Is this I2C or some other protocol.  With two lines
labled clock and data it could be.  Or, it could be a serial shift
register.  Knowing which it is will help us.  We also need to know
what format the data coming back is so that it will be understandable.

 <closing>   <quotation>     ",2,train
114,2_1045,0.0,0.0,0.0,1.0,0.0,0.0,0.0,0.0,0.0,0.0,0.0,"Re: serial numbers 
 <quotation> It's also guaranteed to change.

 <closing>    ",2,val
115,2_1046,0.0,0.0,1.0,1.0,0.0,0.0,0.0,0.0,0.0,0.0,0.0,"Re: Fw: enabling async IO 
  One mail to the list should usually suffice ;-)

 <quotation> reiserfs supports async IO too.


 <closing>      ",2,train
116,2_1048,0.0,0.0,0.0,1.0,0.0,0.0,0.0,0.0,0.0,0.0,0.0,"Ideographic Chinese -Even Simpler Chinese 
 Recently someone Menchi (?) discussed with Brion about

making separate wikis for Simple Chinese and
Traditional Chinese, and I fully support this view.

Continuing with the tradition of Wikpeidas innovation
and originality, I think it would be good idea to go
one further, and make a strictly Han Ideographic
(Chinese) language wikipedia.

The idea comes from the problems inherent to Chinese
--What began as purely ideographic --
symbol=thing/concept/connectors -- has also ""degraded""
to include characters for which nobody knows their
origins, charachters that used to invoke a *phonetic
distinction between words. In more recent years,
bopomofo, pinyi, (chinese) and romaji , katakana,
hiragana (japanese) have all developed to supplant or
augment the highly complex pictographic forms and
their more complicated usage.

It would then be extremely interesting to create a
purely ideographic (using simplified characters) Han
wikipedia -- that is usable by Chinese, Japanese and
Korean wikipedians, and would be easier for non-asian
users to get involved with and understand.

 <closing>  ",2,train
117,2_105,0.0,0.0,0.0,1.0,0.0,0.0,0.0,0.0,0.0,0.0,0.0,"Re: websphere descriptors 
 Sorry for my mistake, XMI is not invented by Eclipse people, it is the
invention of OMG - Object Management Group http://www.omg.org - Here
is the link for XMI
http://www.omg.org/technology/documents/modeling_spec_catalog.htm#XMI
. But still this does not resolve the issues related to IBM specific
DDs, cause they their own models and hence they can be considered as
applications of XMIs .

  <quotation>   <closing>",2,train
118,2_1056,0.0,0.0,0.0,1.0,0.0,0.0,0.0,0.0,0.0,0.0,0.0,"Re: SyntaxError running standalone script 
 <salutation>  <quotation>  <quotation> I thin your problem is here (^).  With ""sage -python"", you are running  
""plain python"", and python does not grok ""sage"" code (Sage preparses  
input before passing it to the python interpreter).

If you want to run a "".py"" file, use ""sage -python""; if you want to  
run a "".sage"" file, use ""sage"".

 <closing>    <log_data> Only outlaws will have LuteFisk
   ",2,test
119,2_1057,0.0,0.0,0.0,1.0,0.0,0.0,0.0,0.0,0.0,0.0,0.0,"Re: Publishing a WikiTrail (or a WikiBook) 
 <quotation> Idea #1:  I can do something like this even without the '?' parsing--
basically if none of the pages in ""wiki:page1 page2 page3"" exist, then
it prints the contents of a $PrintWikiNotFoundFmt variable, and has
some $-substitution set to the name of the last page in the list.  By 
default $PrintWikiNotFoundFmt would be empty, which would keep the
current semantics.

  That works for me! Yes, please. So I just write

 <raw_code> and set $PrintWikiNotFoundFmt. Cool!
  Idea #2: Rather than try to use the wiki: format syntax for this, you
could simply write your own function (say, ""PrintPublishList"") to 
print the pages in the desired sequence and making text substitutions 
as required.  Then you can use ""function:PrintPublishList"" instead of
all of the ""wiki:..."" entries.  You could use the PrintWiki function
as a model for a PrintPublishList function (it's short, only 10 or
so lines long I think).

  That's sort of what I did, except it's an if statement instead of a function -- I try to use existing pmwiki features wherever possible. You are right, it would be cleaner as a user-defined function. In fact, I would implement it along the lines of Idea #1.
  BTW it would be straightforward to Publish the results of a Search function if needed.

  Add a [_] Publish checkbox to $SearchTagFmt

  If the visitor checks this box, change the search results fmt to include a [_] checkbox on every item and add a Publish button

  Publish all checked pages as a single page

I can see this being useful for a search across a DocumentationIndex topic, for example.

JR",2,train
120,2_106,0.0,0.0,1.0,0.0,0.0,0.0,0.0,0.0,0.0,0.0,1.0,"Re: [RFC][PATCH 3/7][v4] Define siginfo_from_ancestor_ns() 
  <quotation> Small nit... siginfo_from_user() is only called by siginfo_from_ancestor_ns().
The first helper depends on CONFIG_PID_NS, the second is not. A bit strange.

Isn't it cleaner to do

 <raw_code>  <quotation> Hmm... why do you want this? The user-space can use any si_code >= 0,
why should we uglify the code?

And, SI_ASYNCIO only matters when we send the signal to the subnamespace,
and in that case we will probably mangle .si_pid. So why don't we warn
when .si_code == SI_USER?

 <closing>",2,train
121,2_1061,0.0,0.0,1.0,1.0,0.0,0.0,0.0,0.0,0.0,0.0,1.0,"Gulfstream, ethics and dialectics 
 José is right: ""Nothing human is alien to me,"" Marx once noted, was his
favorite saying. You cannot rip out the humanist core of Marxism without
destroying it.

Could I ask Gilles to explain what he means by

And no, the world I dream of has

nothing to do with utilatirianism and submarine's hatches.

Would he also please explain what he means by ""silly ethics""? For me
dialectics includes ethics.  My views on that can be read at

http://www.bu.edu/wcp/Papers/Poli/PoliDaly.htm

http://www.oru.se/org/inst/sam/sociolog/ccr/papers/JamesDaly.rtf





  ",2,train
122,2_1063,0.0,0.0,0.0,1.0,0.0,0.0,0.0,0.0,0.0,0.0,0.0,"Re: F-14B Update 
  <quotation> That would be nice, I didn't seem to be able to find any documentation 
on how to add it..

 <closing>  ",2,train
123,2_1066,0.0,0.0,0.0,1.0,0.0,0.0,0.0,0.0,0.0,0.0,0.0,"Re: providing apache2 rpms ? 
  <quotation> The ""Debian"" layout should be fine for the latter.
-Thom

   For those of you fearing that the rest of the world might be making fun
of the US because of this: Rest assured, we are.",2,train
124,2_1070,0.0,0.0,0.0,1.0,0.0,0.0,0.0,0.0,0.0,0.0,0.0,"Re: How to search documents taking in account the dates ??? 
 <salutation> I think this should do it...

<code>

  <raw_code>  <raw_code> <closing>  <quotation>",2,train
125,2_1074,1.0,0.0,0.0,0.0,0.0,0.0,0.0,0.0,0.0,0.0,0.0,"[Bug 259068] Re: gnome-panel crashed with SIGSEGV in
	gdk_screen_get_monitor_geometry() 
 Thanks for your bug report. This bug has been reported to the developers
of the software. You can track it and make comments here:
http://bugzilla.gnome.org/show_bug.cgi?id=548504

 <tabular>   https://bugs.launchpad.net/bugs/259068
 ",2,train
126,2_1076,0.0,0.0,0.0,1.0,0.0,0.0,0.0,0.0,0.0,0.0,0.0,"Re: mp3 files 
  <quotation> Yes, you're missing something. On the PC side of things, you can upload 
a file ending in .mp3 just fine to a vx6000 phone, and have it play 
just fine. the Mac version, however, will only accept .mid files for 
upload. Definitely the program; not the phone.
       There are several hundred people on this list.  Please be
courteous, on topic and follow the instructions before posting
http://bitpim.sf.net/testhelp/support.htm",2,test
127,2_1077,0.0,0.0,0.0,1.0,0.0,0.0,0.0,0.0,0.0,0.0,0.0,"Re: Canonical business model - Donations? 
  <quotation> There is now a donation link on the website, as well as a starting point for
commercial support services:

http://www.ubuntulinux.org/support/paidsupport/document_view

  ",2,train
128,2_1078,0.0,0.0,0.0,1.0,0.0,0.0,0.0,0.0,0.0,0.0,0.0,"Re: Codec Selection 
 <salutation> Basically you can change codec priority 'anywhere' in the code before
making call (generating sdp). Example of changing codec priority is
available in pjsip-apps/src/symbian_ua/ua.cpp.

FYI, default enabled codecs and their priority order in 0.9.0 for
Symbian are: Speex/8000, GSM, G.711, other codecs are disabled mostly
because of mobile device CPU limitation, including iLBC. So if you are
using 0.9.0 default settings, Speex/8000 should be already in the
first priority, please check if the call peer/server supports this
codec.

 <closing>  <quotation>",2,train
129,2_1079,0.0,0.0,0.0,1.0,0.0,0.0,0.0,0.0,0.0,0.0,0.0,"Re: Dynamic MzScheme 
 <quotation> I've made this patch. Also it adds dynamic support for MzScheme >= 299
(which is now on CVS) and changes my email in sources since old email
is no longer valid :)

Also I've noticed that doc/debugger.txt doesn't mention Netbeans, but
talk about Sun Workshop only.",2,train
130,2_1083,0.0,0.0,1.0,0.0,0.0,0.0,0.0,0.0,0.0,0.0,1.0,"Re: Sticking point 
 <tabular>   <tabular> <log_data> <tabular>  <tabular>     <salutation>   GBA> Do the ""appropriate"" XP practices suited for the project domain,
 <quotation> I second Ron here:

*How* do you know what XP practices are ""appropriate""?  How can you support
your decision?

[...]

 GBA> So when I say ""can't"" I mean just that ""can't."" Not I'm afraid to try,
 GBA> not I haven't tried yet. I'm not dissuading others, on the contrary I'm
 <quotation> Reread your email twice.  What I've got is that you _can_ but you _won't_.
So, what's non-actionable in saying ""I won't.""?

     ",2,train
131,2_1086,0.0,0.0,1.0,0.0,0.0,0.0,0.0,0.0,0.0,0.0,1.0,"fbdev Linux and SDL 
 <salutation> I'm trying to write a simple frontend for mame and mplayer in Linux. I do not 
want to use X so i opted for the fbdev.
 
I have setup SDL properly and apps compile and run correctly, however....
I have built a simple menu system to select roms/movies, when a user selects 
one the code fork()'s and calls an external app (via execv) e.g. mame the 
child process goes into the ""background"" and the parent process stays on the 
screen in the foreground. I've also tried a simple system() call, same 
result.I know that in X a new SDL window is created...
 
Has anyone ever tried anything similar? Any help would be appreciated. 
 
 <closing>",2,train
132,2_1088,0.0,0.0,0.0,1.0,0.0,0.0,0.0,0.0,0.0,0.0,0.0,"Re: pySerial Windows write problem 
  <quotation> Actually, I'm curious why you don't do the same.  I'd call it very 
unusual (in my experience) to have a program open and close a serial 
port repeatedly.  Among other things, this means that the DSR/DTR lines 
are toggling high and low repeatedly, and that alone could cause 
undesirable behaviour in certain devices.

In none of my own serial-based programs (perhaps a few dozen such to 
date) have I ever opened and closed a port other than at startup and 
shutdown (just as your C++ program does).  Unless you've got a good 
reason to do otherwise, if this solves your problem it's certainly the 
most direct approach to do so.

 <closing>  ",2,train
133,2_1090,0.0,0.0,0.0,1.0,0.0,0.0,0.0,0.0,0.0,0.0,0.0,"scripts-base/etc/init.d morphix-start,1.57,1.58 
 Update of /cvsroot/morphix/scripts-base/etc/init.d
 <log_data> <tabular>    fi



  ",2,train
134,2_1092,0.0,0.0,0.0,1.0,0.0,0.0,0.0,0.0,0.0,0.0,0.0,"Re: Installing fink_64-bit and coot on 10.6 
  <quotation> I'm forwarding this onto the coot maintainer.

One of our other maintainers mentioned on IRC that he was having
problems with at least some python modules configuring themselves based
on the number of bits in the running kernel.  Since presumably you're on
a fresh install of Fink (I'm assuming ""64 bit mode"" means you configured
Fink in that manner, not that you updated the OS your machine with a
Fink installation on it, and now have it booted with 64 bit kernel)
presumably this might be related.


  ",2,train
135,2_1093,0.0,0.0,0.0,1.0,0.0,0.0,0.0,0.0,0.0,0.0,0.0,"Re: Freevo 1.8 svn r10275 + latest kaa svn :
 recordserver doesn't work anymore 
  <quotation> <salutation> That is probably the best official time between a bug report and the 
solution !

I did a svn update around 20:05 (French time), saw that the trouble was 
still here (I saw it yesterday but just want to test again), did my 
laborious bug report, and 15 minutes later, the system was up and 
running :-) :-) :-) :-)

Great !

 <closing>   just about anything Open Source.
 ",2,train
136,2_1095,0.0,0.0,0.0,1.0,0.0,0.0,0.0,0.0,0.0,0.0,0.0,"Re: Links sent in emails do not work. 
  <quotation> In Thunderbird.

Edit
Preferences
 <tabular> <raw_code> Config Editor

In the window that opens.
Right click
New
String

 <log_data> network.protocol-handler.app.http
next box your favorite browser

network.protocol-handler.app.https
and your browser again

  ",2,test
137,2_1096,0.0,0.0,1.0,1.0,0.0,0.0,0.0,0.0,0.0,0.0,1.0,"Re: [SLE] Back order SuSE 9.1 
  <quotation> <salutation> Are you aware that Asknet is in Europe and is the online store for  
www.suse.de and other SUSE European web sites?  Digital River is the online 
store for www.suse.com which is SUSE's North American web site. The Asknet 
site has the order page up first for every new release and Digital River is 
sometimes 1 - 2 weeks behind but up well before release date. From here (this 
side of the Atlantic) I recommend being patient until the SUSE.com / Digital 
River site is up before ordering.

 <closing>  ",2,test
138,2_1098,0.0,0.0,1.0,0.0,0.0,0.0,0.0,0.0,0.0,0.0,1.0,"Re: news item 
 what event does this refer to?
 <closing>   	George W shot himself in the foot and blew the smirk right out the
	back of his head.
 ",2,val
139,2_1106,0.0,1.0,0.0,0.0,0.0,0.0,0.0,0.0,0.0,0.0,0.0,"Re: ipkg-utils-native fix 
  <quotation> I applied this patch upstream and released ipkg-utils 1.7, which is at:

http://handhelds.org/pub/linux/packages/ipkg-utils/ipkg-utils-1.7.tar.gz

Maybe you'd like to create an updated .oe for this tarball.

p.",2,train
140,2_1107,0.0,0.0,1.0,0.0,0.0,0.0,0.0,0.0,0.0,0.0,1.0,"hi i download the ribbon control but... 
 <salutation> i need know ho create the button menu for the ribbon control like
paint of windows 7 but that i resize the window still in these
position how i do?
   ",2,val
141,2_1114,0.0,0.0,0.0,1.0,0.0,0.0,0.0,0.0,0.0,0.0,0.0,"Bug#319859: xserver-xorg fail to detect keyboard layout 
 The problem might be from the way /var/lib/dpkg/info/xserver-xorg.config 
selects the keyboard layout.
it contains a part that goes like this

 <raw_code> <log_data> <raw_code> and when my debian-installer/keymap  key contains no-latin1 it wont 
match it.

 <raw_code> <log_data> i tested by altering
from:
 <log_data> to:
 <log_data> and now it autodetects the correct keymap if you run dpkg-reconfigure 
xserver-xorg and attempt autodetecting keymap.
I am uncertain if this might have hidden consecquences and perhaps a 2 
line solution might be better

  no) XMAP=""no"";;
 <raw_code> This probably affect several other layouts in addition to the Norwegian

 <closing>",2,train
142,2_1117,0.0,0.0,0.0,0.0,0.0,0.0,0.0,0.0,0.0,0.0,0.0,"[Bug 5328] apache-spamd.pl: pass PidFile to apache as absolute path 
 http://issues.apache.org/SpamAssassin/show_bug.cgi?id=5328





  Created an attachment (id=3861)
 --> (http://issues.apache.org/SpamAssassin/attachment.cgi?id=3861&action=view)
fix: rel2abs(pidfile)




 ",2,test
143,2_1129,0.0,0.0,0.0,1.0,0.0,0.0,0.0,0.0,0.0,0.0,0.0,"Re: [PATCH] Fix msr register allocation 
  <quotation> You mean ""err"" I guess?

 <quotation> Note that the EAX output constraint is re-used in the input section for
(u32)val, i.e. the lower half of the value to be written. And ""wrmsr""
needs that in EAX, so you cannot change the output constraint without
touching the input constraint.

Also, I do not see how the compiler could do any better than having the
return value already in EAX, but that doesn't really mean anything ;-)

 <closing>",2,train
144,2_1130,0.0,0.0,1.0,1.0,0.0,0.0,0.0,0.0,0.0,0.0,1.0,"Re: Developer-User Disconnect 
 I know the photoshop stuff will probably never make it into the gimp. and
open source works only if a developer chooses to work on something. I
realize developers like irc and mailing lists more as well. I like how the
ReactOS project handles this. They have forums on their site, and the
developers hang out in irc. Naturally a few of the developers read through
the forums and alert the developers in irc when they should read a forum
post.

I understand that the project is short on developers as well. Is there
anyone trying to attract more developers though? It could be a project goal
to get some more.

  ",2,train
145,2_1132,0.0,0.0,0.0,1.0,0.0,0.0,0.0,0.0,0.0,0.0,0.0,"[framework-issues] =?UTF-8?B?W0lzc3VlIDM4NjU1XSAgTWFjcm8gc2VjdXJpdHkgZG9lcyBub3QgYQ==?=
 =?UTF-8?B?cHBseSBmb3IgU3Rhck9mZmljZSA1LjIgbWFjcm9z?= 
 To comment on the following update, log in, then open the issue:
http://www.openoffice.org/issues/show_bug.cgi?id=38655


User jsk changed the following:

 <tabular>  <tabular>   ok in src680m104s1 linux

    ",2,val
146,2_1133,0.0,0.0,0.0,1.0,0.0,0.0,0.0,0.0,0.0,0.0,0.0,"RE: VT Advantage & Polycom videoconferencing 
 That's interesting information... it had always been my understanding
(explained to me by Cisco and Tandberg) that when you had a SCCP
Tandberg unit it was at the expense of H.323. I was told that for a
CallManager integrated Video Endpoint I would need a Cisco gateway to
transcode the SCCP video to H.323 to allow it to interact with my
existing Tandberg infrastructure. I guess maybe I need to take another
look at this!

 <closing>   We're using this setup as well.  We have the Tandberg 1000 MXP for Cisco
CallManager (the SCCP version) with our VT Advantages.  We also could
call into our Tandberg 6000 units using H.323.  Of course, this is all
video calls (2 way call), not video conferences because we do not have a
hardware conference bridge. 

   Anybody using this?  We set up 4 phones with the video kits to
experiment with.  They work well, and are very cool, but I have this
""all dressed up with no place to go"" feeling.  We'd really like to be
able to call a Polycom conference bridge or gatekeeper, though, rather
than just another phone. 
About all I know about H.323 is how to spell it, which looks like a real
problem as well, although we're using a 3640 (soon to be a 2821) as an
H.323 gateway to a Telco PRI, so we may be closer than I think to being
able to do this.  Any high-level conceptual advice and/or experience
would be appreciated.

 <closing>      imposed by the IRS, we inform you that any U.S. federal tax advice in
this communication (including attachments) is not intended or written by
Fenwick & West LLP to be used, and cannot be used, for the purpose of
(i) avoiding penalties under the Internal Revenue Code or (ii)
promoting, marketing, or recommending to another party any transaction
      ",2,train
147,2_1139,0.0,0.0,1.0,1.0,0.0,0.0,0.0,0.0,0.0,0.0,1.0,"Re: wined3d base GLX requirement 
  <quotation> Why should someone have to install glx to run Wine if they don't care
about using wined3d, or if they do need to use wined3d they don't care
about using glx?  Wine should at least be able to compile in
circumstances such as these.  There could be lots of reasons why no
one has complained, most likely because such a user hasn't showed up,
but that doesn't mean it's not possible.  My previous work machine
didn't meet these glx version demands, and every time something new
was added without checks, my build would break, and it was getting
very annoying having to write to wine-devel that the build broke
again.

  ",2,train
148,2_1143,0.0,0.0,0.0,1.0,0.0,0.0,0.0,0.0,0.0,0.0,0.0,"Re: LVM and RAID 
  <quotation> Yes. Presuming your init scripts start RAID first before executing
vgscan ...

Why should it not work? vgscan doesn't care about partition types. It
scans possible block devices for LVM metadata (in LVM1 it's a hardcoded
list of devices, in LVM2 it's configurable, I believe). Among these are
the raid devices, so if they're active, they'll be recognized as PVs.

 <quotation> No. You can't anyway, as far as I'm aware. Well, you can probably write
a partition table to it, but you can do that with /dev/zero too (I just
tried it out :-). Nobody will use it.

 <closing>  ",2,val
149,2_1147,0.0,0.0,1.0,0.0,0.0,0.0,0.0,0.0,0.0,0.0,1.0,"Bug on pjsua_call_xfer_replaces 
 <salutation> Someone already use the ""pjsua_call_xfer_replaces""?

Well, I'm use and not works fine...

The problem is: Every time i call the ""pjsua_call_xfer_replaces"", he make a
new call to the destination and not replace the call.

Its a bug?

  ",2,train
150,2_1148,0.0,0.0,1.0,0.0,0.0,0.0,0.0,0.0,0.0,0.0,1.0,"Re: postgresql buggy 
  <quotation> Ok, the info i have is as follows :

looking at the pts for postgresql :

  # 3 days old (needed 2 days)
 <raw_code> <log_data> <raw_code> <log_data> has told me. I don't really know all that much more, but looking at the
 <log_data> So, This mean that 7.2.3-0.2 was built on all the arches sucessfully.

Looking at the archives, i have : 

lftp ftp.debian.org:/debian/pool/main/p/postgresql> ls -l libpgsql2_7.2.3-0.2*
 <log_data> So, the package is available on all arches.

The problem you encounter on sparc is not due to this, i think, but may
be more specific, you better check it yourself, in case it is an
incompatibility with libpgsql2 version 7.2.3 or something such.

Anyway, there are many open bugs, 7 release critical bugs and and 6
important ones, which i guess are the ones stopping postgresql of
entering testing. Many of those bugs are many days old, almost a year.

They are :

Grave functionality bugs - outstanding
(A list of all such bugs used to be available).

 <log_data> <tabular> <log_data> <tabular> <log_data> <tabular> <log_data> <tabular> <log_data> <tabular> (A list of all such bugs used to be available).

 <log_data> <tabular> (A list of all such bugs used to be available).

    * #134897: upgrade needs to cope with incorrect old binaries
 <log_data> <tabular> <log_data> <tabular> <log_data> <tabular> I guess some of these bugs are old, some may even be closable, and so
on. That said, the testing excuses file speaks about 4 bugs that are new
to 7.2.3 over the testing packages. These are those needing fixed.

Ok, i really don't know more about this, Stefano, maybe you could ask
the maintainer or NMUer about those ?

BTW, i will make a new upload of ocaml, to fix the __ctype_b bug.

 <closing>",2,test
151,2_1150,0.0,0.0,0.0,1.0,0.0,0.0,0.0,0.0,0.0,0.0,0.0,"CVS update of
	sequoia/src/org/continuent/sequoia/controller (5 files) 
 <tabular> <log_data> would be to make a clear difference through correct exception typing.
 <log_data> <tabular> <log_data> ",2,train
152,2_1152,0.0,0.0,1.0,1.0,0.0,0.0,0.0,0.0,0.0,0.0,1.0,"Re: BCC... 
  <quotation> ok. I'll leave windows to you :)

 <quotation> what's wrong with what we did for vga extensions, a 16-bit hook into 
32-bit code? It has worked well for those who wanted native vga.

 <closing>  ",2,train
153,2_1155,0.0,0.0,0.0,1.0,0.0,0.0,0.0,0.0,0.0,0.0,0.0,"Re: [hunchentoot-devel] Default external format 
  <quotation> This sounds suspiciously like a problem we were having where the locale
wasn't properly set, resulting in SB-IMPL::*DEFAULT-EXTERNAL-FORMAT*
having a value that wasn't :UTF8.

  ",2,train
154,2_1156,0.0,0.0,0.0,1.0,0.0,0.0,0.0,0.0,0.0,0.0,0.0,"Re: viewvc-1.1.0-beta1 issue with svnauthz and
 username case 
 Ahem.  In the time between I first read your request and I filed this issue,
it seems I completely misremembered the problem.  Sorry about that.  My
head's on straight now.

  <quotation>    ",2,train
155,2_1157,1.0,0.0,0.0,1.0,0.0,0.0,0.0,0.0,0.0,0.0,0.0,"Re: [VLAN 02/04]: Fix MAC address handling 
  <quotation> Applied, thanks.
  ",2,train
156,2_1162,0.0,0.0,1.0,0.0,0.0,0.0,0.0,0.0,0.0,0.0,1.0,"fixed-width fonts download 
 <salutation> If you find fonts (can be used with vim) please drop me the url, or the
ttf, please.

I don't like the available fonts.

+-[Kontra, Gergely @ Budapest University of Technology and Economics]-+
 <quotation>  ",2,train
157,2_1163,0.0,0.0,1.0,0.0,0.0,0.0,0.0,0.0,0.0,0.0,1.0,"Re: Performance issues with Areca 1680 SAS Controllers 
  <quotation> <salutation> Was this issue resolved? I'm seeing similar behaviour.. I think it's related
to flushing the controller cache?

Waiting a while (after the disk leds stop blinking) performance is back to
normal.. 

 <closing> <quotation>  ",2,train
158,2_1169,0.0,0.0,0.0,1.0,0.0,0.0,0.0,0.0,0.0,0.0,0.0,"Re: DNS probe issues w/FreeBSD 5.3 
  <quotation> <salutation> try if the attached patch helps. It's going to be in the next release.

Apparently some platforms, at least Solaris, set the select() exception
flag on a pipe file descriptor if the process at the other end has
already exited. The select handling code in lib/probes/basefork.pm
isn't prepared for that, and treats it as an error condition.

Linux, Digital Unix (or whatever it's nowadays called), and HP-UX don't
do this, but FreeBSD might. I guess I should install a *BSD somewhere
just for testing...

 <quotation> EchoPingHttp just calls echoping(1) with the '-h' argument, and
EchoPingSmtp with '-S', and uses the timestamp echoping returns. In the
SMTP case, it looks like it just sends QUIT immediately and sees how
long it takes for the connection to close. In the HTTP case it's
downloading the full page.

The echoping source code is authoritative on this, of course, so look
there if you really need to know :)
   -- Attached file removed by Ecartis and put at URL below --
   <technical>  ",2,train
159,2_1171,0.0,0.0,1.0,0.0,0.0,0.0,0.0,0.0,0.0,0.0,1.0,"RE: Re: Planning poker estimation 
 That is about relatively sizing the stories, but when it is the first time that you are planning the sprint, how do you know , how many story points that the team can complete.
And if its only size of the story then can we really use focus factor to arrive at number of story points the team can commit to?



 <closing>    <closing>  <quotation>",2,train
160,2_1172,0.0,0.0,1.0,0.0,0.0,0.0,0.0,0.0,0.0,0.0,1.0,"Re: property editor missing??? 
  <quotation> Perhaps you want to use org.openide.execution.NbClassPath? Not the same 
thing, but it might be what you want, and it does have a property editor.

 <closing>  ",2,train
161,2_1173,0.0,1.0,0.0,1.0,0.0,0.0,0.0,0.0,0.0,0.0,0.0,"[ZWeb] Front Page & Other Changes 
 <salutation> This mail is getting sent after I've done some gardening, changes are as 
listed below:

- frontpage_menu_items

changed to use a static rather than dynamic structure. Hopefully a 
little bit of a performance increase :-S

shuffled order of items as described here:
http://mail.zope.org/pipermail/zope-web/2004-August/003143.html

- Zope Administrators Guide

Removed since it's deprecated, and probably has been for a long long time.

- index_html_old

Removed, since it was pure cruft.

- portal_skins/custom/old_frontpage_menu_items

Removed, since it was pure cruft.

I ran out of time on moving the boxes on the page so the dynamic news is 
more visible, I'll try again when I get a chance...

 <closing>    ",2,test
162,2_1178,0.0,0.0,0.0,1.0,0.0,0.0,0.0,0.0,0.0,0.0,0.0,"Re: Memcached Monitoring 
 <salutation> how about cacti?
http://www.netuality.ro/monitoring-memcached-with-cacti/tools/20060802

 <closing>  <quotation>",2,train
163,2_1185,0.0,0.0,0.0,1.0,0.0,0.0,0.0,0.0,0.0,0.0,0.0,"Re: e-data-server: Howto and docs? 
  <quotation> there are documents in the sources, although you need gtk-doc to build
them. They are in evolution-data-server/docs/reference.

They are also online at:

http://www.gnome.org/projects/evolution/devdoc.shtml

 <closing>  ",2,test
164,2_1190,0.0,0.0,1.0,1.0,0.0,0.0,0.0,0.0,0.0,0.0,1.0,"Re: Kernel does not support ramdisk 
  <quotation> So indeed no reference to ramdisk device support, thus the mondo
message.
Does that kernel support ramdisk ? Maybe using another mecanism.

 <closing>    ",2,test
165,2_1194,0.0,0.0,1.0,0.0,0.0,0.0,0.0,0.0,0.0,0.0,1.0,"copy contents of a directory based on a dirset 
 I have a dirset that represents the contents of a j2ee application:

  + -- WAR

This is an application that only contains a WAR, but there may be other
components such as utility JARs, MDBs, etc.

The EAR's build.xml has the following dirset:

 <raw_code> I want to use this dirset to package the war file into my EAR.  The
WAR's build.xml puts the WAR file into a subdirectory called ""dist.

EAR
+ -- WAR
 <log_data>  Is there a way to use this dirset to say copy the contents of the
directory's dist folder to the EAR for packaging?

Any help would be greatly appreciated.",2,train
166,2_1197,0.0,1.0,0.0,1.0,0.0,0.0,0.0,0.0,0.0,0.0,0.0,"Re: LT CD, Second Try 
  <quotation> Manage to attend LinuxTag - such events a vacations for me at least.

 <quotation> Expect roughly one week.

 <closing>    ",2,test
167,2_1198,0.0,0.0,0.0,1.0,0.0,0.0,0.0,0.0,0.0,0.0,0.0,"Re: selecting rows with more than x occurrences in
	a	given	column (data type is names) 
  <quotation> Ack...sorry about that.  I misread the query as for any duplicated
occurrences. The solution provided by Dimitris is correct.

 <closing>  ",2,test
168,2_1199,0.0,0.0,0.0,1.0,0.0,0.0,0.0,0.0,0.0,0.0,0.0,"Re: no GL painter on Radeon 9600 
  <quotation> radeon.ko, drm.ko and libdrm come in same package(CVS http://webcvs.freedesktop.org/dri/drm/).
In general, newer radeon.ko should always work with older r300_dri.so.
Since r300 driver is still more or less in development still, we have chosen to do quite many bumps between radeon.ko and core r300 driver(r300_dri.so), thus making it in general refuse to work with older DRMs. (cleaner code/less bugs/less effort this way)

 <quotation> or then you can just stick ""case RADEON_CNTL_BITBLT_MULTI:"" right after RADEON_CP_NOP: case.
It will make your system in-theory-compromisable though.

     ",2,train
169,2_1202,0.0,0.0,1.0,0.0,0.0,0.0,0.0,0.0,0.0,0.0,1.0,"Re: Artec DVB T1 USB Firmware? 
 <salutation>  <quotation> Which USB IDs does your Artec Box have? (lsusb)


 <quotation> There are different revisions of that Box. You either need

http://www.linuxtv.org/downloads/firmware/dvb-usb-dibusb-5.0.0.11.fw

or

http://www.linuxtv.org/downloads/firmware/dvb-usb-dibusb-6.0.0.8.fw

or

dvb-usb-dibusb-an2235-01.fw which is not for download yet.

In that case, can you please send me the dgtvload2.sys-file from your
Windows Driver-CD privately?

 <closing>    ",2,train
170,2_1203,0.0,0.0,0.0,1.0,0.0,0.0,0.0,0.0,0.0,0.0,0.0,"Re: problem with WAV 32 bits 
 Hey, here it works, but i'm running Linux.
LAME version 3.96.1 (http://lame.sourceforge.net/)


  <quotation>      ",2,train
171,2_1204,0.0,0.0,0.0,1.0,0.0,0.0,0.0,0.0,0.0,0.0,0.0,"Re: GAC (design) issues 
 Sure, but that only works because the system assemblies reside in the 
same directory as csc.exe. csc is whats found on the path not the system 
assemblies themselves.

 <closing>  <quotation>  ",2,test
172,2_1205,0.0,0.0,1.0,0.0,0.0,0.0,0.0,0.0,0.0,0.0,1.0,"RE: re-write rules 
 <quotation> do you mean HTTPS ------------------------^^^^ ?

 <quotation> But do you have a DirectoryIndex defined for the HTTPS VH?

 <quotation> These are the rules for the HTTP VH, correct?

 <quotation> I read this three times but couldn't understand what your problem is.
Please specify:

- example input/output URLs that work
- example input/output URLs that don't work and why not.
eg

 <log_data>  <log_data> <closing>  <quotation>   ",2,train
173,2_1210,0.0,0.0,1.0,0.0,0.0,0.0,0.0,0.0,0.0,0.0,1.0,"Re: RELENG_5 minor src/obj glitches 
  <quotation> Are you sure they aren't stale files from an earlier build?

 <closing>",2,train
174,2_1217,0.0,0.0,1.0,0.0,0.0,0.0,0.0,0.0,0.0,0.0,1.0,"How to override or change functions in MovieclipLoader 
 <salutation> I have to ""obfuscate"" in any way some jpg's in my standalone flash
application to avoid that users could get jpg of the directory i read
it with moviecliploader and use it out of the application.

1) Images are sliced -> first method for make harder the copy of
images. They will find slices in directory of images
2) Extension of images -> instead of .jpeg or .jpg, they are called
.xxx Flash will read it fine thanks to it read header of file to know
what kind of file it is.

And i want to make the third

3) Changing any byte of header in jpeg will make it unreadable for
photoshop or any application. Take a look at:
http://www.obrador.com/essentialjpeg/HeaderInfo.htm

F.e. if i change the first FF by 00 , will make this effect. But of
course, flash and actionscript will have the same problem.

How can i override MovieclipLoader or any class of flash in the time
it reads header to change on the fly this byte by the correct and read
image without problems?

if it isn't possible...
Can i use one kind of ""byteLoader"" that gives bytes to movieclip
loader changing this one?

if it isn't possible
Any idea?

thanks so much in advance!
    http://training.figleaf.com",2,train
175,2_1223,0.0,1.0,1.0,1.0,0.0,0.0,0.0,0.0,0.0,0.0,1.0,"Re: HEADS UP! Major commits in the tree coming soon 
  <quotation> I really don't see a need for any version of tar to be in the base system.  I 
mean, where does it actually get used (other than things like installation, 
which don't really matter).

 <quotation> Shouldn't we also drop support for the earlier pentium systems as well?  I think 
that we can safely assume that everyone is running a pentium 4 or better.

 <quotation> Remove ffs support also (BSD license encumbered).

 <quotation> I agree - perl makes a perfect replacement for tar.

 <quotation> I prefer USPS.


    ",2,test
176,2_1224,0.0,0.0,1.0,0.0,0.0,0.0,0.0,0.0,1.0,0.0,0.0,"RE: [PATCH] wireless: adf702x: new driver for ADF7020/21 parts 
  <quotation> I don't know any specifics of the Blackfin architecture, so you should
 <quotation> I suspect you only need a write memory barrier here (wmb()) not a
pipeline flush.

 <quotation> Do what you think is best; I was just checking that you have a good
reason for this.

 <salutation>    ",2,val
177,2_1226,0.0,1.0,1.0,1.0,0.0,0.0,0.0,0.0,0.0,0.0,1.0,"RE: Any progress on an MKS provider for Maven-SCM? 
 I'm thinking I'll (have to) take the batch file approach as well, at least
initially :)

I think the problem with the lack of tools (for 3rd party integration)
provided by MKS is due to the fact that it's not really in their best
interest to have MKS Source Integrity users integrating with build tools
like Maven.

MKS has a whole product line of lifecycle tools:

http://www.mks.com/solutions

So if we, the MKS Source Integrity end users, want Maven integration, we'll
probably have to write it ourselves.

 <closing>   I just set up a continuum server to do continuous integration. So far I've 
just set the <scm> settings to point at a filesystem location and have a 
cron job that runs a batch file that checks code out. It would be better 
if a plugin was written...

That being said, I've always found MKS to be somewhat behind the curve on 
making open source tools available for their scm. 

More of a philosophical question - should it be the open source 
community's job to write these plugins for commercial products? 

 <closing>",2,val
178,2_123,0.0,0.0,0.0,1.0,0.0,0.0,0.0,0.0,0.0,0.0,0.0,"Re: compile error kdesdk 
  <quotation> OK I'll do this, but shouldn't ./configure complain ??

 <closing> <quotation>",2,train
179,2_1230,0.0,0.0,0.0,1.0,0.0,0.0,0.0,0.0,0.0,0.0,0.0,"Re: cvs commit: src/sys/netinet tcp_subr.c tcp_timer.c tcp_timer.h 
  <quotation> I figured out the HZ part, and it must have been my eyes playing tricks
on me.  When I added the sysctl to sysctl.conf, I could have swore I
saw:

10 -> 10

When the machine booted.  After looking at my laptop where I didn't
touch the value, it does default to 1000.  Sorry for the confusion.

 <closing> <quotation>   ",2,train
180,2_1235,0.0,0.0,0.0,1.0,0.0,0.0,0.0,0.0,0.0,0.0,0.0,"Re: Will we be releasing some day? 
  <quotation> Sure, the patch script isn't going to restore code pruned from the tree for
license issues.

That's not a problem; there's no way d-i rc2 is going to be built on a
version of linux-2.6 predating that prune.

  ",2,test
181,2_1236,0.0,0.0,0.0,1.0,0.0,0.0,0.0,0.0,0.0,0.0,0.0,"Re: ""git revert"" (Re: pci_update_resource() getting called on sparc64) 
 <tabular> Teach git-cherry and git-rebase-script to use the ""-c"" option, since
""-m"" means something different to git-commit-script now.

 <tabular>  <tabular> <log_data>  <raw_code> ",2,train
182,2_124,0.0,1.0,1.0,1.0,0.0,0.0,0.0,0.0,0.0,0.0,1.0,"[JCA/JBoss] - Re: [CachedConnectionManager] Closing a connection for you. 
 Sorry... didn't find a solution.  Please share if you find some.  I am working on something else now, may resume this after couple of weeks.
  View the original post : http://www.jboss.org/index.html?module=bb&op=viewtopic&p=3848962#3848962

   ",2,train
183,2_1241,0.0,0.0,0.0,1.0,0.0,0.0,0.0,0.0,0.0,0.0,0.0,"Re: hints and non-DEFAULT entries 
  <quotation>   Yup.  rlm_preprocess doesn't check the name.  Oops.

 <quotation>   Or, fixing the code.

 <closing>  ",2,test
184,2_1246,0.0,0.0,1.0,0.0,0.0,0.0,0.0,0.0,0.0,0.0,1.0,"Re: unicode build: ""comparison is always true"" warnings 
  <quotation> Please expand.

 <closing>  ",2,test
185,2_1247,0.0,1.0,0.0,1.0,0.0,0.0,0.0,0.0,0.0,0.0,0.0,"Re: win32eventreactor problems 
 Sure enough... one of my modules was importing twisted.spread.pb.
I guess I'll look into using twistd and a mktap plugin.

 <closing>  <quotation>",2,train
186,2_1248,0.0,0.0,0.0,1.0,0.0,0.0,0.0,0.0,0.0,0.0,0.0,"Re: Re: Andy Coates re recrudensce Schiavo etc. 
  <quotation> amen to that. or perhaps at some point if we need to switch to a new 
server under our own roof, we can let a few more flowers (lists) 
blossom. my personal preference would be to have a list that encourages 
political debate around work issues in general and that allows for 
cross-fertilization across work areas, rather than just a techie list -- 
much as i would like such a list myself.

les schaffer

  ",2,val
187,2_1249,0.0,0.0,0.0,1.0,0.0,0.0,0.0,0.0,0.0,0.0,0.0,"Re: Possible to do a stripe vdev? 
 <salutation>  <quotation> Though I've never used this in production, it seems possible to layer ZFS on good old SDS (aka SVM, disksuite).

At least I managed to create a trivial pool on what-10-mins-ago-was-my-swap-slice:

 <raw_code> <log_data> <tabular> <log_data> 	test               ONLINE       0     0     0
 <log_data> So it looks like you could do the follwing:

* Put a small slice (10-20m should suffice, by convention it's slice 7 on the first cylinders) on each of your disks and make them the metadb, if you are not using SDS already
 <raw_code> * for your 500/250G drives, create a concat (stripe not possible) for each pair. for clarity, I'd recommend to include the 750G disk as well (syntax from memory, apologies if I'm wrong with details):

metainit d11 1 1 <700G disk>s0
 <raw_code> * create a raidz pool on your metadevices

zpool create <name> raidz /dev/md/dsk/d11 /dev/md/dsk/d12 /dev/md/dsk/d13 /dev/md/dsk/d14 /dev/md/dsk/d15

Again: I have never tried this, so please don't blame me if this doesn't work.

 <closing> ",2,test
188,2_125,0.0,0.0,0.0,1.0,0.0,0.0,0.0,0.0,0.0,0.0,0.0,"[PATCH] drivers: Conversions from kmalloc+memset to k(z|c)alloc. 
  <tabular> <log_data>  <log_data>  <quotation>  <raw_code>  <log_data>  <log_data>  <raw_code>  <raw_code>  <log_data>  <log_data>  <raw_code>  <raw_code>  <raw_code>  <log_data>  <raw_code> ",2,train
189,2_1252,0.0,0.0,0.0,1.0,0.0,0.0,0.0,0.0,0.0,0.0,0.0,"Re: Using Wacom Graphire 4 in GIMP (Mac OS X/X11) 
  <quotation> I've used an older Intuos tablet, model GD-0608-R, serial interface
with Gimp 2.2.

 <closing>",2,train
190,2_1253,0.0,0.0,1.0,0.0,0.0,0.0,0.0,0.0,0.0,0.0,1.0,"Re: Re: how to update drive firmware 
 What I find odd is that I have a Pioneer DVR-107D DVD burner and I was
able to boot my server with a Windows 98 boot floppy.  That boot
floppy seems to make a RAM disk and that is where I put the Pioneer
flash utility and flash image.  Works well.

Seems very strange that Pioneer would change all this for the next
model DVR unit.

Just to annoy us I guess.

 <raw_code>  .
.
 <log_data> <tabular> I may be staying at that revision for a while.

Joerg, do you have any thoughts on the DVD+R media format?  I have not
been able to get a usable burn with the DVD+R media.  I have stayed
with the DVD-R media ( and DVD-RW ) becuase that seems to be a well
supported standard.  There seems to be a push by people to move to the
""+"" designation faster media.  What are your thoughts on this ?

   Please check the Links page before posting:
 ",2,val
191,2_1259,0.0,1.0,0.0,0.0,0.0,0.0,0.0,0.0,0.0,0.0,0.0,"Re: another out-of-zone cname question-- anti-aliasing of zone
 servers? 
 This is pretty much/exactly what my previous message is urging.

  <quotation>    ",2,train
192,2_1260,0.0,0.0,0.0,1.0,0.0,0.0,0.0,0.0,0.0,0.0,0.0,"Inclusion of Bzr into the GNU system 
  <quotation> Even RMS admits that it is strictly freer than GPL software, but based
on the long-term interests of the community he decided that GNU policy
should be oriented to *freedom-preserving* software, and not merely
free software.  For that reason he defined ""software freedom"" in such
a way as to allow restrictive licenses like the GPL, and the GPL is
(at least to a pretty good approximation) the most restrictive license
that still qualifies as a free software license (even the GFDL does
not, although some instances of the GFDL do).

 <quotation> I guess you refuse to use X11, Perl, TeX, Apache, OpenSSH, and the BSD
shell utilities, then?  The GNU System has a long history of
incorporating free software even though it it not copyleft.

The license is easy enough to fix.  You can create a GNU Python
project which simply GPLs each release of Python as it comes out (I
told you Python's license was freer than the GPL, and this is an
important example of that freedom -- go ahead and try the reverse on
FSF-owned software if you don't believe me), and test whether Bazaar
works with the GPLed version.  If not, you complain to the Bazaar
devs.

Also, it's a fundamental principle of copyleft theory that you
separate the platform from the licensed work.  If people want to port
Emacs to Windows, this is not a problem for the Emacs project as long
as it doesn't provide features that make using Emacs on Windows more
attractive than using Emacs on free platforms.  The rationale is that
Emacs becomes no less free, and all else equal Emacs users on Windows
will find it easier to migrate to free platforms because they don't
have to worry about learning a new editor.

For those reasons, I rather doubt that the discussion of admitting
Bazaar as a GNU project (which AFAIK is kept private and simply
consists of getting the developers to sign a document saying they
adhere to GNU goals) considered whether Python was GNUish or not.

It certainly did not come up at all in the discussion of a DVCS for
Emacs, which RMS summarily terminated by deciding on Bazaar because it
was an active GNU project.  This, despite the presence of advocates of
GNU Arch---who actually have maintained a working Arch mirror of Emacs
for years.  Even Tom Lord, who participated in that discussion, was
unable to effectively argue for Arch.

 <quotation> Sad to say, I don't think Arch has a future beyond maintaining
existing projects that use Arch.  Distributed revision control has
moved on.  Git provides performance and the most intuitive database
schema, Mercurial gives almost as good performance and a convenient
UI, Darcs is patch-oriented, has some nice UI features, and
 <log_data> a GNU project (acceptable to RMS as long-term host for his first-born
child) for freedom-lovers.

So there's no longer room for proof-of-concept implementations, and
that's all that Arch ever was to Tom Lord, at least that's what he
said when he was busking for (financial) contributions.  He even
regrets many of the UI and feature concessions he made to the crew of
developers who later became the nucleus of the Bazaar project.  Making
Arch into a contender again will require a genius (or, to be specific,
Tom).  But Tom, too, has moved on I think.  While there are many ideas
in Arch that haven't made it into other VCSes even today, the
value-add to implementing them in Yet Another DVCS probably isn't that
high.",2,train
193,2_1261,0.0,0.0,1.0,0.0,0.0,0.0,0.0,0.0,0.0,0.0,1.0,"xmlbeans-maven-plugin and the ""-noupa"" switch 
 <salutation> I am trying to generate code from the ACORD XSD schemas using xmlbeans 
v2.1.0.

The generation fails as follows:

xmlbeans error: 
 <log_data> attribution rule.

Google tells me I need to pass the ""-noupa"" switch to xmlbeans to work 
around the problem, however I cannot seem to figure out how to do that.

Passing options to xmlbeans via the maven pugin doesn't seem to be 
documented anywhere. The ""xmlconfigs"" parameter seems to be a clue, 
pointing at a config file, but the format and content of this file are 
another seemingly undocumented mystery.

Has anybody managed to achieve this?

I am using xmlbeans-maven-plugin-2.0-beta1 with maven v1.0.2. (I tried 
upgrading to v2.0 final, but this causes the plugin to silently do 
nothing, no error message, no explanation.)

 <closing> ",2,train
194,2_1264,0.0,0.0,0.0,1.0,0.0,0.0,0.0,0.0,0.0,0.0,0.0,"In the Jungle, The Mighty Jungle - Thhe Best Places to eGt sexy 
 In the Jungle, The Mighty Jungle -- The Best Palces to Get sexy (www	shop47	net)
 <log_data>",2,val
195,2_1265,0.0,0.0,0.0,1.0,0.0,0.0,0.0,0.0,0.0,0.0,0.0,"Re: Keeping Sansevieria outdoors 
 Thanks Everyone. I have a pretty good idea of what I am going to do.

I think I'll house them in the back yard on a table where there is a
nice mixture of sun and shade. Plus they'll be in a fenced in area
hopefully safe from larger critters.

 <closing> ",2,val
196,2_1267,1.0,0.0,1.0,0.0,0.0,0.0,0.0,0.0,0.0,0.0,1.0,"Re: A new version of the Descend] report !!! 
 Great work Craig.

So, do you believe a version of this for trunk can replace the present
descendant report? That is, are there feature there that are not yet part of
your version.?

 <closing>  <quotation>    ",2,val
197,2_1268,0.0,0.0,0.0,1.0,0.0,0.0,0.0,0.0,0.0,0.0,0.0,"Re: Question about ram 
  <quotation> I'd say 1. but that's just a feeling and nothing i have ever investigated.

 <quotation> No, only at the lower clockspeed.

 <closing>    ",2,train
198,2_1269,0.0,0.0,1.0,0.0,0.0,0.0,0.0,0.0,0.0,0.0,1.0,"Re: [Camino] Bookmarks syncing across computers 
 I didn't know Camino did this. How do I do this?


  <quotation>  ",2,test
199,2_1271,0.0,0.0,1.0,0.0,0.0,0.0,0.0,0.0,0.0,0.0,1.0,"What is the J2SDK path? 
 <salutation> I am totally new to Java and NetBeans IDE. I installed the All-in-one bundle 
from http://java.sun.com/j2ee/1.4/download.html#sdk and I downloaded 
NetBeans 3.6 from the NetBeans.org site. 

Installing the SDK/AppServer/etc. was a peace of cake. In the other hand, 
the first required step in installing the IDE is specifying the J2SDK home 
path to the installer. I tried all possible directory paths related to 
C:\Sun\ on my machine with no luck. 

I would appreciate your help/insights/suggestion. 

 <closing>  -MSA",2,test
200,2_1273,0.0,0.0,1.0,0.0,0.0,0.0,0.0,0.0,0.0,0.0,1.0,"RTS Alteon feature 
 <salutation> Does any one knows how RTS really works ? (what session entry does the alteon build in it's session table ?)

When session comes back from the FILTER ENA port, how does it forwards the traffic to the RTS port ? 

Does the RTS port must be connected to a server or can it be connected to a switch where several servers are connected. If several servers are connected, how does the alteon knows to forward the traffic to the appropriate server if they both sit on the same RTS port ?

 <closing>",2,test
201,2_1277,0.0,0.0,1.0,0.0,0.0,0.0,0.0,0.0,0.0,0.0,1.0,"gdb cannot run the application 
 <salutation> I try to setup remote debugging on petalinux-v0.20-rc3 / Linux 2.6

From mb-gdb, I can establish the connection with the target using ""connect
to target"" only if the option ""Run program"" is set.
The display turns from source to Assembly and displays :

 <log_data>  I can read CPU registers ans memory but I cannot run the program.
Trying to run the program or using ""Continue from last stop"" option results
in target no more responding or exiting from gdbserver : ""Killing inferior""

Any help would be welcome.

 <closing>",2,train
202,2_1280,0.0,0.0,0.0,1.0,0.0,0.0,0.0,0.0,0.0,0.0,0.0,"Re: correct way of running a sub-process 
  <quotation>   (Untested)

    from twisted.internet import protocol, reactor

 <log_data>  <log_data>  <raw_code> <log_data>    Jp

  ",2,train
203,2_1284,0.0,0.0,0.0,1.0,0.0,0.0,0.0,0.0,0.0,0.0,0.0,"Re: Re: Franke score - Who the Bleep cares (was: What the Bleep) 
   <quotation> I would say: The amazing thing to me is how  many fans still seem to think
that TD's done anything of note since FRANKE departure!!!!!!!

:-)

 <closing>    ",2,test
204,2_1286,0.0,0.0,0.0,1.0,0.0,0.0,0.0,0.0,0.0,0.0,0.0,"RE: void lua_resizetable 
 <quotation> Right, I could use the registry table, I went down the route of using
the luaL_ref function first, but they appeared to be down hash key
lookups instead of array index lookups. For my 1000's of tables, this
meant luaH_getstr showing up at the top of my profile runs, because it
was iterating through keys to find the values after converting my
carefully chosen numeric values into TValue objects.

A couple of people replied that the table should re-size itself to have
an internal array even though the keys were inserted into the hash
portion. In my debugging this was not the case. Even after 1000's of
keys were inserted, using lua_rawseti and lua_rawgeti were still doing
hash key lookups.

It looks like the public C function lua_rawseti calls the internal
function luaH_setnum that allocates new keys, but that internal function
only allocates new keys for the hash table. Integer indices are
converted to key objects before being inserted into the hash table -
there is no facility in that function to grow the array portion of the
lua table. I guess it is relying on resizing the table to move those
keys into the array? This seems in-efficient and in my case doesn't seem
 ",2,train
205,2_1288,0.0,0.0,1.0,0.0,0.0,0.0,0.0,0.0,0.0,0.0,1.0,"How to filter this kind of spam 
 <salutation> since some weeks our company get spammed with
thousends of viagra mails.

The email, link and subject changes every time.

Take a look on the html code:
  Sorry can't post the code, here is a link to an textfile
wich containing the body:
http://www.sbgit.com/spam.txt
  The content isn't writtn from the left to the right!
Is there an rule who filter that?

 <closing>",2,train
206,2_1292,0.0,0.0,0.0,1.0,0.0,0.0,0.0,0.0,0.0,0.0,0.0,"Re: Kernel timers 
  <quotation> It would mean that the resistance to switching to 1000HZ gets massively
reduced.

Basically, the current implementation stops the timer tick when the
machine is _idle_. This means that we're not waking the machine up every
1ms and wasting power, and that was the main reason we didn't want
HZ=1000 in the past.

    ",2,val
207,2_1294,0.0,0.0,0.0,1.0,0.0,0.0,0.0,0.0,0.0,0.0,0.0,"Re: Move Creation to Factory Object 
 that's clearer.

  <quotation>   ",2,train
208,2_1299,0.0,0.0,0.0,1.0,0.0,0.0,0.0,0.0,0.0,0.0,0.0,"Re: various epson 24-pin printers 
  <quotation> By installing cups (supports 9pin and 24pin epson printers)

 <quotation>      ",2,train
209,2_1300,0.0,0.0,0.0,0.0,0.0,0.0,0.0,0.0,1.0,0.0,0.0,"Re: Zero-length mmaps 
  <quotation> NetBSD's mmap should be fixed.  We should probably version the symbol  
so old programs continue to run, but new programs get the new behavior.

 <closing>",2,train
210,2_1311,0.0,0.0,0.0,1.0,0.0,0.0,0.0,0.0,0.0,0.0,0.0,"Re: Semantics - Mystery of the Menu tag 
  <quotation> Yes.  If I write :

	1) Measure the flour
	2) Put it in a bowl
	3) Make a hollow
	4) Add an egg

		<etc>

these are invariably treated as time-sequential instructions.
If, on the other hand, I write

	Take :

	o 8 oz flour
	o 1 egg
	o a little water

		<etc>

where ""o"" is a bullet marker, these are treated as asynchronous
instructions that may be carried out in any order.

Thus I believe that bullets v. numbers (or letters)
(when correctly used) carry different semantics, and
therefore alters the meaning of a list.

 <closing>",2,train
211,2_1313,0.0,0.0,0.0,1.0,0.0,0.0,0.0,0.0,0.0,0.0,0.0,"Re: Experiment #2 with multiple Reference headers (was References with multipl 
  <quotation> A ""header line"" as you propose is not a semantic unit, since folding
white space can break the information at all sorts of places, and as
the mail winds its way to its destination, folded lines can be
rearranged several times in semantically equivalent ways.

If people start using header lines in this sense, I think there's the
inbuilt potential for confusion in some types of discussion.

To me, it's more natural to associate ""header line"" with the fully unfolded
piece of the header which begins with a field name and colon, since such
a ""header line"" is invariant under mail transport (as much as possible).

  ",2,train
212,2_1314,0.0,0.0,0.0,1.0,0.0,0.0,0.0,0.0,0.0,0.0,0.0,"Re: REFER extensions 
 And when Orit sways ""last call"", I think that means IETF last call.

The changes that she made were in response to feedback from the WGLC.

So this is close to being your last chance . . . going . . .  
going . . . .

    <quotation>  ",2,test
213,2_1323,0.0,0.0,1.0,1.0,0.0,0.0,0.0,0.0,0.0,0.0,1.0,"Re: Legal woes 
 <technical> The following is *NOT* legal advice.

  <quotation> Are you sure?

 <quotation> Which actually means nothing.  Start with the IP owner.  Really, they
should be going by the IP.  Somebody owns that IP and is ultimately
responsible for its security and behavior (and also its reverse DNS).
The crap  will flow downhill from there.

Likely the guy on the phone is clueless and likes to scare people. The
law is not a fast process.  You do not use lawyers if you want something
done quickly.   Always ask for identification (name, rep number,
department, supervisor are not bad things to ask for) and record the
information as well as the time of day and the phone number they called
from.

I have had some experience as I had a similar situation with a server in
the US and a misbehaving client (libel in case you were curious),  This
sounds fishy to me.  You are not Shaw's customer, they should not be
contacting you.


 <quotation> This is certainly possible.  Hubris sets you up for a terrible fall.

 <quotation> I have seen more than a few worms get in via bad php code.  Some
precautions, I keep the web root on its own partition, with noexec and
nosuid in the fstab.  If possible avoid programs that are not compatible
with PHP safe mode.

/tmp is its own partition with noexec

ALL mount points have extended ACLs configured.  This is really worth
learning.

Also nmap, gcc, nessus etc, do not belong on production servers!

 <quotation> This is what they should be doing,  Using reverse DNS is lame.  They
should not give out that information anyway, as it should be the police
who gets this info (ironically, they may violate FOIP by giving you this
info).  You should only be informed if it is your IP, in your case, you
don't actually own your IP, your provider does (he or she may be leasing
it from someone else, but the point is that I highly doubt that you
""own"" the IP itself.

 <quotation> Doesn't really matter.
host xxx.xxx.xxx.xxx will tell you what the reverse DNS is, but that
doesn't really mean anything.

 <raw_code> (tip, I alias this in my .bashrc, eg. alias whois=""whois -h
whois.geektools.com"")


 <quotation> Not your job

 <quotation> Also not your job.

Since it is Shaw being attacked, it is really up to them to involve the
appropriate law enforcement agency.  You will likely not be able to
figure out whose ass to kick, no offense, but they are likely better at
hiding than you are at finding.  Assuming of course that your box has
not been compromised and is not in fact the source of the port scanning.

Like Shawn said, do the due diligence part, document your steps, and
make *sure* that your box is secure.

 <quotation> not appropriate for this list :) >


 <technical>  ",2,train
214,2_1325,0.0,0.0,0.0,1.0,0.0,0.0,0.0,0.0,0.0,0.0,0.0,"Re: Windows GPLPV Drivers - Development stopped? 
  <quotation> If it helps to add your motivation, Sun is actually endorsing your
driver over their own :D
http://opensolaris.org/jive/thread.jspa?messageID=354100&tstart=0

 <closing>",2,test
215,2_1326,0.0,0.0,0.0,1.0,0.0,0.0,0.0,0.0,0.0,0.0,1.0,"Re: alter table serial->int 
  <quotation> What PG version?

I'd expect this to work somewhat sanely in 8.2, but in earlier versions
fooling with the default expression for a serial column is not well
supported.

 <quotation> The fact that you even tried that suggests that you don't understand
very well what ""serial"" is.  See the manual ...

 <closing> <log_data> ",2,train
216,2_1330,0.0,0.0,1.0,1.0,0.0,0.0,0.0,0.0,0.0,0.0,1.0,"Re: streams reference 
 <quotation> Actually, turns out:
stream_get_meta_data
stream_register_wrapper
stream_set_blocking
stream_set_timeout
stream_set_write_buffer

ARE in the manual under the filesystem section.  Should the missing
functions be added in there? Or still go ahead with creating a new streams
section and move these guys over?






  ",2,val
217,2_1332,0.0,0.0,0.0,1.0,0.0,0.0,0.0,0.0,0.0,0.0,0.0,"[Bug 292767] Re: BUG: scheduling with irqs disabled 
 <tabular>    ",2,test
218,2_1337,0.0,0.0,0.0,1.0,0.0,0.0,0.0,0.0,0.0,0.0,0.0,"Bug#397542: #397542: libxt6: Should include %l_%t.%c, %l.%c and %l_%t in FileSearchPathDefault 
  <quotation> OK.

 <quotation> Yes, I think you're right, a structured formulation like this will make
maintenance must easier.  I'll see if I can get the equivalent running
within the bounds of autoconf.  I think what I'll do first is readapt
the existing upstream code, to reproduce the existing variable but with
better maintainability.

Then when that's ready upstream, I'll make the Debian patch for the %t
bits.  I think I might keep the Debian patch explicit in debian/patches
rather than applying it to the tree in our git, to emphasise that it's a
Debian-only patch not appropriate for pushing back upstream.

 <closing>",2,val
219,2_134,0.0,1.0,0.0,0.0,0.0,0.0,0.0,0.0,1.0,0.0,1.0,"Re: Good Tutorial on core wicket 
 I will be glad to help out in any way.

Here are my thoughts to the community.

If we could talk about core wiket ideas and implementations, for instance:

Models (Concept, interfaces, implementations)
Session
Application
 <tabular> <closing> <tabular> Request and Response Cycles

Page Life Cycle.


The thing is, it is not the same (AT ALL) to build a wicket application than
it is to build a struts application (Other than struts sucks :P) which are
the concepts and design guidelines we should have?

That is what I am trying to address.

Because of my current infinite ignorance, I might not be the right person to
build this type of document.

Although I could write some docs after I get an Idea from the Book
Pro-Wicket or Wicket-Pro (don't remember just know) and migrate to 1.3, and
do some other demos. I think I could start writing in about a month or so.

Other than that any thing else I could do would be nice to help out.

 <closing>  <quotation>  ",2,train
220,2_1342,0.0,0.0,0.0,1.0,0.0,0.0,0.0,0.0,0.0,0.0,1.0,"Re: Cant mount raid with liveCD 
  <quotation> If you're using RAID 1 then the disks are just mirrors right?

So, you can fsck them and then mount each one individually as a ""normal""
drive.


    ",2,train
221,2_1343,0.0,0.0,0.0,1.0,0.0,0.0,0.0,0.0,0.0,0.0,0.0,"GNOME CVS: gnumeric emmanuel 
 <tabular> http://bugzilla.gnome.org/show_bug.cgi?id=153146
* graph/plugins/plot_radar/gog-radar.c (gog_radar_view_render): Check
if series is valid before trying to render it.

 <tabular>",2,train
222,2_1344,0.0,0.0,0.0,1.0,0.0,0.0,0.0,0.0,0.0,0.0,1.0,"Re: Re: ""missing entries"" in KPF log 
 I think that kerio only logs events that passed trough a rule that is set to
log and if you tick those boxes for unopen ports and suspicious packets...
All other events aren't logged if you don't add a rule for that particullar
event...

    <salutation> <quotation> Yes, and the ""Log packages to unopened ports"" and ""Log suspicious
packets"" are checked also.

But these packets are not the problem.
Like I said: if I use an app (ie MSIE - I'm using Netscape most of the
time) for which no rules are set up, Kerio asks me to Permit or Deny
it's access to the net.
No matter what I choose - Permit or Deny - the fact, that an
in-/outbound connection has been dealt with isn't logged!

To confirm this I just used MSIE to connect to an URL

I permitted the TCP connection and denied an UDP connection.
the page came up with no difficulties.

Looking in the log. no trace - whatsoever - of these events is
registered!!

A TCP connection was permitted - an UDP was denied. Why aren't they
logged???  If I made a rule for MSIE they would be (if logging were
enabled) *I don't want a rule for MSIE* - ie. I want to be asked
*everytime* it wants to connect and I want the transaction logged

Something like:

  <log_data> or denied according to circumstances. And for both incoming and
outgoing connections.

As it is now - reading the log will NOT indicate if there was an
connection attempt and whether it  was permitted or denied.

I think this to be such a significant flaw, that I must blame myself
for having  found the place where to activate the desired logging.

To take an example:  If you have put someone on guard at the entrance
of your house with no orders whom to permit  in , you will  - of
course - have an interest in knowing who came to your house, was let
in, and who wasn't

Not keeping a log of these events will
1. not give a true picture of the traffic at your doorstep
2. be fatal from a security point-of-view.

I can't figure out why this logging isn't done. All the nescessary
information is available since it is in the Permit/Deny dialog anyway!
It would be so easy to log it according to which button is hit.

Again: Please excuse me if this feature is already in KPF
undiscovered by me!

 <closing>  http://www.kerio.com/parser/mainpage.php?id=204&amp;amp;amp;amp;amp;lg=1
Kerio Firewall 2.1.4 http://download.kerio.com/dwn/kpf2-win.exe updated:
  ",2,test
223,2_1350,0.0,0.0,1.0,1.0,0.0,0.0,0.0,0.0,0.0,0.0,1.0,"CREDIT CARD PAYMENTS 
 I am trying to set the shopping cart to process credit cards offline so 
I can process them manually on my physical terminal of my business, but 
when I check my orders, I see that a person used a credit card to pay 
for the order, but I do not see a credit card number. Can someone help?

 <closing>",2,val
224,2_1351,0.0,0.0,0.0,1.0,0.0,0.0,0.0,0.0,0.0,0.0,0.0,"Re: SQL queries 
 <technical> <tabular> <quotation> while i spent no time investigating this, a possible explanation is that
page_namespace and page_title can be loaded from the index, without touching
the data.  but once you ask for page_is_redirect, a column not in the index
being used, it has to touch the data for each row to retrieve that field.

to put that another way: when your query's results can be retrieved using the
data already stored in the index, InnoDB will do that, and not touch the ""real""
data at all.

it's usually faster, as the index is already loaded to do the query in the
first place.

	- river.
 <technical>",2,train
225,2_1352,0.0,0.0,1.0,0.0,0.0,0.0,0.0,0.0,0.0,0.0,1.0,"In search of HOSTAP MAINTAINERS - are you hiding? 
  I'm having serious but probably easily fixed (for the maintainers)
problems with hostap.  I can't upgrade from 2.6.12 to the 2.6.14
without breaking the hostap driver.  I'm not using exotic hardware,
it's just an old DWL-650 and a ThinkPad A30.

I'm not asking for much, just a little clue on how to solve this.  If
you didn't want your driver used, why would you ignore bug reports,
and why would you seek inclusion in the mainstream Linux kernel?  If
you're not going to maintain this driver, why is this list address in
the kernel MAINTAINERS file?
  ",2,test
226,2_1353,0.0,0.0,1.0,0.0,0.0,0.0,0.0,0.0,0.0,0.0,1.0,"RFC: Kate-App-Editor Settings 
 <salutation> I think it would be a good idea to put the editor configuration into a 
separate dialog and store the settings into the session. Especially if you 
have to work on projects, which need different indentation settings (Tabs vs. 
Spaces).

Does any body else think that this would be a good idea? Is it too late in the 
release cycle for adding that feature, therefor should it wait for 4.1 ?

 <closing>  ",2,train
227,2_1354,0.0,0.0,1.0,0.0,0.0,0.0,0.0,0.0,0.0,0.0,1.0,"Re: (cpudetection in rpm packages) Newbie question
	disabling run time 
 [Automatic answer: RTFM (read DOCS, FAQ), also read DOCS/bugreports.html]
  <quotation> Have you tried the official RPMs?

     ",2,train
228,2_1356,0.0,0.0,1.0,0.0,0.0,0.0,0.0,0.0,0.0,0.0,1.0,"Re: RubyForge themes 
  <quotation> Why images?  Do we inherently need images on web pages?  And as for the
text size...I'd say that you have a point, but I think that the CSS
should be very restrictive in dictating font-size.  Just leave it at
whatever the user chooses, unless there's a need for a special
font-size.

The red theme is very pretty.  The blue, not so much so.  I could
definitely live with working with the red theme.  There are still some
""off by one""-pixel problems, but it still looks very pretty.
 <closing>   <log_data>  <raw_code>",2,train
229,2_1357,1.0,0.0,0.0,0.0,0.0,0.0,0.0,0.0,0.0,0.0,0.0,"Re: [patch, 2.5] Add an entry in cdc-acm.c for devices with ACM class 
  <quotation> Applied, thanks.

 <closing>    ",2,val
230,2_1359,0.0,0.0,1.0,1.0,0.0,0.0,0.0,0.0,0.0,0.0,1.0,"MinGW/Win32 port 
 I've spent the last few days working on a MinGW port of the gpsd
package.  I've made pretty good progress and have a somewhat functional
gpsd.exe and gpspipe.exe, as tested on Wine and WinXP.  The code is
based on the gpsd-2.90 release.

The applicable files are available here:
http://adsllc.fedorapeople.org/gpsd-2.90-mingw/

It's clearly not a finished product, and is probably broken in many
ways, but it's a start.  I'd like to get opinions on the structure of
things before I do much more polishing & fixing.

The basic summary of the changes are:

A. Added win32_compat.* files to compartmentalize as much as possible. 
There are still many empty stubs here.
B. Update a bunch of #include stuff to make step A work.
C. Added a serial_win32.c file that is used instead of serial.c as
necessary.
D. Sped up the select() timeout in the main loop on Win32.
E. Added a conditional gps_handle to gps_data_t.
F. Passed the whole gps_data_t* structure in some places instead of just
the fd so gps_handle would be available.
G. The ""boolean"" token used by the JSON stuff is already defined in
Win32.  Renamed to ""booleanval"".
 <log_data> I. Added NSIS installer support.

I'm looking for:

1. Advice on structural changes I can make to improve the odds of
mainline integration.
2. Advice on the Win32 API code, as that's not my speciality. 
Fortunately, there's really very little of it.
3. Other interested parties.
4. Other thoughts and opinions.

 <closing>",2,train
231,2_1361,0.0,0.0,0.0,1.0,0.0,0.0,0.0,0.0,0.0,0.0,0.0,"Re: Effect of transfer of copyright on free software licenses? 
  <quotation> It's the term of the license.

 <quotation> 35 years after the grant is made, and by the original
 ",2,train
232,2_1362,0.0,0.0,0.0,1.0,0.0,0.0,0.0,0.0,0.0,0.0,0.0,"Re: Does Iced Tea Web Start work on Fedora 10? What about Fedora 11? 
  <quotation> You are correct. Elluminate uses JNI code and the accompanying .so's are
32-bit only. It cannot work with any 64-bit JVM (IcedTea or Sun).
It does work with the 32-bit IcedTea though.
 
 <quotation> Unfortunately, that is not possible at this time.

 <closing> <quotation>  ",2,train
233,2_1365,0.0,0.0,0.0,1.0,0.0,0.0,0.0,0.0,0.0,0.0,0.0,"Re: APNIC returning 223/8 to IANA 
  <quotation> ARIN has dealt with the issue of RESERVED blocks within /8 allocations
for years (and InterNIC, SRI-NIC, etc for a decade?).  I guess 223/8
could be allocated to ARIN instead, if APNIC can't fix their database
software to handle special use allocations.

Or IETF could reserve the entire 223/8 for future special use allocations
instead of the current practice of using whatever space was next in
the queue when a new special use request is made.  Otherwise, some RIR
will have to deal with future RESERVATIONS within a /8 eventually.  It
seems a bit wasteful to reserve an entire /8 just because RIR's can't
deal with RESERVED allocations, but I don't run an RIR so I don't know
the capabilities of the database tracking systems.",2,val
234,2_1366,0.0,0.0,0.0,1.0,0.0,0.0,0.0,0.0,0.0,0.0,0.0,"Re: Who starts sync-engine? 
 <quotation> This is the bit i wasn't so sure about, particularly in the context of
the triggerconnection program which was merged in to odccm. This is
good to know, and adding dbus activation should be a simple as
shipping a dbus .service file, along the lines of this:

http://svn.gnome.org/svn/conduit/trunk/data/org.conduit.service.in

Though i presume @bindir@ would be populated differently for a
setup.py based installation. This fits in for jagow as well. In his
case, sync-engine starts with his session so org.synce.whatever is
available and dbus activation never has to do anything.

 <closing>  ",2,train
235,2_1367,0.0,0.0,0.0,1.0,0.0,0.0,0.0,0.0,0.0,0.0,0.0,"Re: Http and Https configuration for Squid in Forward
 Proxy 
  <quotation> It would, however there is one problem:
  web browsers do not naturally setup proper SSL handshakes for HTTPS 
requests to 443 through proxies. They setup a CONNECT tunnel to the 
proxy and HTTPS inside that.

The last person who tried this was using stunnel and found that the 
requests were mangled beyond use on arrival at Squid. There is something 
about HTTPS requests that non-HTP tunnelers can't seem to do. (I'm not 
sure what)

If you are worried about security of information transferred when the 
browser sets up a CONNECT, you can relax. All that is transferred is the 
  HTTPS domain name and port. None of the real request info goes through 
 <log_data> <closing>      Current Stable Squid 2.7.STABLE6 or 3.0.STABLE13
   Current Beta Squid 3.1.0.5",2,train
236,2_1371,0.0,0.0,0.0,1.0,0.0,0.0,0.0,0.0,0.0,0.0,0.0,"Re: Fedora Core 4 and FC5's NEW EXT3 file system: ""Reserved GDT
	blocks"" ??? 
  <quotation> It means that blocks have been reserved in order to allow on-line
resizing.  The filesystem will also have ""resize_inode"" in the
filesystem features line reported by dumpe2fs.  This is most useful if
the filesystem has been created on a Logical Volume managed by an LVM
system so that when the LV is expanded, the filesystem can take
advantage of the new disk space without needing to unmount the
filesystem first.

Filesystems that don't have this set can of course still be resized
off-line using resize2fs.

 <quotation> There isn't a way to do this that is supported by Fedora.  You can use
the ext2prepare tool that is part of ext2resize package on sf.net, but
Red Hat hasn't been willing to support that package, and I haven't
been willing to accept that code into the mainline e2fsprogs for
code-quality reasons.  (Doing a complete rewrite of the program from
the ground up is on my todo list, but to be honest other things are
higher priority.)

 <quotation> If you enable the dir_index field, when any directories grow beyond a
single disk block, they are automatically become indexed using a hash
tree.  (There's no point using a hash tree if the directory is only a
single block.)  You can actually do this on a mounted filesystem, and
it will take effect immediately.

The ""e2fsck -fD"" command will cause e2fsck to rebuild and reindex any
directories which are larger than a single disk block.  So this will
give you the benefit of directory indexing for all large directories
on the filesystem. 

The directory indexing feature is completely orthogonal to the
resize_inode feature (which allows on-line resizing).

 <quotation> Yes, see above.  But unless your filesystem is on an LVM-managed LV,
it probably doesn't matter so much that you can't on-line grow the
filesystem.

 <closing>",2,train
237,2_1372,0.0,0.0,1.0,1.0,0.0,0.0,0.0,0.0,0.0,0.0,1.0,"RE: Non ASCII characters in file names 
 Thanks for the answers!

Setting LANG is no option for us because the application does not run on 
our own systems. We tried to set G_BROKEN_FILENAMES but the behaviour didn't
change :(

Are there any other settings we need to change to get this working?

 <closing> <quotation>  ",2,train
238,2_1373,1.0,0.0,0.0,0.0,0.0,0.0,0.0,0.0,0.0,0.0,0.0,"Re: alpine-2.00-3 fails 
 Thank goodness! (And thanks to Daniel Macks for his help!)

  <quotation>      ",2,train
239,2_1377,0.0,0.0,0.0,1.0,0.0,0.0,0.0,0.0,1.0,0.0,0.0,"Re: hibernate 1.98 pre-announcement 
 <salutation>  <quotation> The idea was to provide better transparent replacement of swsusp. We
could, of course, concentrate on improving pm-utils to the point where
the hibernate script is no longer needed. For the moment, though, I
thought it might be helpful to be able to set things up so that pm-utils
doesn't need to be modified and the hibernate script can transparently
fill in the gaps.

 <closing>",2,train
240,2_1379,0.0,0.0,0.0,1.0,0.0,0.0,0.0,0.0,0.0,0.0,0.0,"Re: off topic 
  <quotation> Took me 2 weeks to get my first ubuntu working. Im hoping its a lot easier
in dapper.


  <quotation>   sometimes lose everything becuase the thing you bought was incapable of
 ",2,train
241,2_138,0.0,0.0,1.0,0.0,0.0,0.0,0.0,1.0,0.0,0.0,1.0,"IP Blocked 
 To whom it my concern,

 

            I am an admin at St. Petersburg College, it has come to my
attention that our firewall internet address is being blocked by
Wikipedia.  The Admin (RickK <http://en.wikipedia.org/wiki/User:RickK> )
that blocked the ip (66.194.104.5) is no longer available.  Please let
me know what needs to be done to resolve this issue.  On the reason
given ""death threats"", we would like any information on the user and
events so that we may ensure it does not happen again from our faculty
or students.

 

Below is the block info from the web page....

Your IP address is 66.194.104.5. Please include this address, along with
your username (if you are a registered user), in any queries you make.

Your user name or IP address has been blocked
<http://en.wikipedia.org/wiki/Wikipedia:Blocking_policy>  by RickK
<http://en.wikipedia.org/wiki/User:RickK> .

The reason given is:
death threats

Thank you for your time and help,

 

   ",2,train
242,2_1381,1.0,0.0,1.0,0.0,0.0,0.0,0.0,0.0,0.0,0.0,1.0,"Re: Simple steps to improve CIPE security 
 <salutation> thank you for this input. I will research it some more before coming to a 
final opinion on MD5. It can wait a little while.

Can anyone add to this please?

 <closing>  <quotation>  ",2,train
243,2_1382,0.0,0.0,1.0,1.0,0.0,0.0,0.0,0.0,0.0,0.0,1.0,"OT: MS Office Addin -- Guidance/Advice 
 <salutation> I am sorry for troubling people on this list, however, I am hoping
someone can steer me in the right direction.

I would like to create an Addin for MS-Office that would allow me to
store a copy of a document/email/spreadsheet in an external database.

IOW, when I have the doc/email/xls open I have a button on the tool
bar that allows me to specify some params and then the current active
object is sent to the db.

I have search thru MSDN, but can't find the ""Here's how ya do it"" entry.

 <closing> g.",2,val
244,2_1385,0.0,0.0,1.0,0.0,0.0,0.0,0.0,0.0,0.0,0.0,1.0,"=?ISO-8859-1?B?b3B0aW1pemVyIGJ1ZyBpbiBzZWxlY3RpbmcgZmllbGRzIHRoYXQgZG9utHQgYmVsb25nIHRvIHRoZSBpbmRleCB1c2VkIGJ5IG15c3Fs?= 
 <salutation> <quotation> <raw_code> <quotation> What is the output from EXPLAIN for this query ?
Do you get a similar problem with MyISAM tables ?

 <closing>  ",2,val
245,2_1389,0.0,0.0,0.0,0.0,0.0,0.0,0.0,0.0,1.0,0.0,0.0,"[PATCH 3/3] add ability to disable ft_board_setup as
	part of bootm 
 if the environment variable 'disable_fdt_boardsetup' is set we skip
doing the ft_board_setup().

 <tabular>   ",2,test
246,2_1399,0.0,0.0,1.0,1.0,0.0,0.0,0.0,0.0,0.0,0.0,1.0,"Re: twisted and gprs networks 
  <quotation> Those two paragraphs seem, to me, to be contradictory. The IP might 
change, but you need to know the IP?

 <quotation> Sessions need not be tied to a particular transport layer connection. 
HTTP applications commonly deploy sessions (for example, using cookies) 
that span multiple transport layer connections.

 <quotation> You haven't defined the problem well enough for me to suggest a specific 
solution, but Twisted can do all of the things above.

Could you give a bit more detail on what you want to achieve?",2,train
247,2_1402,0.0,1.0,0.0,1.0,0.0,0.0,0.0,0.0,0.0,0.0,0.0,"automated response 
 I will be out of the office until October 16th. Please feel free to contact Jen Alvino at 871-1700 x733 or GDwFuKAFhZWGQfMu@example.com in my absence. You may also contact Library Administration at x755. I will respond to your email when I return.

 <closing>",2,train
248,2_1403,0.0,0.0,1.0,0.0,0.0,0.0,0.0,0.0,0.0,0.0,1.0,"Problem with Direct Routing and Ultramonkey 
 I have 3 real servers running postfix and one server running UM in a DR config

 <raw_code> <log_data> <raw_code> <log_data>   -> 172.16.11.45:25              Route   1      0          0
  -> 172.16.11.46:25              Route   1      0          0


I can make a connection to the VIP on port 25, and sometimes the connection lasts for a whole smtp chat, other times it doesn't, and then the connection is dropped and subsequent connections are refused.

I can still telnet to the real server port 25's and an ipvsadm -L -n yields the above table.

the only way I can get the service working again is to stop and start heartbeat and then of course it only works for one or part of one connection

Can anyone help

 <closing>",2,train
249,2_1404,0.0,0.0,0.0,1.0,0.0,0.0,0.0,0.0,0.0,0.0,0.0,"Re: syslog-ng log rotation 
 you could have a log destination that looks something like this:

 <raw_code>          file(
 		""/your_path/$YEAR-$MONTH-$DAY-$HOUR-$MINUTE.txt""
 <raw_code> so syslog-ng would just keep creating new files every minute. it would be 
up to you to bundle up your 5 minute  sections.

 <closing>  <quotation>  <quotation> https://lists.balabit.hu/mailman/listinfo/syslog-ng
 ",2,train
250,2_1411,0.0,1.0,0.0,0.0,0.0,0.0,0.0,0.0,0.0,0.0,0.0,"Re: cvs commit: src/sys/dev/usb ehci.c ehci_pci.c ehcivar.h ohci.c
 ohci_pci.c ohcivar.h uhci.c uhci_pci.c uhcivar.h uhub.c usb.c 
  <quotation> Way cool!

 <closing>    ",2,train
251,2_1412,1.0,0.0,1.0,0.0,0.0,0.0,0.0,0.0,0.0,0.0,1.0,"Re: sFlow, NetFlow 
 <quotation> Thanks for the detailed information. So, sFlow is what is used by our 
provider to calculate those nice MRTG charts? (And NetFlow's the 
trademarked version by Cisco.)

 <closing>   ",2,test
252,2_1414,0.0,0.0,0.0,1.0,0.0,0.0,0.0,0.0,0.0,0.0,1.0,"Re: Re: [Bf-blender-cvs] CVS 
	commit:blender/source/blender/python/api2_2x Mathutils.c quat.c
	vector.c 
  <quotation> Sorry about that.  I figured it would break something.
At least it broke something that doesn't officially exist yet!

I realise that is no consolation.  I can see the implementation 
was ideal for what you are doing.  However, the leakage problems
of who deletes what and when combined with the possible bad
pointer problems had to be dealt with.

I am open to other solutions or the existance of some sort of
VectorWrapper type.  Maybe an EditVert type that can be used
as an argument in Vector operations?

  ",2,train
253,2_1415,0.0,1.0,0.0,1.0,0.0,0.0,0.0,0.0,0.0,0.0,0.0,"RE: about  draft-ietf-hip-mm-04 
 <quotation> I think it would be helpful to propose this new text; I would think that
it would be an agreeable and useful extension of what we have already.

There will be a few other changes due the secdir review of the draft; I
think that the -05 version of the draft can propose the changes due to
this and also the reviews ongoing presently.

 <closing>",2,train
254,2_1422,0.0,0.0,0.0,1.0,0.0,0.0,0.0,0.0,0.0,0.0,0.0,"Re: Can't Cleanup... 
  <quotation> This isn't actually correct.  I interrupted an ""svn switch"" this 
afternoon (because I realized that I needed a ""make clean"" first), and 
it left ""svn status"" listing a number of files labelled with ""L"".  ""svn 
cleanup"" managed to clean things up properly.  (This was with the svn 
1.3.2 client.)

 <closing> <quotation>",2,train
255,2_1423,0.0,0.0,0.0,1.0,0.0,0.0,0.0,0.0,0.0,0.0,0.0,"Re: Build fails for FreeBSD 4.10 
  <quotation> Well, I'm using the FreeBSD binaries on my system. However, I also could
use the Linux binaries on FreeBSD. I don't know if there are many users
out there using FreeBSD and the FreeBSD binaries.


 <quotation> I used -a in rsync which preserves time stamps.
 <quotation> I have:
 <log_data> But even if I 'touch Makefile.in' the error persists. 


  ",2,train
256,2_1427,0.0,0.0,0.0,1.0,0.0,0.0,0.0,0.0,0.0,0.0,0.0,"RE: US/Canada Toll-Free 
 That doesn't necessarily mean much to GX.  ;-)

 <closing>   If I were you, I would contact Global Crossing directly (or through a 
broker) and get pricing on their new IP offerings.  You may find that a 
some fraction of a cent is worth having control of YOUR circuits and 
DIDs.  Make sure to explain that you are shopping around and have found 
better rates, you are ready to move on it.

 <closing>  <quotation>    ",2,test
257,2_1428,0.0,0.0,1.0,0.0,0.0,0.0,0.0,0.0,0.0,0.0,1.0,"Bug#436557: #436557: audacious: segfault reading skins 
 <salutation> Could you please confirm this issue has gone with 1.4beta (currently in 
sid).

 <closing>",2,val
258,2_1430,0.0,0.0,0.0,1.0,0.0,0.0,0.0,0.0,0.0,0.0,0.0,"CVS commit: htdocs/Documentation/software 
 <tabular> <log_data> To generate a diff of this commit:
cvs rdiff -r1.76 -r1.77 htdocs/Documentation/software/packages.html
cvs rdiff -r1.66 -r1.67 htdocs/Documentation/software/packages.list

Please note that diffs are not public domain; they are subject to the
copyright notices on the relevant files.",2,train
259,2_1433,0.0,0.0,0.0,1.0,0.0,0.0,0.0,0.0,0.0,0.0,0.0,"Re: <td colspan=2> no go 
  <quotation> Normally it should recognize the colspan attribute.

 <quotation> It was fixed in the last released version.

 <quotation> I suspect a dialog box is waiting for a confirm.
 <quotation> <closing>  ",2,val
260,2_144,0.0,0.0,0.0,1.0,0.0,0.0,0.0,0.0,0.0,0.0,0.0,"[Bug target/38707]  New: gcc.c-torture/execute/20050121-1.c ICEs with -march=pentium-m 
 While trying to figure out what is causing bootstrap to fail with
--with-arch=pentium-m, I decided to test the testsuite with stage1's gcc and
found that gcc.c-torture/execute/20050121-1.c ICEs with -march=pentium-m, this
happens even with a normal compiled compiler.


  <tabular> http://gcc.gnu.org/bugzilla/show_bug.cgi?id=38707",2,train
261,2_1442,0.0,0.0,0.0,1.0,0.0,0.0,0.0,0.0,0.0,0.0,0.0,"Re: Sort $_FILE['userfile']['name'] by ascending abc order... 
  <quotation> try it, the you won'y have to ask ;)

  ",2,train
262,2_1443,0.0,0.0,0.0,1.0,0.0,0.0,0.0,0.0,0.0,0.0,0.0,"Re: Stats collector on rampage (8.2.3) 
  <quotation> Sure I do, for me it's even easier than that, I use DRBD so I can just shut
down one node upgrade it and then upgrade the other one; however upgrade the
DB means for me ""touch"" an entire satellite trasmission platform, I have to
schedule a platform maintenance for that...

 <closing>                  http://www.postgresql.org/docs/faq",2,train
263,2_1447,0.0,0.0,0.0,1.0,0.0,0.0,0.0,0.0,0.0,0.0,0.0,"[ jedit-Bugs-1580096 ] New Keyboard Handling: ctrl
	keys and caps lock 
 Bugs item #1580096, was opened at 2006-10-18 16:07
  Please note that this message will contain a full copy of the comment thread,
including the initial issue submission, for this request,
not just the latest update.
 <tabular> <quotation> <tabular>  <tabular> 1.6.0beta2, and jEdit trunk.

I find that sometimes ctrl-keys (such as ctrl-s) are
mapped sometimes as C-S and sometimes as C-s. Its
behavior can change during the execution of jEdit,
without exiting.  

One time I noticed the change (from caps to lowercase)
was right after I ran jdiff, but I am not exactly sure
how to reproduce this problem.




  <tabular> This is related to caps lock getting stuck. That's what
happened. 

When caps lock is activated, the shortcuts change. Perhaps
this is not a bug, but a ""feature"". I'm not sure. It does
not seem like a desirable one to me, but it is no longer a
high-priority bug.



      ",2,train
264,2_145,0.0,0.0,0.0,1.0,0.0,0.0,0.0,0.0,0.0,0.0,0.0,"Re: Building standalone ZPT from Zope 3 using zpkgtools 
  <quotation> There are two modes, application and package. Zope is built as an application, 
so you get the Makefile and all, but if you build a package you can use plain 
setup.py. However, I think Makefile is just a frontend for the setup.py calls 
anyways.

 <closing>  ",2,train
265,2_1461,0.0,0.0,0.0,1.0,0.0,0.0,0.0,0.0,0.0,0.0,0.0,"svn commit: r21730 - trunk/subversion/libsvn_wc 
 <tabular> <log_data> * subversion/libsvn_wc/entries.c: revert usage of the revertbase_checksum field.

 <log_data> <tabular>  <tabular>  <tabular>  <raw_code>",2,train
266,2_1467,0.0,0.0,1.0,1.0,0.0,0.0,0.0,0.0,0.0,0.0,1.0,"Redirect to different Url/War 
 <salutation> I have a project with 5 war files deployed to a server and I rewrote the login
with stripes.  After i validate the user from db i need to send them to a map
page with the url http://localhost:5689/Cwss/Map.jsf
Is this possible to do from within one war and how can i solve this?
can i do 
public Resolution checkLogin(){
 <raw_code> I know this doesnt work because it appends the url of the stripes login war file
to the beggining.

Any suggestion will be appreciated.Thanks in advance.
 <closing>  ",2,train
267,2_1470,0.0,0.0,0.0,1.0,0.0,0.0,0.0,0.0,0.0,0.0,0.0,"Re: Installing PostgreSQL on Windows 7 Beta Build 7000 64bit - first  results 
  <quotation> I think all of those directories are only for executable files
and not good to store any data. Is it safe to create database cluster
under ""C:\Documents and Settings\postgres"" or ""C:\Users\postgres"" ?
UAC often bytes us when we just try to modify the configuration file.

I'm not sure which directory should we create $PGDATA -- ""My Documents"",
""Application Data"", ""Local Settings"" or direct child of %USERPROFILE%,
but anyway some of them would be better than ""Program Files"".

 <closing>    ",2,train
268,2_1474,0.0,0.0,1.0,0.0,0.0,0.0,0.0,0.0,0.0,0.0,1.0,"Problem with wxPython and stc 
 <salutation> This is probably not a wxPython problem per-se but it is stopping me 
from using wxPython and I'm hoping someone else will have an answer. 
When installing wxPython I get many errors when having the BUILD_STC 
flag on. The following is the error produced during a python setup.py 
build (on SuSE 9.0):

 <log_data>  <log_data> <snip>

 <log_data> I assume it uses libstc which is as follows:
/usr/lib/libstdc++-3-libc6.1-2-2.10.0.so
 <tabular>  <raw_code> How can I get stc working with wxPython?",2,train
269,2_1475,0.0,0.0,0.0,1.0,0.0,0.0,0.0,0.0,0.0,0.0,1.0,"Re: Embedding jpeg in pdf 
  <quotation> This is not how cairo works though.  Cairo code MUST be able to render
to any cairo backend.  That just doesn't work with what you suggest.  We
can have PS/PDF-specific API for pass through of EPS/PDF, but that's a
different thing.


   http://behdad.org/

""Those who would give up Essential Liberty to purchase a little
 Temporary Safety, deserve neither Liberty nor Safety.""
 <log_data>",2,test
270,2_1479,0.0,0.0,0.0,1.0,0.0,0.0,0.0,0.0,0.0,0.0,0.0,"Re: Review of draft-ietf-simple-message-sessions-08 - Syntax 
  <quotation> ok. (I thought I fixed that one already, too. Grumble.)

 <quotation> I don't understand the statement.

 <quotation> Hmm... OK.

 <quotation>",2,train
271,2_1480,0.0,0.0,0.0,1.0,0.0,0.0,0.0,0.0,0.0,0.0,0.0,"Re: StatusValidChange 
 A couple of notes:

1. if we add something to the entity engine to check this we would  
need to move the Status* entities from the common component to the  
entity component

2. I played with doing a separate method that genericized checking the  
StatusValidChange, but it made the code bigger and (IMO) more  
difficult to follow and customize, especially since the  
StatusValidChange checking is pretty simple in the first place.  
However, the code would be more generic and perhaps slightly more  
simply (ie maybe not fewer lines, but some of the lines would be less  
complex), so there might be some merit in it...

3. related to #1, but a variation on that approach: we could perhaps  
have a service that checks this generically that is called through an  
EECA or SECA rule, and then all we have to do is setup that ECA rule  
for each entity we want checked

 <closing>  <quotation>",2,train
272,2_1481,0.0,0.0,1.0,0.0,0.0,0.0,0.0,0.0,0.0,0.0,1.0,"Re: WG Review: Recharter of Internet Emergency Preparedness (ieprep) 
 <quotation> <log_data> <quotation> Fred, if there are parts of the problem that clearly fall within the
IETF, can you work on a narrowly focused charter that clearly says
what you're going to work on and shows:

1) Why it is within the IETF's scope

2) What you plan to do?

 <quotation> <closing>  ",2,train
273,2_1485,0.0,0.0,0.0,1.0,0.0,0.0,0.0,0.0,0.0,0.0,0.0,"Re: Runing Bind under User Bind 
  <quotation> I ran BIND this way, I seem to recall chown'ing that pid file once and
never having a problem with it again for the lifetime of the box.
   anyway."" - Unknown found in a .signature",2,train
274,2_1488,0.0,0.0,1.0,0.0,0.0,0.0,0.0,0.0,0.0,0.0,1.0,"RE: [Algorithms] Dynamic Gamma / Tone Mapping 
 I can hear you there, I'm divided between getting an ACM or an IEEE subscription. 

   	Yep, the paper title is ""Dynamic Range Reduction Inspired by Photoreceptor Physiology"". It is published in the IEEE 2005 Vol. 11, No.1 January/February 2005, page 13. A short google search only showed up the IEEE website where you can buy the paper ... I think I bought it from there.
	Having bought my third paper from this website now, I am thinking about a membership ...
	 
 <closing>   	do you have links to either of those papers online? (siggraph or 2005 paper) 
	 
	:)
	 
 <closing>   		I think good ideas for contrast improvements can be found in Erik Reinhardt's 2005 paper ... just forgot the name, but he also talked on SIGGRAPH this year about it.
		You might for example interpolate the luminance of a pixel with the scene luminance or you might store luminance not for RGB per scene, but for each color channel separately.
		This should help with contrast. Anyone tried this?
		 
 <closing>   		I know that the authors (at least Pete Shirley) were really surprised
		how well the ""simple"" operator worked, and felt the high level take home
		from the paper is that the simple operator works quite well (I've just
		talked with Pete about this, Erik might have a different opinion...)
		
 <closing>     		Speaking of contrast and the Rheinhard approach... Has anyone
		implemented the contrast preserving ""dodge and burn"" operator in this
		paper? We are just using the basic operator, and its tempting to try to
		do the dodge and burn, but I'm not sure if it will make much difference
 <quotation> <closing> <quotation>        ",2,val
275,2_1489,0.0,0.0,1.0,0.0,0.0,0.0,0.0,0.0,0.0,0.0,1.0,"cvs2git with  modules? 
 <salutation> 	I'm trying to use cvs2svn in cvs2git mode to convert a repo with a number of modules.  
Can anyone tell me how to keep that module structure in the new git repo?  So, if in cvs there are two modules, 
ModA and ModB, I want to see those two as top level directories in the git repo.

I've tried putting adding the projects in my options file as below, but it puts the files ModA/* and ModB/* at the top level in the git repo.


 <raw_code>     )


  ",2,test
276,2_149,0.0,0.0,0.0,0.0,0.0,0.0,0.0,0.0,0.0,1.0,,"svn commit: r396620 [2/3] - in /httpd/httpd/branches/2.0.x/docs/manual: ./
 developer/ faq/ howto/ misc/ mod/ platform/ programs/ ssl/ vhosts/ 
  <tabular>  <log_data>    <tabular>  <log_data>    <tabular>  <log_data>    <tabular>  <log_data>    <tabular>  <log_data>    <tabular>  <log_data>    <tabular>  <log_data>    <tabular>  <log_data>    <tabular>  <log_data>    <tabular>  <log_data>    <tabular>  <log_data>    <tabular>  <log_data>    <tabular>  <log_data>    <tabular>  <log_data>    <tabular>  <log_data>    <tabular>  <log_data>    <tabular>  <log_data>    <tabular>  <log_data>    <tabular>  <log_data>    <tabular>  <log_data>    <tabular>  <log_data>    <tabular>  <log_data>    <tabular>  <log_data>    <tabular>  <log_data>    <tabular>  <log_data>    <tabular>  <log_data>    <tabular>  <log_data>    <tabular>  <log_data>    <tabular>  <log_data>    <tabular>  <log_data>    <tabular>  <log_data>    <tabular>  <log_data>    <tabular>  <log_data>    <tabular>  <log_data>    <tabular>  <log_data>    <tabular>  <log_data>    <tabular>  <log_data>    <tabular>  <log_data>    <tabular>  <log_data>    <tabular>  <log_data>    <tabular>  <log_data>    <tabular>  <log_data>    <tabular>  <log_data>    <tabular>  <log_data>    <tabular>  <log_data>    <tabular>  <log_data>    <tabular>  <log_data>    <tabular>  <log_data>    <tabular>  <log_data>    <tabular>  <log_data>    <tabular>  <log_data>    <tabular>  <log_data>    <tabular>  <log_data>    <tabular>  <log_data>    <tabular>  <log_data>    <tabular>  <log_data>    <tabular>  <log_data>    <tabular>  <log_data>    <tabular>  <log_data>    <tabular>  <log_data>    <tabular>  <log_data>    <tabular>  <log_data>    <tabular>  <log_data>    <tabular>  <log_data>    <tabular>  <log_data>    <tabular>  <log_data>    <tabular>  <log_data>    <tabular>  <log_data>    <tabular>  <log_data>    <tabular>  <log_data>    <tabular>  <log_data>    <tabular>  <log_data>    <tabular>  <log_data>    <tabular>  <log_data>    <tabular>  <log_data>    <tabular>  <log_data>    <tabular>  <log_data>    <tabular>  <log_data>    <tabular>  <log_data>    <tabular>  <log_data>    <tabular>  <log_data>    <tabular>  <log_data>    <tabular>  <log_data>    <tabular>  <log_data>    <tabular>  <log_data>    <tabular>  <log_data>    <tabular>  <log_data>    <tabular>  <log_data>    <tabular>  <log_data>    <tabular>  <log_data>    <tabular>  <log_data>    <tabular>  <log_data>    <tabular>  <log_data>    <tabular>  <log_data>    <tabular>  <log_data>    <tabular>  <log_data>    <tabular>  <log_data>    <tabular>  <log_data>    <tabular>  <log_data>    <tabular>  <log_data>    <tabular>  <log_data>    <tabular>  <log_data>    <tabular>  <log_data>    <tabular>  <log_data>    <tabular>  <log_data>    <tabular>  <log_data>    <tabular>  <log_data>    <tabular>  <log_data>    <tabular>  <log_data>    <tabular>  <log_data>    <tabular>  <log_data>    <tabular>  <log_data>  ",2,train
277,2_1496,0.0,1.0,0.0,1.0,0.0,0.0,0.0,0.0,1.0,0.0,0.0,"Re: Marx & Engels ebooks 
 <salutation>  actually the reason ""whole"" copies of works are not available have 
nothing to do with DVD sales (which are pretty much in the dumps these 
days because Broadband is increasingly ubiquitous), it has to do with 
bandwidth, actually, and to a certain degree with server space. About 
95% of the Chinese section of the MIA is PDF and because of this it is 
one our biggest band width hogs. It is quite a pain, actually. We have 
mix and match and lot of PDFs anyway, like Capital, I think. The French 
side of the house does everything in RTF, PDF and HTML. We are all for 
others doing bitorrent, actually, and we love that people use whole 
sections of the MIA or even mirror the whole things. We live for Public 
Domain. Anyway, I did post your point to our list, we'll see if there 
are any comments.

 <closing>  ",2,test
278,2_1500,0.0,0.0,0.0,1.0,0.0,0.0,0.0,0.0,0.0,0.0,0.0,"Re: [PATCH 4/4] libfc, fcoe: Remove unnecessary cast 
  <quotation> My thoughts exactly.  I think I said something similar (maybe just to myself)
back when reviewing it as it went in.  However, the author should have some freedom to do
it his way, so maybe we should let it be.

I'm glad we're getting rid of unnecessary casts.  There are probably a lot more of those,
as Andrew said.  I wish I had more time for cleanup like this.

 <closing>",2,train
279,2_1502,0.0,0.0,0.0,1.0,0.0,0.0,0.0,0.0,0.0,0.0,0.0,"Re: More on Sereno's Crocs... 
 Link is no good (now) - I found this one:

http://www.chicagotribune.com/news/chi-sereno-crocs_mullennov20,0,4089965.story



  <quotation>",2,test
280,2_1503,0.0,0.0,1.0,0.0,0.0,0.0,0.0,0.0,0.0,0.0,1.0,"debugging code 
 If I have some debugging code in a Python program (mostly print
statements) and I want to turn it ""off"", two obvious methods are to
(1) comment out the code 
(2) set a logical 'debug' variable at the beginning and use it to
conditionally run the debugging code.

Is there a better way? Some other languages have conditional
compilation. (I don't know if that is better or worse). What is the
""best"" way to maintain ""production"" and ""debugging"" versions of a
Python program at the same time, preferably in the same file?
  ",2,train
281,2_1504,0.0,0.0,1.0,0.0,0.0,0.0,0.0,0.0,0.0,0.0,1.0,"Re: keyboard macros for the wx.StyledTextControl 
  <quotation> <closing> but I'm still not more shrewder than before :)

Could it be that not EVT_CHAR is the right message to repost,
but EVT_KEY_DOWN or other.

Or is the whole approach false?

If asked a similar question in the thread ""Hand down events from textctrl to listctrl""

I suspect, there is a basic problem in the event that I didn't grasp until now.

I would be very glad, if someone could spot a light on this ""dark"" matter and
help me to comprehend this ""complicated"" event stories better :)

    http://sourceforge.net/projects/drpython/",2,train
282,2_1508,0.0,1.0,0.0,1.0,0.0,0.0,0.0,0.0,0.0,0.0,0.0,"Re: new taint tests cause hang on threaded FreeBSD 
  <quotation> -pthread is already in the OpenBSD hint file.  I need to look into this
a bit more to see if there are other suggestions for this problem.

 <closing> ",2,train
283,2_1515,0.0,0.0,1.0,0.0,0.0,0.0,0.0,0.0,0.0,0.0,1.0,"hfaxd dieing randomly 
 HylaFAX-4.1.7 and whfc on clients.

Sometime hfaxd dies (faxq remains up), so no new connections are accepted.
Last message in log is usually

 <log_data> Anyone experienced similar behavior?

There are other cases with same message but server keeps going.

   ",2,train
284,2_1517,0.0,0.0,0.0,1.0,0.0,0.0,0.0,0.0,0.0,0.0,0.0,"firewall == network diaper, ranting in HTML 
 I've got to wonder about someone who posts a rant to nanog to begin
with and I'll give you kudos for having the balls to format it in HTML
as well. Below I included the text of the message sans large aqua font &
other HTML 'enhancements'.

   I think you rather missed my point - machines with incontinent TCP/IP
stacks or incontinent applications should not be plugged in to the
internet for server duty. It is just that simple. Unix has its
occasional dribbles, Microsoft needs to be restrained and catheterized.

  Cisco could make one giant leap for mankind by simply renaming the PIX
Firewall to the PIX Network Diaper. Its a more truthful description of
what those things do and it might just get the people who sign checks
asking why applications straight out of preschool are being placed in
the field with a MCWN+N(Microsoft Certified Wet Nurse + Nanny) to watch
over them, when perfectly functional adult alternatives exist.


  I'd really like to get down and roll in the muck with you guys, but
I'm busying replacing M$ systems with FreeBSD 4.8 ...


  


    <quotation>     Right on - if you can't plug a machine directly in to the internet
and rely on its own defenses & well written code to keep it safe, why
are you plugging it in at all?

Oh come ON! Let's be a little real about this. How many millions of
""don't have a clue, don't want a clue"" people do you know who want to
get online and see porn or nice pictures in other countries on ""THE""
Internet as the clueless call internet?
 
How many businesses do you suppose there are that connect through a
""disk from an
internet service provider"" and have the ISP set up a web site FOR them
from where they get emails through a mailto link?
 
There are literally MILLIONS of machines that want to be on internet
without a clue about protecting at all. If they all knew how to protect,
YOU would be working in something else!
 
Lord help me what an attitude! When I was 17 and got my first car, I
learned some about
keeping it on the road but I found it didn't interest me too much and
times and cars have changed since then. So, I get a mechanic to keep my
car on the road and pay him. Don't tell me that anything you want to do
even outside of computers at all you CAN do? Surely you rely on a
mechanic to keep your car on the road. Maybe that mechanic is saying ""If
you cant keep your car on the road why are you driving at all?""
 
Honestly the attitude of some people in I.T. gives me the shits. I know
a LOT of businesses that USE computers but don't make money out of
selling or servicing them. Get real - we are the ""mechanics"" of the
computer world and it is up to US to let our customers know the truth.
Don't forget, there are a lot of people about who are OLDER than 40 and
use computers. Those people can REMEMBER being frustrated with computers
even though some of them know as much as YOU do now. 20 something year
olds are too young to remember that frustration and they end up with
YOUR attitude as a result!
 
There will come a day when the attitude of I.T. security people needs to
be friendly to earn money. Learn to be friendly now ahead of time!
 
 <closing>",2,val
285,2_1520,0.0,0.0,0.0,1.0,0.0,0.0,0.0,0.0,0.0,0.0,0.0,"Re: Ice cubes 
 <salutation>  <quotation> Another reference:

  Ice and Ices_.  Viking, New York, 1994 (First American Edition 1995).  

One of the characteristics that made Ms. David an excellent writer on
food was that she was a meticulous researcher.  Since the book covers
more history than Classical times, there are only a few pages.  I found
this quotation:

""A little above Rocca di Papa (on the ancient Mons Albanus) is a plain
called Hannibal's Camp.  It is here that the snow is collected annually
for the use of Rome.  On this dry plain they dig pits, without any
building, about fifty feet deep, and twenty-five broad at the top, in
the form of a sugar-loaf, or cone.  The larger the pit, the snow, no
doubt, will preserve the better.  About three feet from the bottom they
commonly fix a wooden grate, which serves for a drain if any of the snow
should happen to melt, which otherwise would stagnate, and hasten the
dissolution of the rest.  The pit thus formed, and lined with prunings
of trees and straw, is filled with snow, which is beat down as hard as
possible, till it becomes a solid body.  It is afterwards covered with
more prunings of trees, and a roof raised in the form of a low cone,
well thatched over with straw.  A door is left at the side, covered
likewise with straw, by which men enter and cut out the ice, for such it
becomes, with a mattock.  The quantity daily demanded is carried to
Rome, in the night time, in carts well covered with straw.  It is found
by experience, that snow, thus pressed down, is not only colder, but
preserves longer, than cakes of ice taken from ponds or ditches.""
--From _Remarks on the Antiquities of Rome and its Environs_, by Andrew
Lumisden, 1797, p. 464.

Rather late, but David also quotes Chares of Mitylene, _Records of
Alexander_.  The passage describes how Alexander had thirty pits dug,
when he conquered Petra, filled with snow packed down hard and covered
with oak branches.  That's from 837BCE.

Another passage, from an 1824 history of wines, says, ""A more elegant
method of cooling liquors came into vogue during the reign of Nero, to
whom the invention was ascribed; namely, by placing water, which had
been previously boiled, in a thin glass vessel surrounded with snow, so
that it might be frozen without having its purity impaired.""

I see no reason why the method described as having been in use in 1797
could not have been in use during the period between Nero and the
1700s.  It certainly would have to have been developed over time.
 <salutation> <closing>   http://www.foretec.com/python/workshops/1998-11/proceedings.html
  <tabular>",2,train
286,2_1522,0.0,0.0,1.0,0.0,0.0,0.0,0.0,0.0,0.0,0.0,1.0,"Re: udma question 
  <quotation> Even if you never really use the [CD|DVD] drive?

  ",2,test
287,2_1524,0.0,0.0,1.0,0.0,0.0,0.0,0.0,0.0,0.0,0.0,1.0,"Re: Multi-color histograms with GMT 
 What is CVS version? Is it a version of GMT?






  <quotation> ",2,train
288,2_1525,1.0,0.0,1.0,1.0,0.0,0.0,0.0,0.0,0.0,0.0,1.0,"webcam support 
 <salutation> I have a Rocketfish 1.3M Webcam (RF-NBCAM) and my mercury messenger or amsn 
don't recognize it although I was told it should. I downloaded macam because 
I was told it could help - I followed the steps given for installation but I 
don't know if that was all there was to it, because I'm not sure it worked 
(the mac component part I mean...) When I open macam, the status says ""No 
Camera."" I read all the forum questions and didn't find an answer that can 
help me. Hopefully you can give me some direction on how to get the webcam 
working? this is my System Profiler info on the camera:

USB20 Camera:

 <tabular> <log_data> <tabular> I downloaded the current macam version 0.9.1 and I'm using Mac OS X 10.4

any help would be much appreciated!
thnx so much =)

 <closing>     ",2,train
289,2_1529,0.0,0.0,1.0,0.0,0.0,0.0,0.0,0.0,0.0,0.0,1.0,"Users - Re: Users - BUG IN CHANGING PASSWORD (STRANGE
	OBSERVATION) 
 thanx for ur help.....But it did not work....If u find a solution plz
do let me know....I had earlier tried by programetically clearing the
cache

  <quotation>",2,train
290,2_1532,0.0,0.0,0.0,1.0,0.0,0.0,0.0,0.0,0.0,0.0,1.0,"r192 - / 
 <tabular>  <log_data>  -                     in 'trunk') it has to be deleted.
  -                     made, its content must never be modified.
   -- izpack-launcher: the IzPack native launcher project
-- izpack-frontend: the IzPack frontend project
 ",2,test
291,2_1533,0.0,0.0,0.0,1.0,0.0,0.0,0.0,0.0,0.0,0.0,0.0,"Re: Bug with .php extension? 
 I think this is due to Apache's mod_mime_magic:

http://httpd.apache.org/docs/1.3/mod/mod_mime_magic.html

Lots of phishers are using files named *.php.rar recently.

  <quotation>    ",2,train
292,2_1535,0.0,0.0,1.0,0.0,0.0,0.0,0.0,0.0,0.0,0.0,0.0,"Re: VMauthenticate always asks for mailbox 
 Can you post your voicemail.conf as well?

  <quotation>  ",2,val
293,2_1536,0.0,1.0,0.0,1.0,0.0,0.0,0.0,0.0,0.0,0.0,0.0,"Re: Re: Apache workers DNS change question? 
 Apache is acting as a front end webserver and it sends requests to Jboss
application server. We have configured Jboss servers as a workers in apache
workers.properties file. We have specified Jboss host name in
workers.properties

  <quotation>",2,train
294,2_1537,0.0,0.0,0.0,1.0,0.0,0.0,0.0,0.0,0.0,0.0,0.0,"Re: [Evolution] Filters in Evolution 2.4.1 
 <salutation>  <quotation> no, unfortunately it is not. for your interest, this request is already
filed in bugzilla (http://bugzilla.gnome.org).

 <closing>    ",2,train
295,2_1544,0.0,0.0,0.0,1.0,0.0,0.0,0.0,0.0,0.0,0.0,0.0,"Re: system/5575 
 Synopsis: Cannot lower sound volume; no outputs.master mixerctl

 <tabular> and if you have any issues file a new PR.",2,test
296,2_1546,0.0,0.0,0.0,1.0,0.0,0.0,0.0,0.0,0.0,0.0,0.0,"Re: nscd [amd64] now depends on libc6-i386? 
  <quotation>   It's a recurring problem, that occurs randomly, and is a known bug
reported on dpkg-dev properly IIRC.

  ",2,train
297,2_1551,0.0,0.0,0.0,0.0,1.0,0.0,0.0,0.0,0.0,0.0,0.0,"Re: Glob2 Gameplay Unbalanced 
 <quotation> I agree with you that randomness is a balancing agent. But I mean that fruit
is unpredictable in that it, in reality, only between 1-3 Inns are the ones
that enemy warriors, workers, and explorers will examine when they consider
a fruit conversion. And often, conversions aren't consistent. You'll be
getting overloaded with conversions, and then nothing, and there is very
little you can do to retaliate. The mistake here is losing the fruit race,
and it is punishing, like all many player mistakes in Globulation 2.

    ",2,test
298,2_1553,0.0,0.0,0.0,1.0,0.0,0.0,0.0,0.0,0.0,0.0,0.0,"Re: Native ODBC in WinXP Mode 
  <quotation> Ok, I actually worked around this. I ended up upgrading to FreeTDS 0.82 (Ubuntu only packages 0.63) and then setting the TDSVER to 8.0 solved the issue and allowed my application to finally launch. I figured I would at least report back in case someone searches and finds this info helpful :)

However, building FreeTDS from source was a huge pain (on ubuntu at least) that I don't wish any new users of Wine to have to go through to get an app to work :p

Anyways, the issue with using native dll's for ODBC is still an issue, as I was still unable to get it to work outside of Win98 mode. I guess this would turn into more of a wish list item then an actual problem with wine, as being able to utilize the windows odbcad32 configuration program is much easier and convenient than unixODBC and FreeTDS, IMO at least.",2,train
299,2_1560,0.0,0.0,0.0,1.0,0.0,0.0,0.0,0.0,0.0,0.0,0.0,"[PATCH] Fix PR optimization/8988 
 <salutation> This a regression from gcc 3.0.4, present only on the 3.2 branch but latent on 
the mainline and the 3.3 branch, and again a problem with REG_EQUAL notes not 
being taken into account by the loop optimizer.

The loop optimizer doesn't kill REG_EQUAL notes mentioning a biv it has just 
eliminated. That wouldn't be a problem per se if it didn't set the final 
value of the biv before entering the loop, but it does set it in many cases, 
which may confuse the subsequent CSE pass.

Bootstrapped/regtested on i586-redhat-linux-gnu (c,c++,objc,f77 3.2 branch).

    	PR optimization/8988
	* loop.c (maybe_eliminate_biv): Kill REG_EQUAL notes mentioning
	the biv when eliminating.


 <log_data> 	* gcc.c-torture/execute/20021219-1.c: New test.


  <raw_code>  <raw_code>",2,val
300,2_1561,0.0,0.0,0.0,1.0,0.0,0.0,0.0,0.0,0.0,0.0,0.0,"Re: F10 beta: No xorg.conf, where to tweak Synaptics pad? 
  <quotation> Seriously, people.  If there's no xorg.conf file, and you need one, make
one.

- ajax

  ",2,test
301,2_1563,0.0,0.0,1.0,0.0,0.0,0.0,0.0,0.0,0.0,0.0,0.0,"Re: Cocoon Users in New York City 
 <salutation> I just joined this mailing list 4 hours ago, and usually I would lurk 
for longer, but...
I am using Cocoon for a new project, and would definitely be interested 
in a NYC users group.

 <closing>  <quotation>     BibTeX reference.
 ",2,train
302,2_1566,0.0,0.0,0.0,1.0,0.0,0.0,0.0,0.0,0.0,0.0,0.0,"Re: XFS ideas? 
  <quotation> Just like in RHL 7.3, the reiserfs kernel module and partition type 
support are present, along with the command line creation tools. I'm not 
planning on resolving reiserfs bugs anytime soon, but if you know what 
you're doing, and you want to create reiserfs partitions on the second VT 
during installation, have fun.

Someone who's done this can probably provide a lot more details than me. I 
only put the pieces in place.

~spot
      reflect those of my employer, Red Hat, and belong solely to me.

""Immature poets borrow, mature poets steal."" --- T. S. Eliot",2,train
303,2_1569,0.0,1.0,0.0,1.0,0.0,0.0,0.0,0.0,0.0,0.0,0.0,"Re: Testers Needed - Community App Store 
 I'm going to start a conversation with the author of 
http://www.tomgibara.com/android/veecheck/ to see if andappstore.com can 
generate data that his library can use.

Until the emulator gets the unknown source installation fixed I can't 
see an easy way of testing updates.

  <quotation>   <tabular>",2,train
304,2_157,0.0,0.0,0.0,1.0,0.0,0.0,0.0,0.0,0.0,0.0,0.0,"Re: filter()ing a dict 
 According to the doc, filter() processes sequences,
iterators and objects that support the iterator protocol.
A dict is none of those things, unless it supports the iterator
protocol, which is not mentioned in the documentation
as of 2.2.3. Possibly it does in 2.3.0.

If you want to use filter() to process a dict, use the .items()
method. That will get you a list of tuples, where each tuple
contains the key and value. .iteritems() will also work,
of course.

What is returned will be a list of tuples, which you can
use to build a dict.

I'm surprised that what you tried worked at all. The
2.2.3 documentation on dictionaries doesn't suggest that
a dictionary supports the iteration protocol, or what it
returns in that context.

    <quotation>  ",2,train
305,2_1571,0.0,0.0,0.0,1.0,0.0,0.0,0.0,0.0,0.0,0.0,1.0,"Re: viminfo? 
  <quotation> I have set these variables in ~/.vimrc, but they really disappear!
My vim version is 

VIM - Vi IMproved 6.1 (2002 Mar 24, compiled May 26 2003 18:18:30)
 <log_data> Normal version without GUI.  Features included (+) or not (-):
 <log_data> <raw_code>  <raw_code>  <log_data>  <log_data> <closing>  ",2,train
306,2_1572,0.0,0.0,0.0,1.0,0.0,0.0,0.0,0.0,0.0,0.0,0.0,"ReferenceNumber: 7334NFJF/UDDFMF/NDDD 
  <log_data>   <log_data>  <log_data> <tabular>  WINNING NOTIFICATION.
 
We are pleased to inform you of the release of 
the long awaited results of the BANK GIRO LOTERIJ INTERNATIONAL 
PROMOTION PROGRAM held on the 12th Dec. 2005.You were entered as 
dependent client with:      
 
 <tabular> Your email address attached to the 
ticket number 445555377 that drew the lucky winning number, which 
consequently won the sweep take in the category (B), in four parts. You 
have been approved for a payment of One Million Euros Only 
(€1,000,000.00) in cash credited to file reference number: 
43QFFSS/GDFD7565/66HGMH.This is from a total cash/prize of Ten Million 
Euros (€10,000, 000.00) shared among the ten International Winners in 
Category (B)
 
 <closing> All participants were 
selected through a computer ballot system drawn from (90,000) ninety 
thousand names of email users around the world, as part of an 
international promotion program meant solely for enhancing and 
encouraging human development across the globe.

Note that due to mixed 
up of some names and addresses, we would appreciate that you keep your 
winnings to your self, even after your claims has been processed and 
your funds remitted to you. This is part of our security measures to 
avoid double claiming or unwarranted taking advantage by impersonators.
 
To begin your claim, do file for the release of your winning by 
contacting your Attorney  in the Legal Department of the Bank Giro 
Loterij assigned to assist you in the processes, 
   <tabular> <log_data> 3. Sex: 
4. Marital status: 
5. 
 <tabular> 6. Contact Address: 
7. Telephone Number: 
8. Next of 
kin:
 
The Attorney will on your behalf expedite the processing,
Notarization/Legalization of your Winning and transfer of your winning 
funds. Your security file number is 345DF/E5A*X903 (keep personal) 
Remember, your winning must be claimed not later than (23-12-05) after 
which it will be declared unclaimed and will be added to next stake of 
17,000.000 euro international lottery program. And should there be any 
change in your address, do inform your claims agent as soon as 
possible.
 
Note: Non-resident winners will require a notarization / 
legalization of his or her winning in the Area Court of Justice (ACJ) 
this is going to expedite the processing,Notarization/Legalization of 
your Winning and remittance of your prize funds. 

 <closing> more from our members of staff and thank you for being part of our 
promotional program.
 
Anybody under the age of eighteen (18) is 
automatically disqualified.Please do not reply to this e-mail address,
contact your nominated Attorney as indicated above.
 
 <closing> ",2,train
307,2_1575,0.0,1.0,0.0,1.0,0.0,0.0,0.0,0.0,0.0,0.0,0.0,"Re: [digester] CallMethodRule order [bug12997] attn: Emmanuel,
	Craig 
  <quotation> I've had a good think about your proposed patch.

The issue with your proposal is that it assumes that at the moment when
all params are complete, the target object is on top of the digester
object stack. This is not always true.

When the CallMethodRule's begin fires, this essentially selects the
target object; the object on top of the object stack at the time the
CallMethodRule's begin fires is the one on which the method must
eventually be invoked.

With the existing rule, the CallMethodRule always fires when the object
stack has been restored to the state it was in when the CallMethodRule
executed its begin method.

But with your proposal, the CallMethodRule fires whenever the params are
complete, so there's no guarantee what object will be on the top of the
digester's object stack when that happens.

If, when the CallMethodRule ""begin"" fires, it could save the
top-of-stack object somewhere and always invoke the method on that
object then I think the issue would be resolved. But unfortunately, I
can't see any way of doing that. The CallMethodRule can't store the
target in a member attribute of the rule instance, because a single rule
instance can be mapped to multiple patterns. And if you store the target
object in any kind of stack, you get back to the same problem you had
initially.

Personally I'm not sure it was a good idea to allow a single Rule
instance to be mapped to multiple patterns. If we ever start on a
Digester2.0, this will be one of the issues I raise. And if this was
forbidden, then I think it would be possible to implement your approach.
But until then I think any such attempt is going to cause
backwards-compatibility problems.

Here's a test that I think would demonstrate the problem:

 <a>
 <raw_code> At the time the CallParamRule fires (when element b's body text is
encountered), the Digester object stack contains a Widget and a Gadget
in that order. So the CallMethodRule will try to call setChildData on
the top object: a Gadget.

You are right that the test case should be testing this fundamental
behaviour rather than the ""side-effect"" that my original patch tests
(CallMethodRule invocation order). When I get some time, I will add this
test case. [unless you point out a flaw in my reasoning].

 <closing> <quotation>",2,train
308,2_1577,0.0,0.0,0.0,1.0,0.0,0.0,0.0,0.0,0.0,0.0,0.0,"Re: More metadata in files 
  <quotation> and encourage[2] multiple entries of the same comment, exactly for
this kind of use.

The problem lies on the applications that should make use of it. (They
do not at all, or not in a convenient way). I don't know how easytag
copes with that, but there are more qualified people to answer this
question in this mailing list. ;-)

[1] Metadata tags are named comments in the ogg 'dialect' :-)
[2] See http://www.xiph.org/vorbis/doc/v-comment.html for a quick
outline and a bit of technical detail.

 <closing>    Just copy me to your signature  to help me spread""

    ",2,train
309,2_1578,0.0,0.0,1.0,0.0,0.0,0.0,0.0,0.0,0.0,0.0,1.0,"Re: getHTMLlink URL from Google Calendar API displays in time that is  not in the timezone of user 
 What is the current time zone of someone who is not logged in? That
person could be anywhere in the world.

This does work :

http://www.google.com/calendar/event?eid=bXZsY2E5dDltdDhwY3NybmNjaTBrN2VpdDAgeW9nYXdpdGhzYW1teUBt&timezone=PDT

I don't know if that is helpful for your application.

 <closing>  <quotation>",2,train
310,2_1581,0.0,0.0,0.0,1.0,0.0,0.0,0.0,0.0,0.0,0.0,0.0,"Re: Replacing puppet:// with svn:// ? 
  <quotation> I think it is more feasible to request svn/svn+ssh as an additional
file source type, rather than outright replacing the puppet source
type.

We're perfectly happy with puppet:// in our configuration, and I would
really resent a change to svn (or git, or anything else) without the
option to keep our configuration as is.",2,test
311,2_1583,0.0,0.0,0.0,1.0,0.0,0.0,0.0,0.0,0.0,0.0,0.0,"Re: Abbreviations contain '(', '[' or '{' don't
	expand 
 <salutation> It's not a bug, but rather a limitation, since the abbreviations feature
scans back until the nearest word boundary, and brackets are not
considered to be word characters by default.

However you can change this in the 'Editing' option pane.

  <quotation>   Have big pipes? SourceForge.net is looking for download mirrors. We supply
   ",2,train
312,2_1586,0.0,0.0,0.0,1.0,0.0,0.0,0.0,0.0,0.0,0.0,0.0,"Re: Re: Time for a Mac? 
 The other thing to keep in mind about that 3%. Who reported it? PC sales is 
generally calculated based on Windows sales. But Microsoft is like the RIAA. 
They count shipped copies rather than used/sold copies.

Microsoft counts every copy of Windows that is ever sold. So if you already 
have a licence, but buy a new machine with Windows on it, you get counted 
twice. Happens to a lot of businesses who deal with namebrand machines. Ever 
tried to buy a Dell w/o windows?

Also doesn't count people who buy a machine and then install Linux on it.

Of course since I'm on a PC, I don't want Mario splitting his time as then 
we'll never see 3.5 ;)

And Mario, even though very few of us express our sincere gratitude, I believe 
we all feel it. All you have to do is read between the lines of a lot of the 
posts. I chose IMatch for it's powerful scripting language as I use it mostly 
for cataloging personal photos and posting them on the web. I'm quite fussy 
about the HTML I generate, so IMatch and scripting allows me to generate 
exactly what I want. All the other features included are also very appreciated.


   ",2,train
313,2_1591,0.0,0.0,0.0,1.0,0.0,0.0,0.0,0.0,0.0,0.0,1.0,"Re: SERVICE_ONJECT_SUPPLIER not specified 
  <quotation> I have search for any mistake and I didn't find anything. I tested chenging
the SpringBeanName parameter in the services.xml file to an invalid one and
the application gives me the same error. But if a put it in the correct way,
it still gives me the error. I think that the problem isn't a mapping
between bean and service because if a put an invalid class name on the bean
the server (tomcat) gives me an error when deploying saying that the class
doesn't exists. I don't kow if is this what you were thinking that could be
wrong, thanks for the fast reply :-).

  ",2,val
314,2_1592,0.0,0.0,0.0,1.0,0.0,0.0,0.0,0.0,0.0,0.0,0.0,"Re: Grub for ia64 
  <quotation> the code to relocate is used by grub to relocate itself.  On EFI systems
programs can be loaded at any address (physical mode).

Wether or not modules should be supported on ia64 (or EFI systems) is a good
question.  IMHO, modules are an bios-x86 ism.

 <closing>",2,train
315,2_1594,0.0,0.0,0.0,1.0,0.0,0.0,0.0,0.0,0.0,0.0,0.0,"Re: Best Known Method for Filtering redundant list items. 
  <quotation> Older Pythons will force you to import sets and use sets.Set

 <quotation>    ",2,train
316,2_1597,0.0,0.0,0.0,1.0,0.0,0.0,0.0,0.0,0.0,0.0,0.0,"RE: tftp question 
 <salutation> May be my question was not exact. I don't want to implement RFC for
tftp. I just searched some package/library with API that allows me to
use tftp easy (something like tftpGet/tftpSet,...).

 <closing>    <quotation> First of all, remember that TFTP is a connection-less protocol. Also,
there isn't much of an ""API"". There's a formal description of the TFTP
protocol (http://www.ietf.org/rfc/rfc1350.txt,
http://www.ietf.org/rfc/rfc2090.txt,
http://www.ietf.org/rfc/rfc2347.txt,
http://www.ietf.org/rfc/rfc2348.txt and
http://www.ietf.org/rfc/rfc2349.txt). Also, there are at least three
working implementation available for Linux:

- ftp://ftp.mamalinux.com/pub/atftp/
- ftp://ftp.uk.linux.org/pub/linux/Networking/netkit/ and
   <closing>    ",2,train
317,2_1599,0.0,0.0,1.0,0.0,0.0,0.0,0.0,0.0,0.0,0.0,1.0,"Re: parted store module 
 <salutation> sorry still the same problem, whatever i do, i can't find a clean way to
name the parted module libstore_part.so.0.2 with automake

i thougt about different solutions :
add an installation rule to link from the real library to the needed
name
or don't use automake, whereas parted use automake (really ugly)
or change the needed name ;)

btw: why doesn't the Hurd use automake ?


a+,

  ",2,train
318,2_1609,0.0,0.0,0.0,1.0,0.0,0.0,0.0,0.0,0.0,0.0,0.0,"Re: OT:Re: blastman007 Entschuldigung 
 I don't, in particular. Some people were outraged by reselling the code and
branching it for a different project. I don't recall if these people were core
or even contributing developers.

  <quotation>  ",2,test
319,2_161,0.0,0.0,0.0,1.0,0.0,0.0,0.0,0.0,0.0,0.0,0.0,"Bug#451405: sylpheed: Found the bug 
 <tabular> Sylpheed does not segmentation faults if the .sylpheed-2.0/sylpheedrc file contains the following lines:

 <raw_code> <closing>  <tabular> -- no debconf information",2,train
320,2_1619,0.0,0.0,0.0,0.0,0.0,0.0,0.0,0.0,0.0,1.0,,"[eGroupWare-svn] r22634 - /trunk/egroupware/login.php 
 <tabular> <log_data> <tabular>  <tabular>  <technical>  <log_data>  <raw_code>  <raw_code>  ",2,train
321,2_1624,0.0,0.0,0.0,1.0,0.0,0.0,0.0,0.0,0.0,0.0,0.0,"RE: DBF to MySQL 
 <tabular> I´m new to MySQL but I hope this could help.
Please read below.

 <closing>   For some reason, the imported information showed up as garbled nonsense.
The file I was importing was an .xls file.  Do you know if there is another
""TERMINATED BY"" I should be using?  If not, I wonder how I can find out?


 <log_data> I think you could export your xls file into a comma separated value file (CSV). In excel File/Save as/CSV then with the Notepad you can delete the first line of the csv file (if there are column headers in your xls file).

For example if your xls file is like

Year  Number    Date	   Total	  Unit ID	       Unit Name
 <log_data> Year;Number;Date;Total;Unit ID;Unit Name
  If you delete the first row (headers) you will have only the raw data
Then you could save your file as a txt (but I think any extension should work)

Then

 <log_data> I think you could left out the clause ENCLOSED BY '' because this is the default
 
Also, please note:

1)	If LOCAL is specified, the file is read by the client program on the    	client host and sent to the server. 
	If LOCAL is not specified, the file must be located on the server host 	and is read directly by the server.

2)	If you have generated the text file on a Windows system, you might 	have to use LINES TERMINATED BY '\r\n' to read the file properly, 	because Windows programs typically use two characters as a line 	terminator. Some programs, such as WordPad, might use \r as a line 	terminator when writing files. To read such files, use LINES 	TERMINATED BY '\r'.



The other question I have is:  do I have to create a table within the MySQL
database with exactly the right number of columns ahead of time for the
import to work? - this is what I did.  If so, is there a way to import info
from a .dbf or .xls file without knowing the structure of the table ahead of
time?

A/

As far as I know you need to know the table´s structure in advance.

From the mysql manual:

By default, when no column list is provided at the end of the LOAD DATA INFILE statement, input lines are expected to contain a field for each table column. If you want to load only some of a table's columns, specify a column list: 

 <quotation> The whole history is in:
http://dev.mysql.com/doc/mysql/en/LOAD_DATA.html

 <closing>  <quotation>    ",2,train
322,2_1628,0.0,0.0,1.0,0.0,0.0,0.0,0.0,0.0,0.0,0.0,1.0,"Re: How to active some page after session invalidate? 
 <salutation>     Your solution seems working for me, but it's kind of ugly. Do we have
other gracefully restart mechanism?

 <closing> <quotation>  ",2,test
323,2_1630,0.0,0.0,0.0,0.0,0.0,0.0,0.0,0.0,1.0,0.0,0.0,"Re: SquidMan GUI 
  <quotation> We can just create one :)
It can go wherever Webmin is..

  ",2,train
324,2_1631,0.0,0.0,0.0,1.0,0.0,0.0,0.0,0.0,1.0,0.0,1.0,"[BioPython] Partnering Enquiry from CifroSoft LLC (Russia) 
 <salutation> We are a software development company from Tomsk, Russia. We have been
working on the Russian IT market for quite a long time and completed many
projects. 

Now we plan to work with western software companies to become its
outsourcing partner here in Russia. As you know such corporations as IBM
and SUN Microsystems cooperate with Russian companies because it greatly
reduces their 
costs as the labour force in Russia is a lot cheaper than in the west.
Moreover Russian programmers are in high demand worldwide.

We found your company rather professional in software development and if
you are interested we are ready to become your partner in developing any
kind of software. 

Actually there are two ways we can cooperate. 

1. We can work with project components or entire projects of any scale.
That is we'll be doing offshore programming for you on the terms we'll have
discussed or

2. We can become your affiliate where our programmers we'll be working. 

It's up to you to make your choice.
Below you can see a detailed list of our abilities and professional skills:

Programming Languages 

 C++ (Visual C++ 6.0/NET) 
 Java (Java2) 

   Win32 API 
 Microsoft DNA (DCOM/COM+) 
 <log_data>  Java2 Enterprise Edition (Servlets, JSP, EJB, etc) 
 ADO, DAO, BDE, JDBC, ODBC, etc 

   MS SQL Server 
 Microsoft Access 
   Oracle (PL/SQL, OCI) 

Software Engineering Tools 

   ErWin 
 Power Designer 

All this information and all details about our company you can find at
www.cifrosoft.com. We would be very glad to hear back from you. We will
consider any kind of business cooperation offer from you if you are
interested in our partnering.

Please, write to us any time convenient for you.


 <closing>   ",2,train
325,2_1633,0.0,1.0,0.0,0.0,0.0,0.0,0.0,0.0,0.0,1.0,,"Accepted libgems-ruby 1.3.4-1 (source all) 
 <technical> <tabular> <log_data> <technical> <tabular> <log_data>",2,train
326,2_164,0.0,1.0,0.0,1.0,0.0,0.0,0.0,0.0,0.0,0.0,0.0,"Re: manify pods on VMs (was Re: [PATCH MM 6.05] ppd and hints portability nits) 
  <quotation> Ok, that should be safe.


 <quotation> Command line length.  Working on it.


 <quotation> Check that there's not two targets, one being the noop above and then later
on another one being the real thing.  There was definately special
manifypods code in MM_VMS prior to my screwing around with it.


 <quotation> The vmshelpifypods sounds like a good idea if someone wants to fix up
Pod::Hlp.

If it really doesn't make any sense to generate man pages on VMS by default,
I'll just pull it out of the 'all' target.


  ",2,train
327,2_1642,0.0,0.0,0.0,1.0,0.0,0.0,0.0,0.0,0.0,0.0,0.0,"Re: Very wide spacing w chords & lyrics [2.3.24 update] 
  <quotation> An update on for 2.3.24: Default spacing is now rather perverse in an 
interesting way: A simple song with lyrics (with or without chords) 
always gets stretched so one staff ends up on a second page, as 
evidenced by this example (the same behavior shows up in the 
simple-song example included with lilypond).

\version ""2.3.23""

 <raw_code>  <raw_code>  <raw_code> <log_data> <raw_code>  <raw_code>            \lyricsto ""mel"" \new Lyrics \text
 <raw_code>",2,train
328,2_1643,0.0,1.0,0.0,1.0,0.0,0.0,0.0,0.0,0.0,0.0,0.0,"Re: Spring - JBossTS integration 
 <salutation> For our JTA implementation I think the bean wiring is 
sufficient. No new Java code is usually a good thing!

For our JTS it's a bit more complicated as we require the 
ORB to be configured through our own API. I think though 
that this initialization code does not belong hidden in the 
integration at all - I'll probably just document the 
requirement and leave it to the users to decide where to put 
the calls. Only a handful of them will need JTS outside the 
app server anyhow, it's a pretty unusual requirement 
compared to JTA.

So, hopefully the changes needed for integration are limited 
to documentation and testing.

 <closing>  <quotation>    ",2,val
329,2_1644,0.0,0.0,1.0,0.0,0.0,0.0,0.0,0.0,0.0,0.0,0.0,"numbering markers and sidebar 
 I was wondering if it was possible to put a number with each marker
and the same on the sidebar link but the number for the marker be
located to the side of the marker?

 <closing>",2,train
330,2_1647,0.0,0.0,0.0,1.0,0.0,0.0,0.0,0.0,0.0,0.0,0.0,"Re: release22-maint vs. release22-branch 
 <quotation> AFAIK:

release22-maint
    is what we use for post-2.2 maintenance releases

release22-branch
    was used briefly just before the 2.2 release

Also:

release22
    was the 2.2 release itself

 <log_data> --Guido van Rossum (home page: http://www.python.org/~guido/)",2,train
331,2_1651,0.0,0.0,0.0,1.0,0.0,0.0,0.0,0.0,0.0,0.0,0.0,"Re: Minimal example of C++ binding 
 <quotation> Second option: convert IoMyCPP.c to .cpp and downgrade the error.

 <quotation> I'm sure you will... it can be tricky, but you have to find out how to do it
only once. :-)

 <closing>   ",2,test
332,2_1652,0.0,0.0,0.0,1.0,0.0,0.0,0.0,0.0,0.0,0.0,0.0,"[NET]: No need for alloc_divert_blk in Space.c 
 ChangeSet 1.1315.1.89, 2003/09/23 12:08:45-07:00, mGZUCLdSNx5cVa7J@example.com

 <log_data> # This patch includes the following deltas:
#	           ChangeSet	1.1315.1.88 -> 1.1315.1.89
#	 drivers/net/Space.c	1.36    -> 1.37   
 <raw_code>  <raw_code>",2,test
333,2_1654,0.0,0.0,0.0,1.0,0.0,0.0,0.0,0.0,0.0,0.0,0.0,"Re: Compiling on Leopard & Snow Leopard 
  <quotation> 3.3.2 compiled out of the box last April on 10.5 i386 (recent version  
of 10.5 at that time).
Build log available on request.
 <log_data>  <closing>  ",2,test
334,2_1659,0.0,0.0,1.0,1.0,0.0,0.0,0.0,0.0,0.0,0.0,1.0,"Re: OWL Plugin sources 
 You can send me a private email and I will send you a copy.
This is an intermediate solution until we have a better mechanism
for this on sourceforge.
 
 <closing>   <salutation> Is it possible to have the last source code of the plugin available in a zip
file on the protege's web site ? 
I can't check it out via cvs on sourceforge, because of our proxy. 

 <closing>",2,train
335,2_1661,0.0,0.0,0.0,1.0,0.0,0.0,0.0,0.0,0.0,0.0,1.0,"Re: syntax highlighting directive 
  <quotation> One more argument to get a code-block directive into Docutils: It's a
much wanted feature and unifying the approchaes in the ""reStructuredText
reference implementation"" would be good.

 <quotation> This is a misunderstanding: my high-level/low-level distinction was
about the internal representation in the doctree:

  low-level: store content un-parsed  but tag with ""code-block"" and 
  	     ""language"" classes. Parse during the writing.

  high-level: parse during the reading, store as ""rich"" text (tagging
  	      the individual objects like keywords or strings).
	      Write similar to a parsed-literal block.

In both cases, the colouring is actually done by a style-sheet.

This distinction is special to the inner workings of docutils and
might be not applicable to `prest`.

 <quotation> Thanks for the pointer.

 <closing>     Please use ""Reply All"" to reply to the list.",2,train
336,2_1662,0.0,0.0,1.0,0.0,0.0,0.0,0.0,0.0,0.0,0.0,1.0,"Free BSD 5.0 
 I have a server operating systems class here at OSU-Okmulgee, and we are trying to install the Apache web server 2.0, but are unable to do so with the CD that came with our book or throught the port.  cd /usr/ports/www/apache2    and make install do not work. It results with :  error 1
Could you please tell me if there is a version of apache we can install from the ports or how we could install an apache web server. 
  ",2,train
337,2_1663,0.0,0.0,0.0,1.0,0.0,0.0,0.0,0.0,0.0,0.0,0.0,"[sakai] svn commit: r51106 -
 assignment/trunk/assignment-api/api/src/java/org/sakaiproject/assignment/api/model 
 <tabular>  ",2,train
338,2_1665,0.0,0.0,1.0,0.0,0.0,0.0,0.0,0.0,0.0,0.0,1.0,"\tag with multiple tags 
 I would like to have a list in \keepWithTag (and the still
undocumented \removeWithTag):

 <raw_code> This is, both tags `foo' and `bar' are retained.


 <closing>",2,train
339,2_1666,0.0,0.0,1.0,0.0,0.0,0.0,0.0,0.0,0.0,0.0,1.0,"RE:  Re: Problems with revision graph, more problems with nightly 
 <salutation> thanks for your reply. I went through the uninstall-reboot-install-reboot cycle and it works again.

How about 1) on my list? Any idea concerning this?

 <quotation> Maybe I don't understand how the revision graph works, but I'm not seeing what I expect to see.

I know that the development branch existed in revisions 3512-3566. When I ask the repository browser to show r3566 of the repository, ""branches/mybranch"" is shown as expected

If I show the revision graph from the repository browser:
1) for trunk, ""branches/mybranch"" is not shown, but an older development branch which has been deleted in the meantime is visible, as are other development branches and tags, that still exist in HEAD.

2) for ""branches/mybranch"", many (maybe all) branches, including ""branches/mybranch"" are shown in the graph and their revision lifespan is visible.

3) for any other ""branches/*"" than ""branches/mybranch"", the display is, judging from the small overview graph, the same as for trunk.

Why this difference? Why can I only see this and other development branches in one case?

Confused
 <log_data>  ",2,train
340,2_1671,0.0,1.0,0.0,1.0,0.0,0.0,0.0,0.0,0.0,0.0,0.0,"RE: snd-powermac produces only low quality dirty so 
  <quotation> O yes, I forgot to send it. Will do later tonight. It doesn't have to be a 
power of 2 though, at least not on my Snapper.
However, the problem never occured with oss emulation, so I doubt above 
problem is the same. Low quality sound was happening a few versions ago, 
but latest ALSA produces very reasonable sound, only distortion when 
I turn up PCM too much (and DRC Range is set high).

So:
-what version (libs+driver)
 <log_data>  ",2,train
341,2_1673,0.0,0.0,0.0,1.0,0.0,0.0,0.0,0.0,0.0,0.0,0.0,"Re: Best way to log from several servers 
 <salutation> <quotation> As mentioned by Roger Vetterberg, the Real Men (tm) of course configure
syslogd to have all machines to log to a central server. It's wussies 
like me who use some kind of e-mail solution described above ;-)

You don't even have to do any scripting, because someone has already 
done it and the results are available in /usr/ports/security/logcheck.

I have it installed on all the FreeBSD servers I'm responsible for.

   ",2,train
342,2_1676,0.0,1.0,0.0,1.0,0.0,0.0,0.0,0.0,0.0,0.0,0.0,"Re: inclusion of ocaml-policy 
  <quotation> Done. I have expanded a bit on the difference between bytecode and
native code, and have done some minor language improvements in the
rest of section 1.

 <closing>",2,train
343,2_1678,0.0,0.0,0.0,1.0,0.0,0.0,0.0,0.0,0.0,0.0,0.0,"Re: Radio Buttons or similars 
 Use tkwait.variable(done) to wait until tcl variable done turns non zero.
I've changed the lines marked ###.  Also see:
http://bioinf.wehi.edu.au/~wettenhall/RTclTkExamples/OKCancelDialog.html

 <raw_code> <log_data> <raw_code> <log_data> <raw_code>  <raw_code>  <raw_code>        tkgrid(OK.but)
 <raw_code>  <quotation>  ",2,train
344,2_1679,0.0,0.0,1.0,1.0,0.0,0.0,0.0,0.0,0.0,0.0,1.0,"Tomcat 4.18 taking extremely long to start 
 <salutation> i've installed tomcat 4.18 on windows nt 4. after clicking the start icon i
have to wait several minutes till tomcat is ready. the screen runs full with
messages like below.

has anyone an idea what  the problem is?

 <log_data> FEIN:   No rules found matching 'taglib/tag/attribute/name'.
  <raw_code> <log_data> <raw_code>",2,train
345,2_168,0.0,0.0,0.0,1.0,0.0,0.0,0.0,0.0,0.0,0.0,0.0,"[PATCH] an irregular value is set as 'CPU Affinity' by
	virsh vcpupin 
 <salutation> There is a difference between 'CPU Affinity' of 'virsh vcpuinfo' and
'CPU Affinity' of 'xm vcpu-list' when I set the vcpu affinity by 
'virsh vcpupin'. i.e. 'xm vcpu-list' shows wrong value.
But there is no difference between them when I set by 'xm vcpu-pin'.

   (a) set by 'virsh vcpupin'
 <log_data> <raw_code> <tabular> <raw_code> <log_data>    (b) set by 'xm vcpu-pin'
 <log_data> <raw_code> <tabular> <log_data> I guess that the allocated memory to cpumap must be 8-byte for Xen 
because ""xc_vcpu_setaffinity@libxc/xc_domain.c"" is using uint64_t 
as cpumap. But the libvirt is allocating only maplen size for cpumap.
    virsh +--- cpumaplen  ---+
           (more than 1-byte)
 <log_data> <raw_code> Then, an irregular value is set to the buffer that is more than the
number of physical CPU, because libvirt initialize maplen size only
(i.e. not initialize 8-byte buffer).

So, I changed the size of cpumap and the value of nr_cpus
at xen_internal.c.

 <closing>",2,train
346,2_1681,0.0,0.0,1.0,0.0,0.0,0.0,0.0,0.0,0.0,0.0,1.0,"Re: Where do you look when something goes wrong? 
 <salutation> Did someone say management and leadership were the same thing? Roy
wrote 'manage' in quotation marks. 

 <closing>  <quotation> ",2,val
347,2_1685,0.0,0.0,1.0,1.0,0.0,0.0,0.0,0.0,0.0,0.0,0.0,"Re: META is www-html obsolete? 
 <salutation> If you have further questions about Patent Policy I would prefer you  
ask the right mailing list :) where you will get better answers than  
mine.

     As of July 2006, the W3C Patents and
     Standards Interest Group reviews proposed
     FAQ entries. Please send questions or
     comments on the W3C Patent Policy or this
    <quotation> No.
The Patent Policy applies only when you are participating to a WG.
http://www.w3.org/Consortium/Patent-Policy-20040205/

  (FAQ) about the W3C Patent Policy
http://www.w3.org/2003/12/22-pp-faq.html

  <quotation> See this FAQ entry. If someone does apply knowing that he/she is part  
of a w3c Member, then he/she violates part of the agreement when  
joining the WG.
http://www.w3.org/2003/12/22-pp-faq.html#employee-invexp


  ",2,test
348,2_1687,0.0,0.0,1.0,0.0,0.0,0.0,0.0,0.0,0.0,0.0,1.0,"looking for way to include many times some .py code from another
 python code 
 <salutation>   I'm looking for some easy way to do something like include in c or PHP.
Imagine I would like to have:


 <raw_code> <log_data> <raw_code> <log_data> <raw_code>     postprocess(a, b, c)

 <raw_code> <log_data>   I know about module imports and reloads, but am not sure if this is the right
way to go. Mainly, I want to assign to multiple object instances some self bound
variables. Their values will be different, so I can't use global variables.

 <closing>  ",2,val
349,2_1696,0.0,0.0,1.0,0.0,0.0,0.0,0.0,0.0,0.0,0.0,1.0,"Re: sysprof revived... 
  <quotation> Contrib? :-)

 <closing>  ",2,test
350,2_1697,0.0,0.0,0.0,1.0,0.0,0.0,0.0,0.0,0.0,0.0,0.0,"[opennms-cvs] SF.net SVN: opennms: [7865] yum/trunk 
 <tabular> <log_data>  <log_data>  <raw_code>  <raw_code>    <tabular>  <raw_code>  <raw_code>  <raw_code>  <raw_code> This was sent by the SourceForge.net collaborative development platform, the world's largest Open Source development site.

    ",2,train
351,2_1703,0.0,0.0,1.0,1.0,0.0,0.0,0.0,0.0,0.0,0.0,1.0,"Re: [PATCH 2/2] archive.c: add support for
 --submodules[=(all|checkedout)] 
 <salutation>  <quotation>                                In bare repositories, this means: none.

My reasoning for ""*"" instead of ""all"" and """" instead for ""checkedout"" was 
that you could allow ""<name1>,<name2>"" at some stage, where <name> would 
first be interpreted as a submodule group, and if that fails, as submodule 
name.

Thinking about that more, """" seems illogical, that should rather mean 
""none"", i.e. the same as --no-submodules.  The ""checkedout"" could be ""."" 
then, perhaps?  As in ""what we have checked out in ./, the current 
directory""?

 <quotation> Could you split that part into its own patch again, please?

 <quotation> This will leak memory, no?

 <quotation> <salutation> <closing>",2,train
352,2_1704,0.0,0.0,0.0,1.0,0.0,0.0,0.0,0.0,0.0,0.0,0.0,"Re: Compile error esd.h not found 
  <quotation> I assume that it didn't get picked up since you are cross-compiling. If
you need sound on your target board using the ESD libraries, you will
have to cross-compile esd first. If you don;t need sound, configure it away.

 <quotation> yep. :)

 <closing> dalibor topic",2,train
353,2_1705,0.0,0.0,1.0,0.0,0.0,0.0,0.0,0.0,0.0,0.0,1.0,"Re: Ubuntu Packaging Guide 
 Yes please provide feedback! The challenge with the documentation I've had
is consistency between what the teams are teaching versus what the guide
says. I based my edit on what the guide originally said and tried to make
sure whatever tools and processes were outlined there were as accurate and
up to date as possible. However, I suspect different methods and processes
may be being taught by the teams. Any feedback you and anyone else can offer
is totally welcome.

 <closing>",2,train
354,2_1710,0.0,0.0,0.0,1.0,0.0,0.0,0.0,0.0,0.0,0.0,1.0,"Re: Unhandled exception 
 <salutation> I had tried with ""Debug"" in the menu ""Solution  Configurations"".
In the configuration of the Visual C++ change in the menu ""Solution
Configurations"" to ""Debug(ptlib 1.11)"" and now work.
 <closing>      ",2,train
355,2_1712,0.0,0.0,1.0,0.0,0.0,0.0,0.0,0.0,0.0,0.0,1.0,"Re: any procmail/spamassassin gurus? 
  <quotation> I'm a little confused here. In the first post, you said you were using
fetchyahoo to grab your mail, and dump it through procmail for local
reading. Are you then using Squirrelmail as a local webmail client?
Fetchyahoo needs a .fetchyahoorc file telling it to hand off to
procmail, which would then dump it to Spamassassin, which would then
hand it back to procmail, which should finally deposit it in
~/maildir/. If the mail isn't making it that far, verify that you have
a .fetchyahoorc file that is configured to hand email off to procmail.

Something like this should do the trick for the .fetchyahoorc:
 <log_data>  ",2,train
356,2_1713,0.0,0.0,0.0,1.0,0.0,0.0,0.0,0.0,0.0,0.0,0.0,"Re: GGeoXml Modularization Side-Effect: Your site may break if GGeoXml is called before body load 
  <quotation> The API attempts to load the max_infowindow module if you use the
{maxUrl} option, but the actual module file doesn't currently exist.
http://www.google.com/intl/en_ALL/mapfiles/93/maps2.api/mod_max_infowind
ow.js returns error 404 Not Found. So {maxUrl} doesn't work in v2.93.
 <raw_code> The file sizes are

        main           75 kb
        kml_api         7 kb
 <raw_code>   The Blackpool Community Church Javascript Team",2,test
357,2_1714,0.0,0.0,0.0,1.0,0.0,0.0,0.0,0.0,0.0,0.0,0.0,"Additional Thoughts on the Monthly Presentation: Mike Baker and the
 VA Software 
 There is a VA site that provides a little insight to this ball of wax:

http://www.va.gov/vista_monograph/

<quote>
When development began on the Decentralized Hospital Computer Program
(DHCP) in the early 1980s, information systems were in their infancy in
VA medical facilities and emphasized primarily hospital-based
activities. DHCP grew rapidly and is used by many private and public
health care facilities throughout the United States and the world.
Although DHCP represented the total automation activity at most VA
medical centers in 1985, DHCP is now only one part of the overall
information resources at the local facility level. VISTA incorporates
all of the benefits of DHCP as well as including the rich array of other
information resources that are becoming vital to the day-to-day
operations at VA medical facilities. It represents the culmination of
DHCP's evolution and metamorphosis into a new, open system,
client-server based environment that takes full advantage of commercial
solutions, including those provided by Internet technologies.
</quote>

Yes, I note the VA was ahead of us in using the acronym ""DHCP"".

  ",2,train
358,2_1715,0.0,0.0,0.0,1.0,0.0,0.0,0.0,0.0,0.0,0.0,0.0,"Re: Eclipse: ""Unable to update POM"" - Could not write file 
 Yes, it is writable.

I have advanced with this problem, and I discovered that if I edit
pom.xml using the eclipse editor, *sometimes* I cannot save it (it
shows a message saying ""Could not write file"") . This does not happen
with any other file, only with pom.xml. Very strange... Im not sharing
this project with anybody, the directory is only writable by me...

  <quotation>",2,train
359,2_1722,0.0,1.0,0.0,1.0,0.0,0.0,0.0,0.0,0.0,0.0,0.0,"libloSource OSC plugin changes 
 <tabular> <log_data> <raw_code> <log_data>     method handler for floats (for the same number of outputs).


BTW, the BlenderOSCSender changes are still somewhat unrelated: I want 
to make a specific OSC receiver for that, but I also wanted to start 
improving the actual OSC plugin... :-)


 <closing>",2,test
360,2_1726,0.0,0.0,0.0,1.0,0.0,0.0,0.0,0.0,0.0,0.0,0.0,"Bug#518681: iceweasel: bug always present in 3.5 
 <tabular>  <tabular> Versions of packages iceweasel suggests:
 <tabular> <raw_code> ii  xulrunner-1.9.1-gnom 1.9.1-1             Support for GNOME in xulrunner app

-- no debconf information",2,train
361,2_1728,0.0,0.0,1.0,0.0,0.0,0.0,0.0,1.0,0.0,0.0,1.0,"[funambol-users] Google Calendar Sync 
 <salutation> I'm brand new to the list and to Funambol and love what I see so far.  My question is can Funambol sync to my Google Calendar.

I read that scheduleworld.com is based upon Funambol so I assume it is possible but I have been unable to find any definative answers.

 <closing>     ",2,train
362,2_1731,0.0,0.0,1.0,0.0,0.0,0.0,0.0,0.0,0.0,0.0,1.0,"Re: Do you like the current UI? 
  <quotation> I propose a selectable ""allways queue"" mode. When turned on the play
button allways queues the song instead of playing it, except of course
when the queue is empty (playing the first song).

 <closing>",2,test
363,2_1733,0.0,0.0,0.0,1.0,0.0,0.0,0.0,0.0,0.0,0.0,0.0,"Re: install error 
  <quotation> The first step is to look at the actual errors that preceded the above 
output, which is generally meaningless.",2,test
364,2_1736,0.0,0.0,0.0,1.0,0.0,0.0,0.0,0.0,0.0,0.0,0.0,"Re: Trunk Broken, Cannot Start 
  <quotation> Ah, yes, now I understand.

macros.xml contains a presetdef for javac; it sets srcdir=""${src.dir}"". 
  For base, the source doesn't live directly in that dir, but in 2 
subdirs, start/ and base/.  When the javac15 macro was called in 
build.xml, it used a nested <src> path element; instead of overriding 
this, like I thought, it actually built upon the already set srcdir.

So, I fixed this by changing the srcdir value, instead of using a nested 
<src> element.

If you want to use a nested <src> element(for specifying multiple paths, 
etc), then you'll need to set the srcdir attribute to the empty value, 
 <log_data>",2,test
365,2_1737,0.0,0.0,1.0,0.0,0.0,0.0,0.0,0.0,0.0,0.0,1.0,"Re: Problem with a Qt application portfile 
  <quotation> Why are you ""Packaging tgz archive""? Does it work if you skip that step?",2,train
366,2_1740,0.0,0.0,0.0,1.0,1.0,0.0,0.0,0.0,0.0,0.0,0.0,"Re: Meaning of ""getting started"" 
  <quotation> I take it back. I opened some manuals in yelp and I see
now that they are very different. Besides, a manual may
contain both sections (Totem for instance).


 <closing>",2,test
367,2_1742,0.0,0.0,1.0,0.0,0.0,0.0,0.0,0.0,0.0,0.0,1.0,"NoClassDefFoundError 
 I have tomcat 4.1.24, sun-jdk-1.4.1.02 and cocoon 2.0.2 installed. Now I get 
the following error when I try to acess cocoon. I think this is a java error, 
but not sure. Any help is greatly appreciated.

 <log_data> message Error compiling sitemap

 <log_data> java.lang.NoClassDefFoundError

 <log_data> source Cocoon servlet

stack-trace

 <log_data> ",2,train
368,2_1745,0.0,0.0,1.0,0.0,0.0,0.0,0.0,0.0,0.0,0.0,1.0,"Re: Confusion on shared buffer 
 <salutation>          So for our scenario what is the most important factor to be noted
for performance.

 <closing>  <quotation>",2,train
369,2_1751,0.0,0.0,0.0,0.0,0.0,0.0,0.0,0.0,0.0,1.0,,"[PATCH] MAINTAINERS: add tree and file pattern for ARM IMX 
 <tabular>    ",2,train
370,2_1752,0.0,0.0,0.0,1.0,0.0,0.0,0.0,0.0,0.0,0.0,0.0,"Re: VoIP software for ubuntu 
  <quotation> Hrm, I just checked, and it appears that Gizmo isn't yet available for
Linux, and I see nothing about it actually being open sourced. 
Regardless, it may end up being a good solution. Sorry about that. :P

  <closing>",2,train
371,2_1754,0.0,0.0,1.0,0.0,0.0,0.0,0.0,0.0,0.0,0.0,0.0,"Re: New product feature set 
   <quotation> <log_data> <quotation> Please don't do this, or if you do, do it as a separate model.
I _really_ don't want to pay extra for a low-fidelity amp, that I'll never
use.

 <quotation> I'd love a videotron, but please don't limit it from scratch by putting the HD
in the unit, keep it extensible, use the server for storage space.

 <closing>       http://www.turtle-beach.com/wb/messageboard.htm
 ",2,train
372,2_1755,0.0,0.0,0.0,1.0,0.0,0.0,0.0,0.0,0.0,0.0,1.0,"Re: Fix checking password from /etc/passwd and /etc/shadow 
  <quotation> What is wrong with the current approach of first checking /etc/shadow
using getspnam, falling back to /etc/passwd if the first didn't return
anything?

Reversing that order and making the decision depend on a non-zero
value returned from /etc/passwd (""x"", ""*"", whatever?) looks like
making it more complicated to me.

 <closing>",2,train
373,2_1756,0.0,0.0,0.0,1.0,0.0,0.0,0.0,0.0,0.0,0.0,0.0,"Re: Virus Scanning VFAT and NTFS through linux 
  <quotation> Yeah i know but a few problems
one i cannot get my winmodem to work on ubuntu as yet
have to upgrade kernal and pay for the conexant driver
so am in the process of buying a compatible pcmcia card-

i got a xircom card but damn that does not fit in the lenovo laptop

so just a few days more

but there are a few other hurdles

have you seen the income tax online filing system - its windows based
which means someone has to have windows

so how about starting a petition to get them to release linux
comptabible software as well

 <closing>",2,test
374,2_1758,0.0,0.0,0.0,1.0,0.0,0.0,0.0,0.0,0.0,0.0,0.0,"CVS commit: pkgsrc/x11/tk 
 <tabular> <log_data> defined in include/X11/X.h).  In xproto-7.0.13, a new event ""GenericEvent"" was
added - making the defined array broken for all of Tk's internal events.

The easy fix is to just add in the missing event into the hard-coded array.

This patch was reported here: http://bugs.gentoo.org/show_bug.cgi?id=225999

A cleaner fix, but a much bigger patch, is listed in the Tk bug tracker.  I'm
punting that Tk will have been updated with the fix before X.h grows another
event.

http://sourceforge.net/tracker/index.php?func=detail&aid=2010422&group_id=12997&atid=112997

Bump PKGREVISION.


To generate a diff of this commit:
cvs rdiff -r1.61 -r1.62 pkgsrc/x11/tk/Makefile
cvs rdiff -r1.33 -r1.34 pkgsrc/x11/tk/distinfo
 <log_data> Please note that diffs are not public domain; they are subject to the
copyright notices on the relevant files.",2,test
375,2_1759,0.0,0.0,0.0,1.0,0.0,0.0,0.0,0.0,0.0,0.0,0.0,"Re: [SLE] ATI firegl drivers (3.9.0) = broken KDE screensaver? 
 the xset command is your friend.....

xset can ""real-time"" configure your X server for DPMS & Screensaver settings 
as well as query the current settings.

You can set those in the XF86Config file.  I find it easier to do all the 
testing with xset to find out what works best and then either add xset 
commands to the .xinitrc in ~ or proper options in XF86Config.


Attached is a script I wrote / play with to test different combinations of 
xset commands to see what the XServer / driver behaves like.


 <closing>  <quotation>  ",2,val
376,2_176,0.0,1.0,0.0,1.0,0.0,0.0,0.0,0.0,0.0,0.0,0.0,"Re: Fw: Last Call: draft-ietf-ltru-4646bis (Tags for
 Identifying Languages) to BCP 
 <salutation> While I realize that it is a holiday for you, it would be Really Nice not to miss the next IESG telechat, since that would be the end of this work (less AUTH48 and the RFC Editor).... as an editor, I'm happy to take much of the burden of preparing the responses.

The tracker tool doesn't enumerate what solution to apply to each item. What I'd like to do is propose a specific solution on list to each item, making them available in the editor's copy. Obviously, list consensus applies, so if there is any debate, I would prefer if you and Randy could work together to make any consensus decisions clearly and, if appropriate, quickly.

If this plan is acceptable, I will start making proposals, using the tracker item numbers in subject lines.

 <closing>  Internationalization is not a feature.
It is an architecture.


 <quotation>  <quotation> ",2,train
377,2_1760,0.0,0.0,1.0,1.0,0.0,0.0,0.0,0.0,0.0,0.0,1.0,"Re: Mandatory subscriptions to a memo-list? 
  <quotation> Once the lists and mandatory subscriptions exist -- and provided that
the contributors cannot unsubscribe -- what is left is to make the
subscribers aware of the lists, so they can set up their mail filters
appropriately. Memos, which end up in a folder filled with the traffic
of other fedora lists, would be less helpful.

What about a news feed for such memos?",2,train
378,2_1765,0.0,0.0,1.0,1.0,0.0,0.0,0.0,0.0,0.0,0.0,1.0,"Re: RE: [hlds_linux] Upcoming Team Fortress 2 update 
   And what about server's reporting in steam with port 27020 if sourcetv
is enabled? Is t fixed?
  Quoting Jason Ruymen : And this update is now live.  Remember, this
is a required update.  Please run hldsupdatetool to receive it.
 <closing>    Sometime later today we'll have a required Team Fortress 2/Dedicated
Server update available.  Here are the upcoming changes:
 <log_data>  - Dropped weapons now replenish half of your max ammo when picked up
 - Added exec'ing a cfg.cfg file on the client when you select a
class to play (for real this time!)
 - Reverted mp_forcecamera changes from previous release and set TF2
default back to 1
 - Reverted ""immunit&eacute;"" references with ""&Uuml;berCharge"" in
French version
 <closing>     Links:
  <log_data> ",2,train
379,2_1767,0.0,0.0,0.0,1.0,0.0,0.0,0.0,0.0,0.0,0.0,0.0,"Re: Wall Street Pursues Profit in
	Bundles of Life Insurance 
 I sense a great disturbance in the Force, as if millions of Americans
suddenly cried out in exasperation, and were suddenly bankrupted.

The ultimate irony will be when a shift in the mortality rate of the elderly
causes those who exceed their life expectations to live in poverty.

 <closing>  <quotation>  ",2,train
380,2_1771,0.0,1.0,0.0,0.0,0.0,0.0,0.0,0.0,0.0,0.0,0.0,"[jira] Updated: (TUSCANY-462) SCAGEN: Would be nice to generate
 disable warning for the 'silly' warning on windows 
 [ http://issues.apache.org/jira/browse/TUSCANY-462?page=all ]

   <tabular> I've added the pragma statement to the header generators. It works fine with my tests, but I don't have a test that shows the windows warning so it could do with checking.
Also includes some updates to the Junit tests for the tool.

 <quotation>      ",2,train
381,2_1774,0.0,0.0,0.0,1.0,0.0,0.0,0.0,0.0,0.0,0.0,0.0,"Re: HAVE_MKSTEMP tries to kill not existent tmp-file in $HOME and $TMPDIR (1.9.2) 
  <quotation> yes, otherwise it would be given even when not running with debug code
enabled.

 <quotation> hey, you did compile with debugging messages enabled -> expect a LOT of
extra messages",2,train
382,2_1775,0.0,0.0,0.0,1.0,0.0,0.0,0.0,0.0,0.0,0.0,0.0,"CVS: data/Aircraft/DerKleineUhu/Nasal - New
	directory 
 Update of /var/cvs/FlightGear-0.9/data/Aircraft/DerKleineUhu/Nasal
 <log_data>  ",2,train
383,2_1776,0.0,0.0,0.0,1.0,0.0,0.0,0.0,0.0,0.0,0.0,0.0,"Re: Windows breakage with cr_net.h 
  <quotation> No.  Windows doesn't yet support IPv6, at least in a standard posix manner.

 <closing>  ",2,test
384,2_1787,0.0,0.0,0.0,1.0,0.0,1.0,0.0,0.0,0.0,0.0,0.0,"PyPy Sprint Palma de Mallorca in January 2006 
 Palma de Mallorca  PyPy Sprint: 23rd - 29th January 2006
  The next PyPy sprint is scheduled to be in January 2006 in Palma De
Mallorca, Balearic Isles, Spain. We'll give newcomer-friendly
introductions. Its focus will mainly be on the current JIT work, garbage
collection, alternative threading models, logic programming and on
improving the interface with external functions. To learn more about the
new PyPy Python-in-Python implementation look here:

     http://codespeak.net/pypy


Goals and topics of the sprint
  In Gothenburg we have made some first forays into the interesting topics
of phase 2 of the PyPy project. In Mallorca we will continue the work
that we started there.

The currently scheduled main topics are:

   - Further work/experimentation with the Abstract Interpreter that was
     started in Gothenburg.

   - Integrating our garbage collection toolkit with the backends and the
     code generation.

   - Heading into the direction of adding logic programming to PyPy.

   - Optimization work: our threading implementation is still incredibly
     slow, we need to work on that. Furthermore there are still quite
     some slow places in the interpreter that could be improved.

   - If someone feels like it: although vastly improved our socket module
     is still far from complete

   - In general we need to improve the way we interface with external
     functions.



Location & Accomodation
  The sprint will be held at the Palma University (UIB - Universitat de
les Illes Balears), in their GNU/Linux lab
(http://mnm.uib.es/phpwiki/AulaLinux).  We are hosted by the Computer
Science department and Ricardo Galli is our contact person there,
helping with arranging facilities.

The University is located 7 km away from the central Palma. Busses to
the University departs from ""Plaza de España"" (which is a very central
location in Palma). Take bus 19 to the UIB campus.  A ticket for one
urban trip costs 1 euro. You can also buy a card that is valid for 10
trips and costs 7.51 euros.  Information about bus timetables and routes
can be found on:

http://www.a-palma.es.

A map over the UIB campus are can be found on:

http://www.uib.es/imagenes/planoCampus.html

The actual address is: 3r pis de l'Anselm Turmeda which can be found on
the UIB Campus map.

At ""Plaza de España"" there is a hostel (Hostal Residencia Terminus)
which has been recommended to us. It's cheap (ca 50 euros/double room
with bathroom). Some more links to accomodations (flats, student homes
and hotels):

http://www.lodging-in-spain.com/hotel/town/Islas_Baleares,Mallorca,Palma_de_Mallorca,1/ 


http://www.uib.es/fuguib/residencia/english/index.html

http://www.homelidays.com/EN-Holidays-Rental/110_Search/SearchList.asp?DESTINATION=Palma%20de%20Mallorca&ADR_PAYS=ES&ADR_ 

LOCALISATION=ES%20ISLASBALEARES%20MALLORCA

If you want to find a given street, you can search here:

http://www.callejeando.com/Pueblos/pueblo7_1.htm

To get to Palma De Mallorca almost all low fare airlines and travel
agencies have cheap tickets to get there. Information about Mallorca and
Palma (maps, tourist information, local transports, recommended air
lines, ferries and much more) can be found on:

http://www.palmademallorca.es/portalPalma/home.jsp

Comments on the weather: In January it is cold and wet on Mallorca

Average temperature: 8,4 degrees Celsius
 <tabular> So more time for coding and less time for sunbathing and beaches ;-)

Exact times
  The public PyPy sprint is held Monday 23rd - Sunday 29th January 2006.
Hours will be from 10:00 until people have had enough.  It's a good idea
to arrive a day before the sprint starts and leave a day later.  In the
middle of the sprint there usually is a break day and it's usually ok to
take half-days off if you feel like it.

For this particular break day, Thursday, we are invited to the studio of
Ginés Quiñonero, a local artist and painter. Ginés have also been the
person helping us getting connections to UIB and providing much
appreciated help regarding accommodation and other logistical
information.

For those of you interested - here is his website where there also are
paintings showing his studio:

http://www.hermetex4.com/damnans/

For those interested in playing collectable card games, this will also
be an opportunity to get aquainted with V:TES which will be demoed by
Ginés and Beatrice and Sten Düring. For more information on this
cardgame - see: http://www.white-wolf.com/vtes/index.php.  (The Mallorca
sprint was organized through contacts within the V:TES community).

Network, Food, currency
  Currency is Euro.

Food is available in the UIB Campus area as well as cheap restaurants in
Palma.

You normally need a wireless network card to access the network, but we
can provide a wireless/ethernet bridge.

230V AC plugs are used in Mallorca.

Registration etc.pp.
  Please subscribe to the `PyPy sprint mailing list`_, introduce yourself
and post a note that you want to come.  Feel free to ask any questions
there!  There also is a separate `Mallorca people`_ page tracking who is
already thought to come.  If you have commit rights on codespeak then
you can modify yourself a checkout of

 
http://codespeak.net/svn/pypy/extradoc/sprintinfo/mallorca-2006/people.txt

.. _`PyPy sprint mailing list`: 
http://codespeak.net/mailman/listinfo/pypy-sprint
  http://codespeak.net/pypy/extradoc/sprintinfo/mallorca-2006/people.html
   ",2,train
385,2_1788,0.0,0.0,1.0,1.0,0.0,0.0,0.0,0.0,0.0,0.0,1.0,"Re: IETF 65 BOF Announcement: Digital Identity Exchange (DIX) 
 <quotation> Sorry.  I missed the ietf-wide announcement of that list, made long enough ago 
to permit extended online discussion, as a lead-in to this BOF, to ensure 
consideration from a wide variety of perspectives.

That discussion would permit the BOF to take place with enough community history 
to make it possible to have a productive BOF.  (I thought I covered that concern 
in my previous note.)

Anyhow, please point me at the announcement, since the mere existence of a list 
that few know about does not mean much.  (Based on the list archive, and the 
comments emerging now, I am not the only one who missed that announcement.)


 <quotation> You think that one month is enough time for meaningful, pre-BOF discussion of a 
topic like this?

You have a very different sense of the IETF's metabolic rate, for complex 
topics, than I do.

As I noted in my previous message, there is quite a strong basis for believing 
that it will be very, very difficult to get useful community convergence on 
goals and approaches.

For example, please explain to me why the prediction I made about the likely 
course of the upcoming BOF is inaccurate.  Or please explain why such a course 
is productive.


 <quotation> Scott, no.  What I am trying to point out to you is that there will not be a 
reasonable basis for making *any* sort of assessment.

All we are going to get is the usual confusion of strong opinions, without any 
considered dialogue.  It has become the norm for IETF BOF's, on any interesting, 
difficult topic.


 <quotation> In my previous notes I have tried to explain why a ""start from scratch"" approach 
for a BOF is just plain wasteful.  That wastefulness has been demonstrated 
enough times that one would expect us to learn the lesson.

 <log_data>    ",2,test
386,2_1789,0.0,0.0,0.0,1.0,0.0,0.0,0.0,0.0,0.0,0.0,0.0,"Re: Open Link: Objects+piping (and better)+real loose coupling 
  <quotation> We've argued out the *XML thing to death.  I believe that it's the 
semantics and idioms of XML that are important, not the encoding as 
primacy.  Anything that substantially is in the mold of XML should be 
related to XML.  I think that everthing should be roundtrippable through 
XML 1.x but not limited by it.

I've decided that three modes need to exist: text-only self-described 
(just like text XML), typed data self-described (XML-like with typed 
binary payloads, int, IEEE, etc.), and meta-structured transformation 
into various levels of non-self-described representation where the 
structural and typed description has been externalized into an 
interpretable metadata object.  All three are needed.

I don't believe in fundamental strucuture typing.  I agree with scalar 
typing, template deltas (basing an instance off of a schema-like 
template), and the separate use of schemas for validation.  The only 
reason for structural typing is to do non-self-describing, i.e. 
externalized metadata, instances.

 <quotation>  ",2,train
387,2_179,0.0,0.0,0.0,1.0,0.0,0.0,0.0,0.0,0.0,0.0,0.0,"Re: Thoughts on Debian quality, including automated testing 
 <technical>  <quotation> Yes.  You would create a separate logical volume (LV) for each
distribution you want to support, set them up with debootstrap.  Once
done, you add a configuration stanza like this:

[sid]
 <raw_code>  <raw_code> <log_data> <raw_code> I plan to add support for tar(.gz|.bz2) and zip files as well once
I've finished the C++ conversion (the other alternatives are currently
directories and any mountable block device), then when combined with
sbuild, you'll have a system almost but not quite entirely unlike
pbuilder.  It's all nicely modular, so adding a new chroot type is
trivial.

The other advantage is that it uses PAM in a similar manner to sudo,
so you can grant certain users access to root privs (root-groups) in
the chroots, which allows them to install/upgrade/remove packages in
the chroots.  Obviously this is quite simple to abuse if you know what
you're doing, so you would only grant it to folks you could trust.
When it supports Xen, you could also grant root privs to folks you
/don't/ trust, since they would be entirely self-contained.

 <quotation> The difference for a minimal chroot is not too great.  The main
advantage of schroot LVM snapshotting is that the time is constant
irrespective of the size of the LV (it's copy-on-write), whereas for
tar it is linear.  For slow machines and older architectures, this is
an advantage.

 <quotation> OK.


   <technical>",2,train
388,2_1793,0.0,0.0,0.0,1.0,0.0,0.0,0.0,0.0,0.0,0.0,0.0,"Re: EOLs..... drives me crazy 
 Solved.
It was a double mercurial.ini, one in c:\mercurial and the other in
c:\program files\tortoisehg.

I was able to detect this using the command ""hg debugconfig"" that reported
things different from the ones I set....

I don't know if there is a commando to list all the configuration files hg
uses (and in which order....).

Anyway, I believe that there may be a bug in the eoncde/decode section when
one conf file enables and the other disables the conversion....

 <closing>",2,train
389,2_1799,0.0,0.0,1.0,0.0,0.0,0.0,0.0,0.0,0.0,0.0,1.0,"Re: OpenAction, SaveAction and Print Action :: In TCs without any
 nodes. 
 I've got a similar situation.  Being a noob I'm a little bit confused by 
this approaches presented following up to this thread.  I have nodes, but 
the nodes aren't what I want to print.  My application is a glorified line 
drawing program.  When the user selects a line I create a LineNode and 
activate it so the user can set the color, width, etc from the property 
sheet.  When the user does a File -> Print I want to print all of the lines 
on the drawing canvas or possibly a selection of lines.

Bear with me while I 'talk this through'.

I tried adding
        associateLookup (Lookups.singleton (new DrawingPrintCookie()))
to MyTopComponent's constructor, but it didn't enable the menu pick.

I tried adding
        getCookieSet().add(new DrawingPrintCookie());
to MyDataNode (returned by MyDataObject.createNodeDelegate()).

I tried adding
        getCookieSet().add(new DrawingPrintCookie());
to MyLineNode

Nothing enables the menu pick.

I know that an instance of MyLineNode is active when I select it, because 
the property sheet (View -> Properties) shows the node and it's properties.  
  The File menu just doesn't seem to care.

So the PrintCookie needs a new home because it isn't working where it is 
now.   If I put the PrintCookie on an inner class data node for 
MyTopComponent (lets call it TCDN) then I would need to have both the TCDN 
and the line node activated at the same time.  That would mean that cut, 
copy, etc would need all need to know how to step over the TCDN.  That seems 
a little cumbersome.  I'm not convinced that it would work anyway.  If it's 
ignoring the nodes that I have now, why would it care about another one?

I have not tried adding an action because the JavaDoc for 
TopComponent.getActions() says ""Gets the actions which will appear in the 
popup menu of this component"" and I'm not using a popup menu.  Maybe I 
should try it anyway, using an action instead of a cookie?   Maybe tomorrow.

Any insight would be appreciated.

 <closing> <quotation>",2,test
390,2_1802,0.0,0.0,1.0,1.0,0.0,0.0,0.0,0.0,0.0,0.0,1.0,"Re: Hello, help me pls 
 <salutation> Hope you are good there.
I recently , just 02 days ago signed up with FeedBurner.
Running it but i am burning my feeds

kindly explain your problem in detail
I may resolve your hurdle

 <closing>  <quotation>",2,train
391,2_1804,0.0,0.0,1.0,0.0,0.0,0.0,0.0,0.0,0.0,0.0,0.0,"Re: Cleanup of temporary
	directory	/cygdrive/f/tmp/duplicity-PJiqmp-tempdir
	failed - this is	probably a bug -please help me to understand 
 <salutation> The 'cleanup of temporary directory failed' message is a known bug.  It
is not fatal and can be safely ignored.  The real problem is the last
line of the traceback in the ValueError.  That seems to indicate a
problem with enough file descriptors.

Could you check to see what your ulimit is on this system, 'ulimit -n'
will tell you.  Try a higher ulimit, such as 'ulimit -n 4096'.

Also, 0.5.20 is the most recent version.  You can get it at:
http://code.launchpad.net/duplicity/0.5-series/0.5.20/+download/duplicity-0.5.20.tar.gz

 <closing>  <quotation>  ",2,test
392,2_1807,0.0,0.0,0.0,1.0,0.0,0.0,0.0,0.0,0.0,0.0,0.0,"Slx: r49011 - in trunk/www/developer.skolelinux.no/info/studentgrupper/2006-hig-daisyplayer/documentation/libdaisy/API: . images 
 <tabular> Added the logo


 <log_data>  Property changes on: trunk/www/developer.skolelinux.no/info/studentgrupper/2006-hig-daisyplayer/documentation/libdaisy/API/images/daisylogo.png
  <tabular>",2,val
393,2_1808,0.0,0.0,0.0,1.0,0.0,0.0,0.0,0.0,0.0,0.0,0.0,"Re: [c-nsp] Dual E1/T1 - best practice in combining them? 
 The bundle will not be unusable if one of the links is dead.  That is the 
beauty of it.  :-)

  <quotation>    ",2,train
394,2_181,0.0,0.0,1.0,1.0,0.0,0.0,0.0,0.0,0.0,0.0,1.0,"Re: gtest on Windows 
 <salutation> Thanks for your help, C++ works for me, but not quite. I have on my
mashine two PB version: protobuf-2.0.3 and protobuf-2.1.0rc1. The
first build (for C++) works just fine. The socong build results in an
error, output is at the end of the current message. The actual error
msg is (if I got it right):

   ambiguous overload for 'operator<<' in '(+(+(+(+(&LogMessage ...

and then

   Extension conflicts with extension already in database

What is this database? Can you have more then one instance (different
versions) of PB on your machine (Windows)?

Because, you see, the version protobuf-2.0.3 for Python requires
Python 2.5 and try to download setuptools that is not actuyally
available any more... But that is different issue...
So I have now two PB versions, but also having some problems.

 <closing> <log_data>  <raw_code> <log_data> <quotation> <log_data>  <raw_code> <log_data> <quotation> <log_data>  <quotation>   ",2,test
395,2_1811,0.0,0.0,0.0,1.0,0.0,0.0,0.0,0.0,0.0,0.0,0.0,"Re: Prob. with testing deps 
  <quotation>   I use apt, but I don't think that the resulst are dependent on the
dependency manager used.

 <log_data> <raw_code> <log_data> <tabular> <log_data> <tabular> <log_data> Since you have fedora.us in your listings adding livna should fix it for you.

 <quotation>    ",2,test
396,2_1817,0.0,0.0,0.0,1.0,0.0,0.0,0.0,0.0,0.0,0.0,0.0,"Fwd: Amarok 1.4.4 HALTED 
 please do NOT flag amarok out of date. 

  <tabular>  <salutation> please don't package 1.4.4 just yet. There has been some internal
miscommunication. The release is halted until further notice.

        ",2,test
397,2_1819,0.0,0.0,0.0,1.0,0.0,0.0,0.0,0.0,0.0,0.0,0.0,"RE: Bizare motherboard problem 
 <quotation> Yeah, impedance mismatches, timing issues, whatever.  Some motherboards are
rather fussy about what they see connected to them. :-)  I'd be betting on
an impedance mismatch, crosstalk or reflected waves from the switch causing
your problem.  :-)",2,train
398,2_182,0.0,0.0,1.0,1.0,0.0,0.0,0.0,0.0,0.0,0.0,1.0,"Re: adding specific C flags for a SINGLE source file 
  <quotation> yes, but do the autotols document what order the variables (CFLAGS,
CPPFLAGS, AM_CPPFLAGS, etc) will appear in the rules?  that is the
question being asked.

if you don't know that, then even if you do know how your system
interprets commands, you still don't have the full picture.

  ",2,train
399,2_1824,0.0,0.0,0.0,1.0,0.0,0.0,0.0,0.0,0.0,0.0,0.0,"Re: [PHP-DEV] Patch for php_error_cb 
  <quotation> You can of course dynamically load extensions from your ini, and they  
only need to change when the API version changes.  What you have is  
essentially a special purpose extension.

The situation is that you want to provide an alternative type of  
extension to accomplish something that can already be accomplished  
through an extension (and which was designed to support exactly the  
things you're trying to do (and more)).  That sort of redundancy  
isn't very useful.

 <closing>  ",2,train
400,2_1826,0.0,1.0,0.0,1.0,0.0,0.0,0.0,0.0,0.0,0.0,0.0,"Re: SOAP vs REST 
 Sometimes I'm glad I stay clear of areas that make me queasy.  I only 
saw enough CORBA action to know that it was broken.  I did a bit too 
much DCE RPC programming in SunOS so that when Microsoft pulled it in 
several years later, I completely ignored their derivative.  I did my 
own port of Kerberos to HPUX 3 or 4 in about 1990 so I avoided Active 
Directory later.  OK, bad example, I've just been setting up and 
 <log_data> I feel vaguely guilty at not participating in this stuff because I would 
have howled at many of the design decisions, especially the pre-doc RPC 
style.  And concentrating on half-duplex, synchronous HTTP rather than 
on something like BEEP.  (HTTP 1.1 could be used inefficiently to 
implement something close to BEEP, and some use it that way, but it is 
not the default SOAP mode which is a great loss.)  I was busy doing 
other things, and I probably wouldn't have been able to route the 
Microsoft / IBM juggernaut that seems to have done an Ada on the whole 
thing.  (I.e. taken some good, but immature ideas and too-quickly 
inflated them into products with unearned mass.)

Part of my focus now is a completely different direction with 
RDF-derived data interchange.  XML is OK at low complexities, but a mess 
further down the spectrum.  Clean XML object/document paired with 
RDF/triples/n-tuples seems to make sense.  But first, I'm working on a 
personal utility and building my way up.

More than a year ago we designed and built an XML RDF over BEEP over 
XML-RPC between Java and C# which worked nicely, if slowly.

 <closing>  <quotation>     ",2,train
401,2_1827,0.0,0.0,0.0,1.0,0.0,0.0,0.0,0.0,0.0,0.0,0.0,"PT translation - please commit 
 Here goes: debian-installer/tools/countrychooser/debian/po please commit.

 <raw_code> 20 translated messages

     http://www.fabricadasideias.com

 <raw_code>  <raw_code>  <tabular>  <log_data>  <log_data> <raw_code> <log_data>  <raw_code> <tabular>  <tabular>  <tabular>  <log_data>  <log_data> <raw_code> <log_data> <raw_code>  ""Based on your current language selection, the following countries are fully ""
""supported. This means that the locale obtained by combining the language and ""
""one of these countries is supported by Debian.""
  ""Baseado na sua escolha actual de linguagem, os seguintes pases so ""
 <raw_code> ""um destes pases  suportada pela Debian.""

 <raw_code>  <log_data>  <raw_code>  ""\""Outros\"" disponibiliza a lista completa de pases do mundo. No entanto, ""
""esta escolha no alterar as definies actuais do locale (${DEFAULTLOCALE}).""

 <raw_code>  msgstr ""Amrica do Norte""

  msgid ""Central America""
  msgid ""other""
 ",2,train
402,2_1829,0.0,0.0,0.0,1.0,0.0,0.0,0.0,0.0,0.0,0.0,0.0,"Re: Last few questions about signing and Enigmail... 
 <technical>  <quotation> By using a plain signature, yes, you are saying that you are willing to
- - shall we say - publically say this key is valid.  As in, the rest of
the Internet should trust that you say this key is valid.

 <quotation> Not sure what this is...  However, the reason you'd remove a sig from
your key is if a particular person proves somehow to be unreliable to
such an extent that keys signed by this persons key are viewed with
increased distrust...

Example 1, say person A has a key and his friend person B knows for a
fact that person A owns key A and keeps it secure.  Person B does some
kind of man in the middle attack on someone using a false key that they
have signed by their key, Key B.  Person A may not want their key
associated with person B anymore.

Example 2, same two people, but person B's key is stolen and used to
sign a lot of keys that are used for less than honest purposes (man in
the middle attack stuff) and person A, once more, doesn't want their key
associated at all with person B's key (while not specifically person B).

In addition, why you'd want to restrict that is if you are in a company
and you want to make sure that employee's use their business key for
business purposes you may force your corperate sig to stay on their key
so that they can't use it for nonbusiness purposes without immediately
associating it with the business.

 <quotation> Exactly, you are saying by doing a local sig that you believe this
person is who they say they are, but you aren't positive enough to say
that the rest of the Internet should trust it because you do.
 <technical>  ",2,train
403,2_183,0.0,0.0,1.0,0.0,0.0,0.0,0.0,0.0,0.0,0.0,1.0,"Re: madwifi+kismet lockup 
 <salutation>  <quotation> So is this something you/I should report?  How do I get a debug dump
when the computer completely hard-locks?  Does anyone on the list know
where in the code the problem might lie, i.e. the open source or the
not-so-open source part?  Could there be any workaround?

 <closing>",2,train
404,2_184,0.0,0.0,0.0,1.0,0.0,0.0,0.0,0.0,1.0,0.0,0.0,"Re: Breaking out threads from core 
  <quotation> test.pl tries to mimic the interface of Test::More, but with a lighter
implementation.

I suggest you simply copy test.pl in t/lib in your module
distribution. This should work.",2,train
405,2_1841,0.0,0.0,0.0,1.0,0.0,0.0,0.0,0.0,0.0,0.0,0.0,"Re: [Bacula-users] Redundant Run in Schedule 
  <quotation> Your version is much cleaner and simpler, as long as sequence does not matter.

 <quotation> Patch (SVN) appended.

 <quotation> I can, of course, only speak for myself; other people's needs obviously 
differ.

I never need ANDed schedules, as I don't (yet?) see requirements for jobs to 
be executed twice. If there /is/ reason to execute the jobs twice - well, run 
them with one minute difference, and they will be queued happily.

Sample scenarios I encounter:

Towers of hanoi with weekly full backups
  <raw_code> <tabular> <raw_code> Run backups to tapeset C in every 4th week (w04 w08 ...); tapeset B in every 
second week (w00 w02 w04 w06 w08 ...); tapeset A in all other weeks.

Bacula should eliminate the runs to pool B in every fourth week by itself, 
despite the fact that the second run is configured for w00 w02 w04 w06 w08 
(...), and eliminate runs of A in all even weeks.

This scenario could be precalculated, but it was easier to solve it in 
Bacula's scheduling mechanisms.


Monthly and weekly backups
   <raw_code> Run full backups to MonthlyPool on the 1. day of each month; run incrementals 
on mondays. Bacula should be able to eliminate the incremental job in case 
the first day of each month is a monday.

This scenario cannot be precalculated (at least for a duration of more than 
one year).

 <quotation> My current plans/ideas certainly differ from what other people 
want/require... :-/

As I said, my personal needs are restricted to ORed statements; adding an AND 
semantics could - for me - be accomplished by adding a second, almost 
identical Job statement, with an alternative schedule.

Having the flexibility of both versions in one type of statement (just with 
the syntax you proposed) would of course be best for most people.

 <quotation> ACK. (The reason why I used a different term is that I understood that 
scheduling refers to the ""global"" scheduling, i.e. the layout of all runs, 
whereas queuing refers to the process of adding the execution of a certain 
run of a schedule to the list of jobs to be executed. Of course, it's all a 
matter of definition. I'll drop mine :)

 <quotation> Good :)

 <closing>      ",2,test
406,2_1842,0.0,0.0,0.0,1.0,0.0,0.0,0.0,0.0,0.0,0.0,0.0,"Re: Kernel upgrade problem 
 They have probably moved to sda and sdb.

  <quotation>   <tabular>  (http://accela-labs.com)
 ",2,train
407,2_1861,0.0,0.0,1.0,0.0,0.0,0.0,0.0,0.0,0.0,0.0,0.0,"Re: Linux console chat programs? 
 you might want to try /set clock off clock btw is all caps.
or just type /set and scroll through your options.
 <closing> btw, clearing the screen is not a good idea especially after each event.
it becomes tiresum after a while and it's easier to find the last text if 
you need to copy/paste.
 <closing>   ""We're upgrading /dev/null""


 ",2,train
408,2_1865,0.0,0.0,0.0,1.0,0.0,0.0,0.0,0.0,0.0,0.0,0.0,"S2io: fix statistics flush after a MTU change 
 <tabular>     On s2io driver, when you change the interface MTU, it invokes a card
    reset, which flush some statistics.  This patch solves this problem, and
    also set the net_device->stats as the default statistics structure,
      To do that, s2io_nic->stats turned into a staging area, where is saved
    statistics of the last hardware statistics query. So, the difference
 <tabular>     value that should be summed up, in order to get the correct statistics
    value, even after a reset.
    
 <tabular>  ",2,train
409,2_1869,0.0,0.0,0.0,1.0,0.0,0.0,0.0,0.0,0.0,0.0,0.0,"Programming Language ideas 
  <quotation> Increment can be done in several ways in C, etc.
 <raw_code> All mean the same thing, but as you go further down the list, it is generally
more effient, at least before the optimizer gets its hands on it.
x = x + 1;  // find the value of x, add one to it, find the place to store x
and put the calculated value there.
 <raw_code> the same place
x++;  // find the storage location of x, increment it in place, returning the
value prior to increment
++x;  // find the storage location of x, increment it in place, returning the
value after increment


      ",2,train
410,2_1875,0.0,0.0,0.0,1.0,0.0,0.0,0.0,0.0,0.0,0.0,0.0,"Re: Thumbnail problem 
 <quotation> allows you to choose between multiple resolutions?

No. (I have to admit that I never use the Editor in IMatch. I use it this 
time. No questions asked. A very small image displays in the IMatch 
Editor.)

 <quotation> Not for these files.

When I clicked for the slideshow in IMatch, those images were also very 
small (a complete surprise for me). From IMatch tools menu, I opened 
the tif file with Photoshop CS and the dimensions are normal (like 
2600x4000), I saved the file again (with PS CS) with the same name (to 
write over the old file). And now IMatch displays the thumbnail correctly. 
The IMatch slideshow returns to normal large file.

I copied many files (tif saved with PS7) from CDs to the IMatch database 
over a course of several days since before IMatch 3.4.0.20. IMatch 
3.4.0.14 did not exhibit this type of problem and IMatch 3.4.0.20 still 
display those files (that were scanned with IMatch 3.4.0.14) correctly. 
Those files are still in my folders right now.

  <log_data> Since 3.4.0.14 (or earlier, I'm not sure), I saw the word ""Multi-Res"" in 
IMatch thumbnail display several times. The pixel resolution was not 
reported and the slideshow displays the normal large image.

These were tif files (uncompressed, 24-bit) that were created with the 
Nikon Scan 4.0.1 (or something like that) software from a Nikon film 
scanner. When those files were saved again with any version of 
Photoshop (with ZIP compression to save space), IMatch displays the 
correct pixel resolution every time. I don't know what Multi-Res is.




   ",2,train
411,2_1888,0.0,0.0,1.0,1.0,0.0,0.0,0.0,0.0,0.0,0.0,1.0,"Re: [PATCH] Accelerated two directional blt support for EXA 
  <quotation> Also since we're on the topic of posting patches to the list, and since this 
one happened to be a little noisy, I use the following bit of shell to clean 
up patches before posting.  Basically just prepends diffstat output and 
strips out CVS's ? noise for files it knows nothing about.

 <closing> <raw_code> It would be Really Cool if git could do diffstat summaries automatically; 
anyone know if this is possible?

- ajax

  ",2,train
412,2_1889,0.0,0.0,0.0,1.0,0.0,0.0,0.0,0.0,0.0,0.0,0.0,"[CHRPM] unixODBC-2.2.6-3mdk 
  <tabular> SQL Servers and any Data Source with an ODBC Driver.


  <log_data>  <tabular>   ",2,train
413,2_1891,0.0,0.0,0.0,1.0,0.0,0.0,0.0,0.0,0.0,0.0,0.0,"[Bug c++/12277] Warn on dynamic casts with known NULL results. 
  And here is an example:
struct Base 
 <raw_code>  <raw_code> <log_data> <raw_code>  http://gcc.gnu.org/bugzilla/show_bug.cgi?id=12277",2,train
414,2_1894,0.0,0.0,0.0,1.0,0.0,0.0,0.0,0.0,0.0,0.0,0.0,"Re: Enum semantics 
  <quotation> Ah, yes, of course.

   - Ah, but you're forgetting Rimmer directive 273 which states
just as clearly, ""No chance you metal bastard!""
                                        Arnold Rimmer | Red Drarf


  ",2,test
415,2_1896,0.0,0.0,0.0,1.0,0.0,0.0,0.0,0.0,0.0,0.0,1.0,"Re: Process output from imported stylesheet? 
 <salutation>     my this can help u. Just Put a special identifier in ur xsl file where u
want to include the template and while loading it in to the parser replace
the identifier with ur Include path value (node value) .. and transform it
... if u need the code i can send u .. but it is in ASP and i m using MsXML
parser

 <closing>   <quotation> file would have to be complete before the stylesheet was compiled.
 <quotation> ",2,train
416,2_1897,0.0,0.0,1.0,0.0,0.0,0.0,0.0,0.0,0.0,0.0,1.0,"working with an HTML table 
 I have an HTML window with a table. There are 7 columns and a variable
number of rows. I want to attach method calls to a table cell in
column 6 of the table depending on the value. I have overridden the
OnCellClicked method of html.HtmlWindow and can get the value of a
table cell in column 6. However, I also need the value of the table
cell in column 1 of the same table row. This value will be used as
input to the dialog called in the method (as determined from the value
of column 6). I hope that makes sense. I basically need to determine
the contents of an offset to the cell I am clicking on. Can what I
want be done?

 <closing>  ",2,train
417,2_1904,0.0,0.0,0.0,1.0,0.0,0.0,0.0,0.0,0.0,0.0,0.0,"Re: Could you please fix this ? 
  <quotation> As mav@ pointed out yesterday, this hack is very specific to this 
hardware.  As jhb@ pointed out some time ago, this problem will be 
properly addressed by his ""multipass"" device probing mechanism.

Sorry, there's nothing we can commit ATM.

 <closing> <quotation>  ",2,train
418,2_1910,0.0,0.0,1.0,1.0,0.0,0.0,0.0,0.0,0.0,0.0,0.0,"Re: Http to https and viceversa without session losing 
 It's not enough to just simply change HttpURLConnection to
HttpsURLConnection, there are a few more actions required.

Have a look at this (it definately works), maybe you'll get the idea
what is going wrong on your side:

http://java.sun.com/developer/technicalArticles/Security/secureinternet2/

 <closing>    ",2,val
419,2_1913,0.0,0.0,0.0,1.0,0.0,0.0,0.0,0.0,0.0,0.0,0.0,"initialize dl handles where it needs to 
 <salutation> this trivial patch initializes dl handle in timer.c and timer_query.c
where it needs to.

 <tabular>     ",2,train
420,2_1917,0.0,0.0,0.0,0.0,0.0,0.0,0.0,0.0,0.0,1.0,,"Re: Fastest way to reverse-process a string? 
  <quotation> <raw_code>  <closing>  <quotation> ",2,train
421,2_1920,0.0,0.0,0.0,1.0,0.0,0.0,0.0,0.0,0.0,0.0,0.0,"Re: [commit] fix build failure in aix-thread.c:aix_thread_wait 
  <quotation> <closing>  ",2,train
422,2_1923,0.0,0.0,1.0,1.0,0.0,0.0,0.0,0.0,0.0,0.0,1.0,"Re: condor_exec.exe 
 The 7.2.0 build appears to be largely non functional on windows, if you
try down grading to the latest 7.0.x release and the problem goes away I
would chalk it up to this at the moment.
 
There are specific builds of various binaries you can get (or copy in
from elsewhere) but we've given up on 7.2 till 7.2.1
 
If anyone else out there is successfully running a pool of any sort of
size on windows on 7.2.0 I'd love to know.
 
 <closing>   <salutation> When I tried to run an executable on windows platform, the job is ending
up with the following logs:

 

Job Log

 

 <log_data>  007 (017.000.000) 01/16 14:04:17 Shadow exception!

 <log_data>                 8507  -  Run Bytes Received By Job

  <tabular> <log_data> <tabular> <log_data> What are these shadow exceptions and how do I solve the issue?

 

 <closing>     ",2,test
423,2_1925,0.0,1.0,0.0,1.0,0.0,0.0,0.0,0.0,0.0,0.0,0.0,"Re: Custom tiles being overwritten with default tiles when (and only when) in a DIV 
 Right, so this code works fine.

The problem lies in putting a
<div id=""example"">
  <raw_code> around it, that is, wrapping it in another div for the purpose of
allowing it to be moved around the screen via dom scripting.  I'm
headed to work now, but I'll see if I can't get something up tonight,
either an example of what I mean, or the entire code post-ruby
rendering.

 <closing>  <quotation>",2,train
424,2_1926,0.0,0.0,0.0,1.0,0.0,0.0,0.0,0.0,0.0,0.0,0.0,"cvs commit: doc/en_US.ISO8859-1/books/arch-handbook/mac chapter.sgml 
    FreeBSD doc repository

 <tabular>   is better defined.
  
  Remove an inaccurate sentence describing how labels work with policies.
  Maybe we should do it that way, but we don't yet :-).
  
 <log_data>  ",2,test
425,2_1930,0.0,0.0,0.0,1.0,0.0,0.0,0.0,0.0,1.0,0.0,0.0,"RE: [all] Maven 1.0 vs. 2.0 
 I got it working.  I was running into the problem with RMI/SureFire
discussed here:

http://www.jroller.com/page/marshbourdon/?anchor=maven_2_surefire_and_rmi

Since my project was in a directory which contained spaces in the path, the
RMI-based test cases failed using M2, but they worked with M1.  Anyway, I
copied the project to a directory which did not contain spaces (and moved my
local repository to a directory which did not contain spaces) and it worked
using M2.  My M1 build works just fine and has for quite some time. 

    <quotation> Previous discussions on this topic can be summarized like this: Until 
Maven 2 is sufficiently stable Commons Proper components should continue 
to use Maven 1. There are experiments going on in the sandbox with Maven 
2 builds with various degrees of success.

For more reading, please see the wiki:
   http://wiki.apache.org/jakarta-commons/CommonsCommitters
In particular the documents ReleaseShoppingList, CreatingSiteWithMaven2 
and MavenPlugins.

If you need a hand with the Maven 2 build for Commons Proxy, let me know 
what the problem is and I'll see what I can do.

    ",2,test
426,2_1932,0.0,0.0,0.0,1.0,0.0,0.0,0.0,0.0,0.0,0.0,1.0,"Re: enclosure separation/turnoff 
  <quotation> It should work fine if you make sure that one VG is mapped onto
the disks in one box only. Then LVM will only find the VGs that 
are available.
  <closing>  ",2,test
427,2_1935,0.0,0.0,0.0,1.0,0.0,0.0,0.0,0.0,0.0,0.0,0.0,"Re: Latest Flash 
  <quotation> That looks like the same version synaptic found me.
   Felix Miata  ***  http://mrmazda.no-ip.com/",2,train
428,2_1940,0.0,0.0,1.0,1.0,0.0,0.0,0.0,0.0,0.0,0.0,1.0,"tuner, code for discuss 
 <salutation> Sorry my delay. I was busy with our new tuner, make PCB layout and other.
Now I am free for write some code.

This diff has new tuner definition. 
1. By default charge pump is ON
2. For radio mode charge pump set to OFF
3. Set correct AGC value in radio mode
4. Add control gain of AGC. 
5. New function simple_get_tv_gain and simple_set_tv_gain for read/write gain of AGC.
6. Add some code for control gain from saa7134 part. By default this control is OFF
7. When TV card can manipulate this control, enable it.

I don't understand how to correct call new function for read/write value of AGC TOP.

What you think about it??

  <raw_code>  <log_data>  <raw_code>   ",2,train
429,2_1944,0.0,0.0,1.0,0.0,0.0,0.0,0.0,0.0,0.0,0.0,1.0,"Using undo from code? 
 <salutation> I have the following function:

(defun se:move-past-close-and-just-one-space ()
  ""Move past next `)' and ensure just one space after it.""
  (interactive)
  (up-list)
 <raw_code> I decided that I want consecutive invocations of the function to
undo the (just-one-space) of the previous invocation.  I thought
""easy, I just utilize last-command and undo"" and thus wrote:

 <raw_code>   ""Move past next `)' and ensure just one space after it.""
  (interactive)
 <raw_code>   (up-list)
 <log_data> But this doesn't really work and I cannot even explain how it does
not work; it behaves pretty erratically.  I can only give two
examples.  Let's say that the function is bound to s-n.  Given

M-( M-( M-( s-n s-n s-n

the behaviour is expected except after the last s-n; in that case
the effect of the last just-one-space is not undone.  I.e. it works
twice but not three times.  Also, given

M-( M-( M-( s-n s-n C-_

I end up with

 <raw_code> instead of

 <raw_code> where the latter is what I want.  I guess I would have understood
((() )<point>) as well.

It seems clear that my attempt to use undo this way was not exactly
a good idea.  Or perhaps the idea of using undo is ok, but I need
to generate undo information in a way specific to my function.
What approach would you suggest?

  ",2,train
430,2_1945,0.0,0.0,1.0,1.0,0.0,0.0,0.0,0.0,0.0,0.0,1.0,"Re: Should we change from CGP to Exchange Server? 
 You can have better anti-spam tools with CGP.  Use of blocklists: 
sbl-xbl.spamhaus.org is very effective.  CGP 4.2 supports 
SPF/CallerID.  You can setup SpamAssassin.   I don't think you can do any 
of that with Exchange.  Or at least it would cost more on top of the costs 
for Exchange.

Are you using the CGP MAPI Connector?  If people want to use Outlook (many 
people seem to want to use it) the CGP MAPI Connector gives you the 
functionality of Outlook on Exchange.

 <closing>  <quotation>",2,train
431,2_1946,0.0,0.0,0.0,1.0,0.0,0.0,0.0,0.0,0.0,0.0,1.0,"RE: Re: Where the heck is Bitchx? 
  <snip super long line>
 <quotation> Ok I went ahead and did that and it still showed no errors. I did want
to mention that this is my work laptop, so I have a big habbit of not
changeing things to often.

There were a few warnings but no errors.

 <raw_code> <log_data> I can send the output.txt if you like. Still kinda stumped as to what is
causing this to happen.

 <closing>  ",2,train
432,2_1947,0.0,0.0,1.0,0.0,0.0,0.0,0.0,0.0,0.0,0.0,1.0,"Re: TOM's MAT 
 With which program can we read .gp files ?

 <closing>  <quotation> ",2,train
433,2_1950,0.0,0.0,0.0,1.0,0.0,0.0,0.0,0.0,0.0,0.0,0.0,"[opennms-cvs] SF.net SVN: opennms:[10828]
	opennms/branches/1.6-testing 
 <tabular> <log_data>  <log_data>  This was sent by the SourceForge.net collaborative development platform, the world's largest Open Source development site.

    ",2,train
434,2_1955,0.0,0.0,0.0,0.0,0.0,0.0,0.0,0.0,0.0,1.0,,"Re: Subversion 
    ",2,train
435,2_1959,0.0,0.0,0.0,1.0,0.0,0.0,0.0,0.0,0.0,0.0,0.0,"Re: ISP Infedelity / Touchy-Feelly Photons 
  <quotation> my apology -- the comment of attributon is of course 
withdrawn.

 <closing>",2,train
436,2_196,0.0,0.0,0.0,1.0,0.0,0.0,0.0,0.0,0.0,0.0,0.0,"Re: Newbie needs help ""addField"" 
 I'm not sure I understand how you are using Lucene without writing code, 
but here goes
(NOT tested)
 <log_data> <raw_code> org.apache.lucene.document.Field.Store.YES,
 <log_data> The id gets stored in a field called ""id"", and the text in a field called 
""text""

Then when you search you can
IndexReader indexReader = IndexReader.open(directory);
 <raw_code> ",2,train
437,2_1963,0.0,0.0,0.0,1.0,0.0,0.0,0.0,0.0,0.0,0.0,0.0,"Re: Skype's sound volume too low 
 I opened a ticket for this: https://bugs.maemo.org/show_bug.cgi?id=1645",2,val
438,2_1972,0.0,0.0,0.0,1.0,0.0,0.0,0.0,0.0,0.0,0.0,0.0,"Re: Restructuring the database objects 
 <salutation> <quotation> If base20.py is only used by ImportGrdb.py (which would be totally awesome!), it can be moved into plugins/lib. A nice name for it would be ""libgrdb.py"".

 <closing>  ",2,train
439,2_1973,0.0,0.0,0.0,1.0,0.0,0.0,0.0,0.0,0.0,0.0,0.0,"Re: SV: eggzil update 
 ""And the voice of the Turtle(Bay) is heard in our land....""! Not only is 
""eggzil"" more mnemonic than ""egil2gzhdss"", it's also a whole lot easier to 
say!    Roger & out. 



   ",2,train
440,2_1974,1.0,0.0,0.0,0.0,0.0,0.0,0.0,0.0,0.0,0.0,0.0,"Re: What happen to gnome-look? 
 Good to know thanks!


  ",2,train
441,2_1975,0.0,0.0,1.0,0.0,0.0,0.0,0.0,0.0,0.0,0.0,1.0,"Re: Request Reader 
 what happens if you directly use the input stream instead?

req.getInputStream( )

 <closing>  <quotation>",2,train
442,2_1976,1.0,0.0,0.0,1.0,0.0,0.0,0.0,0.0,0.0,0.0,0.0,"Re: IPsec tunnels question 
 <quotation> Thanks Robert, but I've never been able to get that option to work.  I'm 
guessing it's a minor bug that will be fixed some time down the road.

Thanks for the reply Robert and Merry Christmas!

 <closing>",2,test
443,2_1979,0.0,0.0,1.0,0.0,0.0,0.0,0.0,0.0,0.0,0.0,1.0,"Re: lifeview dvb-t hybrid, how to get it work? 
 <salutation>  <quotation> Looks like your card is not known yet.
In order to help you, we need more information.
I assume its a PCI card. Pure DVB? Can you identify the main chips on the
card? This would help us to propose a starting point.

 <closing>  ",2,train
444,2_1980,0.0,0.0,0.0,1.0,0.0,0.0,0.0,0.0,0.0,0.0,0.0,"Re: almost a HOWTO: RHASv3 and RT3.0.8 
  <quotation> This problem has been fixed in Fedora in httpd-2.0.48-1.2. It's Redhat bug 
#108080. They were nuking a bunch of devel files they didn't think anyone 
actually needed. Little did they know.... :)

 <closing>     Have you read the FAQ? The RT FAQ Manager lives at http://fsck.com/rtfm",2,train
445,2_1986,0.0,0.0,1.0,0.0,0.0,0.0,0.0,0.0,0.0,0.0,1.0,"cannot remove child entity 
 <salutation> i've 2 entity.



parent:



 <raw_code> child:

 <raw_code>     @ManyToOne

 <raw_code> code for deleting child entity:



 <raw_code>  <raw_code> but when I commit, the child is not removed? why?



pls help



 <closing>",2,train
446,2_1987,0.0,0.0,1.0,1.0,0.0,0.0,0.0,0.0,0.0,0.0,1.0,"Re: covert from vpasswd to mysql problems 
  <quotation> Did you follow the advice at the start of the UPGRADE file in vpopmail?

   When recompiling vpopmail, you need to recompile all binaries that link
into the vpopmail libraries.  These include QmailAdmin, qmail-smtpd (if
you have the chkuser patch applied), Courier-IMAP etc.
   ",2,train
447,2_1988,0.0,0.0,0.0,1.0,0.0,0.0,0.0,0.0,0.0,0.0,0.0,"RE: Win XP Failed to connect to server 
 <salutation> <quotation> No he doesn't.  The syntax is one of:

 <raw_code> Or

 <raw_code> With the caveat that <display number>s of 100 and above are assumed to
actually be port numbers, which is why the version you suggest will also
work.

 <closing>   ",2,test
448,2_1989,0.0,0.0,1.0,0.0,0.0,0.0,0.0,0.0,0.0,0.0,1.0,"check_recipient_access and [45]NN, unexpected results 
 <salutation> I am experiencing a slight oddity with my check_recipient_access-settings. I 
am running postfix 2.0.16-20031231.

The check_recipient_access in question goes like:
DEXdUqQ8sXZtyO3y@example.com    550 Spamtrap

When I now run a manual SMTP-session, I end up with:

[...]
  <raw_code> The word ""Spamtrap"" is used nowhere else, so the correct entry seems to be 
used. What irritates me is the 450 -- should this not read 550? Where did I 
go wrong?

Any enlightening insight is greatly appreciated.

 <closing>",2,train
449,2_1990,0.0,0.0,0.0,1.0,0.0,0.0,0.0,0.0,0.0,0.0,0.0,"[ZWeb] T-minus an hour or so for new zope.org :) 
 As threatened, ...er promised, we are going to switch over to 
the new zope.org this afternoon. :)

The site will be intermittently weird and unavailable for a 
short while this afternoon (EST) while we make the switch, change 
DNS, etc.



  Zope Corporation   http://www.zope.com 


  ",2,train
450,2_200,0.0,0.0,0.0,1.0,0.0,0.0,0.0,0.0,0.0,0.0,0.0,"[Bug 137460] evolution des not save changes 
 <tabular> Binary package hint: evolution

Evolution does not save changes to TODO List

- mark a task as ""completed"" (in you local default calendar)
- exit evolution
  - your task is ""0% completed"" again

No way to save TODO lits changes explicitly (no manual ""save"" command)

 <tabular> <log_data> <tabular>   https://bugs.launchpad.net/bugs/137460
 ",2,train
451,2_201,0.0,0.0,0.0,1.0,0.0,0.0,0.0,0.0,0.0,0.0,0.0,"NetBoot advanced examples webpage unavailable (not found) 
 <salutation> It seems that the netboot advanced examples are not present on the
jboss website:
http://www.jboss.org/index.html?module=html&op=userdisplay&id=demos/netboot
the link 'here' (bottom of the webpage:
http://www.jboss.org/netboot-advanced.jsp)
does not work :-(

WS



  ",2,train
452,2_202,0.0,0.0,0.0,1.0,0.0,0.0,0.0,0.0,0.0,0.0,0.0,"DRM and the Nouveau kernel tree 
 <salutation> I think it is safe to say, that the drm.git Nouveau kernel modules are
now abandoned. The build has been broken for several days. The replacement
is the Nouveau kernel tree. I have been updating the instructions in the
wiki, so you should get all the information there.

The InstallDRM guide should now be complete, there are even *small* daily
snapshots for people who fear 'git clone' ;-)

I updated InstallNouveau, but I have not touched any of the special
guides for various distributions. I hope the authors or users of those
guides will update them as needed.

Currently the kernel tree has three branches:
- master
- newttm-devel
- newttm-devel-compat

There should also be a master-compat, that comes when someone has the
time to create it.

Master branch is currently ""recommended"", but it won't build against
anything before 2.6.31-rc1, and that -rc1 was (so I hear) quite buggy.
Waiting for -rc2 might be good.

Newttm-devel is an older experiment with a kernel tree, but it should
still work with 2.6.30. If you have an earlier kernel, you may have
to use the newttm-devel-compat branch, which contains compatibility
patches to build against 2.6.28 - 2.6.30. These won't build with
2.6.31-rc1 or later.

Newttm-devel branches are being phased out, and in the future
master branch is *the* branch. Or master-compat, if you have an
older kernel and need a compatibility patched version.

Is Nouveau going into mainline soon?
Not soon, but I can only guess. Most likely Nouveau will go into
staging first, which means it doesn't have to have a completely
frozen user ABI, but there has to be ""a plan to get out of staging"".

Thanks to Ben (darktama) for the Nouveau kernel tree.

  ",2,test
453,2_204,0.0,0.0,0.0,1.0,0.0,0.0,0.0,0.0,0.0,0.0,0.0,"Re: HyperTerminal connection to M102 
 TEENY/DeskLink combo [ http://www.club100.org/catalog.html#hotsetup ] is
freeware.  Fastest possible transfer speed (19200 Baud), unrestricted in
file types (BASIC, textual, and binary) that can be transferred -- it puts
the TELCOM/HyperTerminal combo to shame.

    <quotation>",2,val
454,2_210,0.0,0.0,0.0,1.0,0.0,0.0,0.0,0.0,0.0,0.0,0.0,"Re: Bug Tracking 
 I would not do that:

- since you run trac yourself, you have the full control 
  (launchpad is not free and you can not install your own system.
   I wrote a mail t canonical (some time ago) and they told
   me there is no plan to make a free installable version of launchpad)

- trac is *fast* (I use it myself)

- trac is simple (and pythonic of course)

- the trac gui is easy, launchpad looks like overkill
  to me if using it seldomly to look into it as ""visitor"".
  (and the gui is slower than trac)

- for trac there are a lot of plugins on trac-hacks.org
  which are easy to install

- trac is python only (OK clearsilver is sometimes a problem,
  but will dissapear in 0.11) no need for a big bunch
  of dependencies (like mysql and I don't remember what for bugzilla)

And at the end:

The problem I see is that some people just don't care about
tickets like the only 2 ones I filed:

http://dev.plone.org/plone/ticket/7020
http://dev.plone.org/plone/ticket/7021

(The only action was that the tickets were assigned to brcwhit,
and then came thebig silence)

If I file a ticket, and after months I see that nobody has
at least added a comment like ""will look at it in a month"",
I must assume that the responsible developer is no more
working on this, and that the problem will never be solved.

So, for me today the new ""wiki like""  functionality doesnt work
in 
plone 3.0
plone 3.0.1
plone 3.0.2
plone 3.0.3
 <tabular>  ",2,train
455,2_211,0.0,0.0,1.0,1.0,0.0,0.0,0.0,0.0,0.0,0.0,1.0,"Re: compiling asterisk on SuSE Linux 9.3 fails:
	illegal instruction 
  <quotation> What optimization flags did you use?

Generally setting PROC=i586 is safe.

     http://lists.digium.com/mailman/listinfo/asterisk-users
 ",2,test
456,2_212,0.0,0.0,0.0,1.0,0.0,0.0,0.0,0.0,0.0,0.0,0.0,"Re: import project into Eclipse 3.4 
 If you're just trying to import it into Eclipse, then you should just
create an Enterprise ear project and a Dynamic Web Project and add the
source code to the Dynamic Web Project. Make sure you select your
compiler and that you add the Dynamic Web Project. Or, maybe the
configuration files for Eclipse that seem to be already present (the
.classpath is a tell) will work if you just import the project into
Eclipse? Either way, importing into Eclipse by setting up a Maven
project is a long way around.

If you had a valid Maven project structure, then you'd just run mvn
eclipse:eclipse and it would generate working Eclipse project
descriptors (the .classpath/.project I just mentioned) ear/war
configuration that you could then use to import into Eclipse.

Sorry if this doesn't answer the question entirely, but hopefully it
will be insightful.

 <closing>  <quotation>  ",2,test
457,2_215,0.0,0.0,0.0,1.0,0.0,0.0,0.0,0.0,0.0,0.0,0.0,"Re: [Linux-fbdev-devel] Re: [PATCH] save_flags/cli in drivers/video/pm3fb.c 
 <quotation> I just finished the low level driver api. It pretty much is set in stone. 
I might remove fg_color and bg_color in struct fb_image but that is a 
maybe and a small issue. I'm going to add software rotation in tonight. 
Then after that start cleaning up fbcon.c itself. You can grab the latest 
patch against 2.5.49 at

http://phoenix.infradead.org/~jsimmons/fbdev.diff.gz

It works and several drivers work. 



  ",2,test
458,2_224,0.0,0.0,0.0,1.0,0.0,0.0,0.0,0.0,0.0,0.0,0.0,"RE: [NF] Mere Mortals .NET 
  <quotation> The documentaation from Oakleaf is superior to the book from Rocky.  If you
have a question you can go to the UT for answers quickly in MM.Net.  

CSLA isn't that good for questions on Rocky's site.

For controls then MM has it WIRED.      

 <closing>  ""A good way to judge people is by observing how they treat those who
    can do them absolutely no good."" ---Unknown

http://spaces.msn.com/members/srussell/

   ",2,train
459,2_229,0.0,0.0,0.0,1.0,0.0,0.0,0.0,0.0,0.0,0.0,1.0,"Website update 
 I have eagerly visited your webiste looking for additional news on the PIM  
with out any success.

I just can't believe that since Feb of 2008 there have been no news or  
updates on the PIM.

    ",2,train
460,2_231,0.0,0.0,1.0,0.0,0.0,0.0,0.0,0.0,0.0,0.0,0.0,"SVN:  [16969] trunk/ubuntu/autoinstall 
 <tabular> <log_data>  * Try an alternative partitioning scheme using not-used swap partitions
   for Squids.

 <tabular> <log_data>  <tabular>  <log_data>  <raw_code>",2,train
461,2_232,0.0,0.0,1.0,1.0,0.0,0.0,0.0,0.0,0.0,0.0,1.0,"Re: [Evolution] How to find an Exchange Global Catalog server name? 
  <quotation> If you're running outlook 2k3, you can hold down the <ctrl> key and
right-click on the outlook icon in the system tray, then select
""connection status"".  This will show you all the msexchange servers you
are connected to at the moment.  Depending on how your msexchange
environment is set up, this might also come in handy in finding your
public folder server as well (the machine that holds other msexchange
 <log_data> <quotation> AFAICT, there does need to be some kind of configuration change on the
server, but I'm not sure what it is.  Maybe the server has to support
plain-ol ldap queries, and doesn't by default?  I know that evolution
can talk to some of the GAL servers inside HP, but not all of them.

  ",2,train
462,2_234,0.0,0.0,1.0,1.0,0.0,0.0,0.0,0.0,0.0,0.0,1.0,"Re: tomcat 5.5.9 basic config 
 Thanks for the advice about moving the context tag. I moved it as you
suggested and it works the same.

But, that doesn't answer the question, how do I get it so when someone
browses to my webapp root they get the default page, say index.jsp,
instead of a directory listing. I don't want user's to go to a
directory. 

The reason I ask is none of my pages that use relative urls are
displaying correctly (a helloworld.jsp works fine), my suspiscion is
this extra directory level is throwing the relative urls off (see 
http://gus.csbc.vcu.edu:8080/crypto/)







  <quotation>",2,test
463,2_239,0.0,0.0,1.0,0.0,0.0,0.0,0.0,0.0,0.0,0.0,1.0,"scripts repository 
 in debian based linux distros, you can type the following..
   apt-get install program
...and the system will download the appropriate files to install that program

does vim offer anything like this? if not how hard would this be to implement?",2,train
464,2_246,0.0,0.0,0.0,1.0,0.0,0.0,0.0,0.0,0.0,0.0,0.0,"opencore r10513 - in build/topp.build.wordpress/trunk/topp/build/wordpress/wordpress-mu: wp-admin wp-includes/js 
 <tabular> <log_data>       <!-- Load up the actual editor core -->
   ",2,train
465,2_251,0.0,0.0,0.0,0.0,0.0,0.0,0.0,0.0,0.0,1.0,,"GNOME CVS: gimp cneumair 
 <tabular> <log_data> <tabular>",2,train
466,2_254,1.0,0.0,0.0,0.0,0.0,0.0,0.0,0.0,0.0,0.0,0.0,"Re: [PATCH] cs46xx SPDIF input && some cleanups && bug fixes 
  <quotation> thanks, got it.


 <closing>  ",2,test
467,2_261,0.0,0.0,0.0,1.0,0.0,0.0,0.0,0.0,0.0,0.0,0.0,"Re: Unihan.txt and the four dictionary sorting algorithm 
  <quotation> This is not a safe assumption.  There are 37 cases where the kIRGKangXi 
field ends in 0 but the kKangXi field is different.  (There are 252 
instances total where the two fields differ.)

 <quotation> I'm not sure why you feel a need to recreate the four-dictionary 
sorting algorithm in the first place because it's really arbitrary and 
not all that useful in real life.  In any even, it's (theoretically) 
based on the kIRGxxxx fields.  The others are needed really only if you 
want to look the character up in the dictionary in question.

Also, even though the full Unihan database is 25+ Mb in size, given the 
cheapness of disk space nowadays, it's not all *that* big, surely.

   http://homepage.mac.com/jhjenkins/",2,train
468,2_264,0.0,0.0,1.0,0.0,0.0,0.0,0.0,0.0,0.0,0.0,1.0,"RE: Need SQL Help Finding Current Status of members 
 That is the ENTIRE table definition. It is NOT a partial definition. Look at
the key. I guess it is possible to have a person go from active to inactive
to active. I'll have to look at that again. A status will not change every
day. Maybe once a year or less. But it looks like that will have to be
revisited and changed.

What version did I not tell you about? I thought I put MySQL 4.1.15 in
there. May have forgotten to do that.

     Responses blended in...(see below)

  <quotation>   What makes one row unique from all of the others? It's usually more
helpful to post the ENTIRE table definition.

 <quotation>   That isn't normally a problem except that your data is only accurate to
the nearest day. Working just from the partial table definition you posted,
I can think it is reasonable for someone to have more than one status code
during the same day. That makes it impossible (using just the columns you
showed us) to determine which happened first or last during a particular
day.

 <quotation>   Who said that MAX() didn't work with dates? In fact, MAX actually is the
""latest date"" function you asked about.

 <quotation>   Since you didn't say what version you are using (later versions provide
more solution options) I must assume the worst and refer you to the
documentation for the older versions. In this, you will find an article
describing how to isolate those records containing the maximum of a group.

  http://dev.mysql.com/doc/refman/4.1/en/example-maximum-row.html

  If you read through this and can't figure out how to make the example work
for your situation, please come back to the list and I am sure someone can
help you with additional details.

 <closing> ",2,val
469,2_270,0.0,0.0,0.0,1.0,0.0,0.0,0.0,0.0,0.0,0.0,0.0,"Re: boot problems on VIA EPIA boards - patch 
  <quotation> Well I figured dosboot is one self contained target, so it would be 
easier.  Rather than figuring out how to build /usr/mdec/*,  and I'm 
not up to date with the new file names vs biosboot.sym of 1.6 -- it's 
possible I didn't build correctly though.",2,train
470,2_271,0.0,0.0,1.0,0.0,0.0,0.0,0.0,0.0,0.0,0.0,1.0,"Change in audio level reporting / click in incoming audio stream? 
 I'm working with the latest version of the library and seem to have a 
few strange issues.  I'm thinking it's an alignment issue on my end 
(don't ask) but I wanted to make sure it's not some change in the lib 
that I missed...

I seem to be getting very strange level values back from the level 
event.  When there is no active call, I get -99 as the input and output 
value.  When I have an active call, I get this:

 <log_data> <raw_code> <log_data> Any quick guess as to what I have got going on?  It used to bounce 
between zero and 1.

Another issue - a strange click or pop every 3-4 seconds on the incoming 
audio stream.

Ring any bells?

 <closing>",2,test
471,2_272,0.0,0.0,0.0,1.0,0.0,0.0,0.0,0.0,0.0,0.0,0.0,"Re: GRUB Question 
  <quotation> Great tip, thanks. 

It would be nice if installers just gave us the option to skip 
the boot-loader install altogether. I suppose installer writers
worry that that would cause too much confusion.




   ",2,train
472,2_276,0.0,0.0,1.0,0.0,0.0,0.0,0.0,0.0,0.0,0.0,1.0,"Re: Link and Input 
 are you saying we introduce the alt attribute? Then wicket would be very
good! :)

But wicket tries to resolve all relative links to absolute
So how do you other things look? Are those also relative links?

see the PrependContextPathHandler for the place that does this.

 <closing>  <quotation>  ",2,train
473,2_277,0.0,0.0,0.0,1.0,0.0,0.0,0.0,0.0,0.0,0.0,0.0,"Re: Mouse goes to sleep? 
  <quotation> Do watch for silent disk errors.  As disks retry sometimes cause stuff
to just stop.


    ",2,train
474,2_279,0.0,0.0,1.0,0.0,0.0,0.0,0.0,0.0,0.0,0.0,1.0,"FreeBSD Port: openoffice-1.0.0 
 Is a precompiled package of this port expected in the next days/weeks?


 <closing>   ",2,train
475,2_285,0.0,0.0,0.0,1.0,0.0,0.0,0.0,0.0,0.0,0.0,0.0,"Re: Problems with E1000: Detect TX hang 
 Here's another tcpdump trace that I did, it shows invalid packets as 
another host on the same private subnet did not catch any of these 
weirds packets:

 <raw_code> <log_data>  <log_data>  <quotation>  ",2,train
476,2_294,0.0,1.0,0.0,0.0,0.0,0.0,0.0,0.0,0.0,0.0,0.0,"Re: Unstable Liferea 1.7.0 
  <quotation> I might give it a try, but tonight was I trying to update the devel
version in our distro.  I really don't want to add an svn version.

Maybe I will check out the revision and create a patch.

 <closing>      ",2,test
477,2_298,0.0,0.0,0.0,1.0,0.0,0.0,0.0,0.0,0.0,0.0,0.0,"Re: Has memcheck a bug, or is it me? (resend) 
 <salutation> Thanks for your reply.

  <log_data> <quotation> It didn't get NULLed out yet. I changed that now, and most of the 
messages about leaked memory are gone, three remained. Two of the 
messages can be explained (and while they can not be easily changed this 
doesn't hurt), and the third remaining message is the one you quote above.

I ensured that this chunk of memory get's freed, and the pointer is set 
to zero after that as well... but the message still remains.

 <closing>  ",2,test
478,2_301,0.0,0.0,0.0,1.0,0.0,0.0,0.0,0.0,0.0,0.0,0.0,"Re: Node Permissions: Benchmarks Requested 
 I'm interested in those results too. I don't currently have a good 
benchmarking setup :(

 From the looks of the code, the impact should be minimal. One extra 
join and a relatively light addition to the WHERE section. Nice work.

 <quotation>",2,test
479,2_302,0.0,0.0,1.0,0.0,0.0,0.0,0.0,0.0,0.0,0.0,1.0,"Same Error, .tar.gz didn't work for me 
 I tried doing the suggested fix (making it a tar.gz file) but I am
still getting ""connection interrupted"" errors. Any suggestions?

 <closing>",2,test
480,2_304,0.0,0.0,1.0,1.0,0.0,0.0,0.0,0.0,0.0,0.0,1.0,"Re:Problems in Dead Gateway Detection / Failover -
	MultipleISP Links 
 <salutation> I am also trying to do the same for my network. 
I have two links from different ISPs and I want to configure a failover and
load balancing Linux router.
 
I am facing same problem here, that how to detect link failure and let Linux
box switch the gateway.
 
I know it works when the first gateway is physically down and not reachable.
But what to do if my link is up but there is problem at nexthop level and
its not routing packets to destination. 
 
Please tell me if this can be overcome by setting multipath routing. 
 
Another way I can think of doing this is to use a script which will check if
the default route is alive every 15 mins and if not it will make changes in
routing table and route the packets through different link.
 
I don't know if this is the best way to do this. If any one know how to do
this better please share. 
 
If you guys thinks this can work, lets help each other to write such scrip.
 
I am new to LARTC and just now started learning it to solve my network
problems.
 
Please help me to achieve this.
 
 <closing>  ",2,train
481,2_306,0.0,0.0,0.0,1.0,0.0,0.0,0.0,0.0,0.0,0.0,0.0,"Re: Gnome and Gtk project templates 
  <quotation> That should certainly be taken into account or at least make it a
consideration somehow.

 <quotation>",2,train
482,2_311,0.0,0.0,1.0,1.0,0.0,0.0,0.0,0.0,0.0,0.0,1.0,"Re: Re: Getting to receive anything w/ Terratec 1200 DVB-T 
  <quotation> I at least needed some sort of initial tuning data file before I could scan 
channels. Do you have Kaffeine? If you do, you might find a suitable initial 
tuning data file there for your area. I was lucky enough that fi-turku was 
there. For sat, I had to make my own Eurobird1 file in order to find my 
channels. Check ~/.kde/share/apps/kaffeine (I have Kubuntu) There is a dvb-t 
directory  there. You could download Kaffeine, even if you don't use it, to 
look through those dvb-t initial tuning data files. (I use it and it is good)
Try different files that you think might work. scan will be able to use those 
file to try to make a channels.conf for you, that is if one works. Also, if 
worse comes to worse, call Digitenne and ask them what their settings are. 
Even if the channels are encrypted, you should still be able to
find them by name when scanning. Just ""scan -c"" may never find anything.


 <closing>  ",2,train
483,2_312,0.0,1.0,0.0,1.0,0.0,0.0,0.0,0.0,0.0,0.0,0.0,"[Bug 149977] Re: baobab crashed with SIGSEGV in g_slice_alloc() 
 We are closing this bug report as it lacks the information, described in
the previous comments, we need to investigate the problem further.
However, please reopen it if you can give us the missing information and
don't hesitate to submit bug reports in the future.

 <tabular>   https://bugs.launchpad.net/bugs/149977
 ",2,train
484,2_313,0.0,0.0,0.0,1.0,0.0,0.0,0.0,0.0,0.0,0.0,0.0,"Compact Flash bug 
 in 2.4.18  the routine which is determining if Compact Flash
has  Sandisk  spelled SunDisk.


  ",2,train
485,2_314,0.0,0.0,0.0,1.0,0.0,0.0,0.0,0.0,0.0,0.0,0.0,"Re: Deleting attachment from signed email 
 <technical>  <quotation> Fair enough.

 <quotation> Mutt has a few helpful functions (that you can bind to keys) that may 
be useful for addressing this sort of problem. Namely, there's 
decrypt-save and decode-save. You can bind them to keys like this:

    bind index \eC decode-save # press escape-C to trigger

In the index, if you type a question mark, mutt will show you what 
keys are bound to what functions. The tricky bit is that decode-save 
can remove all the headers and such, depending on your other mutt 
options (I think there's a combination that can be used to preserve 
the headers, but I'd have to dig through the documentation to figure 
it out). decrypt-save Might be more to your liking, but it only strips 
out encrypted messages (i.e. I don't think it will take signing off of 
a message). However, it probably relies on $pgp_decrypt_command, which 
you can fiddle with to maybe get what you want done.

Good luck! hope that helps

 <closing>  <technical> iD8DBQFHRwdVBkIOoMqOI14RAlXYAKCd85GmOf1NvDEcSiAtnKZbe/G7RQCdFfWC
 <technical>",2,train
486,2_315,0.0,0.0,0.0,1.0,0.0,0.0,0.0,0.0,0.0,0.0,0.0,"Bug#476092: xulrunner_1.9~b5-1(hppa/experimental): FTBFS: invalid conversion from 'const GREProperty*' to 'GREProperty*' 
  <quotation> It failed on hppa which uses 4.2 and on s390, which uses 4.3. So this
doesn't actually seems to be gcc version dependent.

 <closing>  ",2,val
487,2_320,0.0,0.0,0.0,1.0,0.0,0.0,0.0,0.0,0.0,0.0,0.0,"Re: Akamai streaming cluster on APE. 
 <quotation> hmm... try telling that to Patrick Gilmore, the peering coordinator for
akamai - one of the most vocal peering guys in europe.

how long ago was it that peering was a dirty word for akamai?

 <closing>  ",2,val
488,2_322,0.0,0.0,0.0,1.0,0.0,0.0,0.0,0.0,0.0,0.0,0.0,"[PATCH 0/3] A kernel tracing interface (updated) 
 These patches provide a kernel tracing interface called ""trace"".

  -Added ""Examples of user interface"" to doc.
-Fix state write to match only on exact commands.
 <log_data> -Added a new example that demonstrates per-cpu continuous tracing
 of data generated using marker probes.
-Removed inline from relay patch.
 <log_data> The motivation for ""trace"" is to:
- Provide a simple set of tracing primitives that will utilize the high-
  performance and low-overhead of relayfs for passing traces data from
  kernel to user space.
- Provide a common user interface for managing kernel traces.
- Allow for binary as well as ascii trace data.
 <log_data> Patches are built against 2.6.25-rc2-mm1.
Tested on: 2.6.25-rc3

 <tabular> <log_data> Note: Patch 1/3 provides a service used by patch 2/3
thus must be applied first or at the same time.

 <tabular>",2,train
489,2_324,0.0,0.0,0.0,1.0,0.0,0.0,0.0,0.0,0.0,0.0,0.0,"Re: [Devel] [PATCH] Virtual ethernet device (tunnel) 
  <quotation> Alexey said, that he preferred the name ""veth"" to ""etun"".
So an incremental patch would look too bad.

 <quotation>  ",2,train
490,2_326,0.0,1.0,0.0,1.0,0.0,0.0,0.0,0.0,0.0,0.0,0.0,"Re: Static compilation of hello world 
  <quotation> so this works:
 <quotation> and this doesn't:
 <quotation> try this:
 <raw_code> <closing> PS:
I sincerely hope I'm wrong ;-)",2,train
491,2_329,0.0,0.0,1.0,0.0,1.0,0.0,0.0,0.0,0.0,0.0,0.0,"Re: More descriptive prompt [was Re: Process exit in multi-process,  	and gdb's selected thread.] 
  <quotation> fwiw, I was actually proposing both.
Provide simple things (a la PS1 in bash parlance or whatever),
but also provide a way to run a (python) function to compute the prompt.",2,train
492,2_332,0.0,0.0,1.0,1.0,0.0,0.0,0.0,0.0,0.0,0.0,1.0,"Re: Using ""Not Like"" 
 The only problem with this is that it will also include Sub Administrator, App Administrator, and any other Administrator. One way to exclude the Administrator (Group 1) is to create a selection field and put no for 0 and yes for 1 and then have programming that calls the process: Application-Confirm-Group 1. It will set the field to either 0 or 1(See page of Work Flow Guide on page 245) and then you can have programming that runs if the field is set to No. 

 <quotation> Don't forget the %s.

NOT ($GROUPS$ LIKE ""%Administrator%"")

 <closing>      ** I believe the correct syntax is NOT ($GROUPS$ LIKE ""Administrator"").
I know it looks a little kludgey, but it works.

 <closing>   <salutation> We have an OOTB active link we want to make not run for
administrators.  It sets fields on TSK to read-only when a task is
closed, but we would like administrators to be able to re-open closed
tasks. While we could make an active link that runs after the one that
makes the field read only reverse that, I would like to add to the run
if condition of the original active link if possible.



However, to do this all I can think is to add something along
the lines of $GROUPS$ NOT LIKE ""Administrator"".  However, I don't think
you can do that.  



$GROUPS$ != ""Administrator"" doesn't work, we tried that.  It did
work when we did $USER$ != my user name.



Is there a way to do a ""not like""?  Or should I resign myself to
letting Remedy do what it wants and then un-doing it in a separate
action?


 <closing>  html___ 

    ",2,test
493,2_334,0.0,0.0,0.0,1.0,0.0,0.0,0.0,0.0,0.0,0.0,0.0,"Re: Architecture Help: OpenVPN 
  <quotation> My main concern is managing the firewall policy for all these links as I 
believe there will be many of them in the future. Thus, I'm really 
asking which of the above, or other, architectures will be best suited 
to shorewall.

 <closing> A.",2,test
494,2_344,0.0,0.0,0.0,1.0,0.0,0.0,0.0,0.0,0.0,0.0,0.0,"[PATCH] use __OS macro to indicate default oparand size
	on x86_32 and x86_64 
 use __OS macro to indicate default oparand size on x86_32 and x86_64.

 <tabular>  ",2,train
495,2_358,0.0,0.0,1.0,0.0,0.0,0.0,0.0,0.0,0.0,0.0,1.0,"Counting Homopolymer regions 
 <salutation> Is there a quick way to find the homopolymer stretches in the contigs and
also report their base start and end positions.

 <closing>   <closing> ",2,test
496,2_359,1.0,0.0,0.0,1.0,0.0,0.0,0.0,0.0,0.0,0.0,0.0,"OT: Memorial Day 
 <salutation> Just wanted to drop this to all the cardboard warrior brethren, it has never
been said better than this:

  It is the serviceman, not the reporter, that guarantees your freedom of
speech.
It is the serviceman, not the demonstrator, who guarantees your freedom to
peaceably demonstrate.
It is the serviceman, not the lawyer, who guarantees your freedom to a fair
trail.

It is the serviceman who salutes the flag, who serves under the flag, and
whose coffin will be draped by that flag that guarantees the absolute right
of a protester to burn that flag.

To all who have served, my heartfelt thanks to brothers in arms.

 <closing> GySgt J. Halfin, USMCR (Ret. 4/7/05).

  ",2,train
497,2_360,0.0,0.0,0.0,1.0,0.0,0.0,0.0,0.0,0.0,0.0,0.0,"Re: Which Laws would you change, and why? 
 Mr. Guthrie's inability to read Law 76 as applying to AT THE TABLE actions
by a spectator is obvious. I guess he believes that when an individual sits
down to watch a table in play he then remains a spectator for the rest of
his life. God forbid that he should ever even talk to a TD about anything he
has seen once the game is over. Further argument is indeed pointless when
faced with his wiggle about illegal communication being an 'irregularity'.

 <closing>   <quotation>  ",2,test
498,2_361,0.0,0.0,1.0,0.0,0.0,0.0,0.0,0.0,0.0,0.0,1.0,"Re: amrecover ""Tape is not a dump tape"" but amrestore works? 
 Just following up on my own message. I'll try and be more succinct;
maybe all my debugging info turned people off:

What does

 <quotation> mean?

 <closing>  ",2,train
499,2_363,0.0,0.0,1.0,1.0,0.0,0.0,0.0,0.0,0.0,0.0,0.0,"Re: D-Link DWL-520+ not configured, i386 3.2-stable 
  <quotation> ""HotAP"", rather.

 <log_data> <quotation> Make that ""Sohoware""

Damn speelchuck.


 <closing> <quotation>",2,test
500,2_367,0.0,0.0,0.0,1.0,0.0,0.0,0.0,0.0,0.0,0.0,0.0,"Re: Squid-2.7 vary failure w/ non-encoded objects? 
 Its logged in store.log ; you just have to know what to look for.

But yes, an explicit log for that would be good.



 <closing>  <quotation>",2,train
501,2_369,0.0,0.0,0.0,1.0,0.0,0.0,0.0,0.0,0.0,0.0,1.0,"Re: [Opie-devel] To all translators 
 GENERAL: do not reply to me privately I'm subscribed to the 
mailinglist!!!!!!!!!


 <quotation> it is inconvenient but unavoidable. Old strings are old, not used, wasting 
space and nothing more

 <quotation> wrong! what about the original english version of the string?
 <quotation> semi right. When we use <qt> inside the translation the translator does now 
that it is a richt text string and he might add <b> and other stuff..

 <quotation> This is really really bad. This would mean that the original string is still 
wrong, would lead us to maintain spell checking inside a different modul and 
we will never even merge it back to the real place. And on small devices 
installing en to get spell fixes is not an option!.

      ",2,test
502,2_371,0.0,0.0,0.0,1.0,0.0,0.0,0.0,0.0,0.0,0.0,0.0,"Re: EAC Not Intuitive - Alternatives? 
 I have used Feurio for many years.  It has a great data base built in
and it rips fast.  I run feurio's test on one of my CDROM drives and it
reports perfect copies at high speeds (peak about 40X).

I run EACs tests on the same drive and it won't let me rip faster than
about 6X.

I have yet to compare the .wav outputs from the two programs, but with
600+ discs to rip, guess which one I'm inclined to use?

 <technical>    ",2,train
503,2_372,0.0,0.0,0.0,1.0,0.0,0.0,0.0,0.0,0.0,0.0,1.0,"[jira] Created: (SOLR-942) Different Fields w/ same column and
 different names do not work 
 Different Fields w/ same column and different names do not work
  <tabular> the folowing example
 <raw_code> only nameSort is written to Solr name is not written

    ",2,train
504,2_379,0.0,0.0,1.0,0.0,0.0,0.0,0.0,0.0,0.0,0.0,1.0,"Re: [c-nsp] NAT/ACL options  in a PIX 
 <salutation> #thanks for the reply. So, host 5.6.7.8 wants to access that internal #host. would the access list to complete it look like this:?

access-list ACL_NAME permit TCP host 5.6.7.8 host 10.10.10.110 eq 8081


#Now if I get another request a to access different host (10.10.10.111). #could I reuse the same ip address (1.2.3.4) and do this:?

static (inside,outside) tcp 1.2.3.4 8080 10.10.10.111 8081 netmask 255.255.255.255 0 0
access-list ACL_NAME permit TCP host 9.10.11.12 host 10.10.10.111 eq 8081


  Since I am doing NAT 1 to 1 , I already allowed 1 external host to access an internal host(10.10.10.110) on port 8080
 
How can I allow another external hosts(different IP address) to access the same internal host (10.10.10.110) on port 8080? 

Hopefullly you can understand this last question

 <closing>  <quotation>  ",2,test
505,2_380,0.0,0.0,0.0,1.0,0.0,0.0,0.0,0.0,0.0,0.0,0.0,"Re: Ether-server-boot -- Server based etherboot
 project 
  <quotation> But the real real reason is to boot directly into emacs under X11 and 
open the current project file from disk on key ready to edit ;-)

 <closing>  ",2,test
506,2_381,0.0,0.0,0.0,1.0,0.0,0.0,0.0,0.0,0.0,0.0,0.0,"r54272 - in trunk/mcs/class/System.XML:
	Mono.Xml.XPath System.Xml.XPath Test/System.Xml.XPath 
 <tabular> <log_data>  	  once moved to parent. This method shoulr raise an error when it is
 <log_data> 	    which is based on .net 1.2 XPathDocument functionality.
	  - It was always doing AppendChild even if the operation is
	    InsertBefore or InsertAfter.

	* XPathEditableNavigatorTests.cs : added tests for InsertAfter and
 <log_data>  <raw_code>  <raw_code>  <raw_code>  <raw_code>  <raw_code>  <raw_code>  <raw_code>  <raw_code>  <raw_code>   ",2,train
507,2_382,0.0,0.0,0.0,1.0,0.0,0.0,0.0,0.0,0.0,0.0,0.0,"Re: How to remove ISM band filter (RFX900) 
 <salutation> The information is on: http://gnuradio.org/trac/wiki/UsrpDBoardRFX900

 <closing>  <quotation>",2,train
508,2_385,0.0,0.0,0.0,1.0,0.0,0.0,0.0,0.0,0.0,0.0,0.0,"Re: Perl and ASP.Net 
  <quotation> It actually shouldn't be a problem as long as you don't use their hosted version
of files and use local copies instead.

 <quotation> I don't really know of a good one that has a nice matrix like view for a
comparison. And any that do are way out of date. Like any framework, it really
depends on what you want. Do you want it to smooth over some of Javascript's
rougher edges? Do you want lots of pre-built widgets? Do you want commercial
support/backing? In reality most of the big ones (Prototype, Dojo, YUI, jQuery,
Mootools) are all pretty good and will probably do what you're looking for. From
my experience though, Prototype, jQuery and Mootools feel more Perlish (see, I
brought it back to Perl!) and Dojo and YUI feel more Javaish.

I do like http://ajaxian.com/. It mentions various tools, projects and
frameworks all the time.

  ",2,test
509,2_386,0.0,0.0,0.0,1.0,0.0,0.0,0.0,0.0,0.0,0.0,0.0,"Re: Re: Laptop freeze 
  <quotation> well, i agree with duncan on ~amd64. it's quite stable and baselayout2 is
only unstable if you compile it on a amd64 branch without doing the emerge
-e world after going with ~amd64 branch. but if you compile it when you
install your system is quite reliable. just be aware that the sabayon one
(if you have sabayon repo) will get installed instead of the gentoo one and
would lockup quite frequently.


 <quotation> i'm afraid that here i have to disagree with you. the rs690 and rs480
chipsets have a great power over the pc, to the extent of disabling magic
keys. until i've been able to setup in the proper way xorg, mesa dri and
kernel modules (after 2-3 days of work) i was able to get rid of the hard
lockups. ui think that this is due to the boards not having any memory and
to trying to lockup system memory assigned to other structures. this happens
to a big extent if you use gcc-4.3.1 that doesn't have anymore the fix for
memory write and read. for example when you compile the kernel with
gcc-4.3.x you risk to compile a kernel function that allocates ram in the
wrong way (the memory allocation is both to the right and to the left) and
overwrite ram spaces that shouldn't be overwritten. this is a very
superfluos explanation of the compiling structures removed in the lastest
gcc code to conform to ABI, that lead to kernel problems, done deliberately
in this way to have people understand the real problem. this is one of the
reasons why i'm still not using gcc-4.3.1 as default compiler. i'm still
afraid of this ABI conformation that with great probability has been ignored
by the various devels.
returning to the ati problems, i was talking about how the igp chipsets have
a great big of control over the system because of the direct system memory
access and because xorg still runs as root for ati. this is a very annoying
problem that has been partially cleared in the git drm and xf86-video-ati
code. i don't know if they already reached the stable releases, but i don't
remember seeing xf85-video-ati bumps in the last period (they uisually get
annouced quickly in the xorg-mailing list). fglrx also is quite annoying
with these igp boards for what i know but maybe the 8.6 that has been bumped
out some days ago has cleared this (but it's still not compatible with
xorg-1.4.2).

 <quotation>  ",2,train
510,2_388,0.0,0.0,0.0,1.0,0.0,0.0,0.0,0.0,0.0,0.0,0.0,"gcc/libffi ChangeLog src/types.c src/powerpc/d ... 
 <tabular> <log_data> <tabular> <log_data> <tabular> 	* src/powerpc/ffi_darwin.c: Add flag for longdouble return values.
 <log_data> 	values.
 <log_data> <tabular> http://gcc.gnu.org/cgi-bin/cvsweb.cgi/gcc/libffi/ChangeLog.diff?cvsroot=gcc&r1=1.191&r2=1.192
http://gcc.gnu.org/cgi-bin/cvsweb.cgi/gcc/libffi/src/types.c.diff?cvsroot=gcc&r1=1.15&r2=1.16
http://gcc.gnu.org/cgi-bin/cvsweb.cgi/gcc/libffi/src/powerpc/darwin.S.diff?cvsroot=gcc&r1=1.9&r2=1.10
http://gcc.gnu.org/cgi-bin/cvsweb.cgi/gcc/libffi/src/powerpc/darwin_closure.S.diff?cvsroot=gcc&r1=1.8&r2=1.9
http://gcc.gnu.org/cgi-bin/cvsweb.cgi/gcc/libffi/src/powerpc/ffi_darwin.c.diff?cvsroot=gcc&r1=1.12&r2=1.13",2,train
511,2_392,0.0,0.0,1.0,0.0,0.0,0.0,0.0,0.0,0.0,0.0,1.0,"gst-plugins-bad cleanup 
 <salutation> gst-plugins-base has ""examples"" as a top-level instead of havinig it
under ""tests"" like gstreamer/gs-plugins-base/gst-plugins-good.
Jan, could you move this around? I just added a ""dccp"" dir under
 <log_data> then also.

 <closing>  ",2,train
512,2_395,0.0,0.0,0.0,1.0,0.0,0.0,0.0,0.0,0.0,0.0,0.0,"Re: [jelly] VOTE: Use BeanUtils.copyProperty (Was Re: [Jelly] Use of BeanUtils.setProperty() method) 
 +1 as well if even mavenners say it's not a problem.
This is where I was fearing!

 <closing>  <quotation>",2,train
513,2_400,0.0,0.0,0.0,1.0,0.0,0.0,0.0,0.0,0.0,0.0,0.0,"Re: [p4] Eclipse 3.0 
  <quotation> Note that you need to use the current beta of p4eclipse with Eclipse 
3.0. It took me quite a long time to find out that this even existed. 
Here's the install site to use:

http://p4eclipse.sourceforge.net/beta

I've been using it for the last three days or so with Eclipse 3.0 
without any major trouble.

 <quotation> I found the reverse with p4wsad and Eclipse 2.1 -- we tried to switch to 
p4wsad from p4eclipse a month or two back, but ended up going back to 
p4eclipse because of various problems.

  ",2,val
514,2_404,0.0,0.0,1.0,0.0,0.0,0.0,0.0,0.0,0.0,0.0,1.0,"Re: find-function-C-source-directory 
 <quotation> You mean, for the other sessions as well?  Because for this session,
Emacs remembers the place, and never prompts again.",2,test
515,2_405,0.0,0.0,0.0,1.0,0.0,0.0,0.0,0.0,0.0,0.0,0.0,"Re: courier-imap 1.7.2 with LDAP authentication 
 Ok, I found the problem:  The must be no whitespace after entries in the authldaprc file.  A single space or tab after a value - and nothing works ;-)

 <closing>",2,test
516,2_407,0.0,0.0,1.0,0.0,0.0,0.0,0.0,0.0,0.0,0.0,1.0,"Can't get a good PDF 
 I'm using 1.3.5.rc3 and the latest ghostscript and I can't make a good pdf from my 8-page color newsletter. I can send it directly to the printer, using my HP DeskJet 930C, and that turns out OK, but I need a good pdf for the printer. Is there a troubleshooting ladder I can use to fix this issue?  The pdf I generate drops whole sections of pictures and text. GSView 4.9 reports post scrip errors, but I can't tell what they are and how to fix them. Here's the text:

GSview 4.9 2007-11-18
 <tabular> <log_data> <tabular> <raw_code> <log_data> Thanks in advance for any help you can provide.

 <closing>  <log_data> URL: <http://lists.scribus.info/pipermail/scribus/attachments/20090808/cb4610f8/attachment.htm>",2,train
517,2_408,0.0,0.0,1.0,0.0,0.0,0.0,0.0,0.0,0.0,0.0,1.0,"Re: Some semantic details of the window-function spec 
  <quotation> I am so ignorant that I don't know what exactly agglevelsup
represents. Just copied it from agg to window functions... Could
someone show me easy example?

 <quotation> Is it? I intended all equivalent windows are folded into one as far as
equal(w1->partitionClause, w2->partitionClause) &&
equal(w1->orderClause, w2->orderClause) is true. And I believe
everytime it's true, we can process them in the same window ordering.
One thing, in the former discussion someone pointed me that we might
have to care about that volatile functions are contained in the
window. I currently don't have any idea about that.


 <closing>    ",2,train
518,2_410,0.0,0.0,0.0,1.0,0.0,0.0,0.0,0.0,0.0,0.0,1.0,"Re: tcpdump based packet generator 
 <salutation> Yes I was wondering about doing that the other day.  I'd like to here how 
you go if you do get somewhere.  Perhaps this is how the load generators 
work?  I've been using one based on SmartBits, which seems to be linux. 

 <closing>  <quotation>  ",2,train
519,2_414,0.0,0.0,0.0,1.0,0.0,0.0,0.0,0.0,0.0,0.0,0.0,"Re: [Nitro] Why should I use Nitro instead of Rails - missing proof 
 <quotation> Search for Austin Ziegler's PDF project. I forget what it's called.
But it shouldn't be too hard to track down. You can always ask on
RubyForge too if need be.

 <closing>",2,train
520,2_416,0.0,0.0,0.0,1.0,0.0,0.0,0.0,0.0,0.0,0.0,1.0,"proposal: completely revise SA header modification 
 I propose that we change the options that handle modification (including
addition) of messages.  In addition to providing a lot of flexibility
and only extending the SA feature-set (with perhaps fewer options and
definitely less clutter), this feature would also address bugs 415 and
478 and make some portion of possible future requests/problems a local
issue.

The proposal is to provide two options (tag_all and tag_spam) to modify
arbitrary headers using the = and =~ operators.

In addition, certain tokens should be available to insert various
strings such as the score, the rounded score, the rules that matched, a
sequence of asterisks to indicate the spam level, etc.

The easiest way to explain further is with examples.  A simple
modification:

 <log_data> The same with the rounded score added:

 <raw_code> If the expression is equality, then set the header (overwriting the
existing header, if any).  For example:

 <raw_code> If you want to change the From name to indicate spam:

 <raw_code> This feature can be used for all of the X-Spam headers.

 <raw_code> Finally, we should probably save the original header for modified
headers somehow.  X-Spam-Original-<header> maybe.  That could come in
handy for everyone (for both use and debugging).

Some ideas for the printf-style tokens:

  %H - the list of hit tests (with scores)
  %a - one asterisk per each point of total score
 <log_data> After adding these two options, we could deprecate a bunch of options
such as rewrite_subject and we would avoid adding new ones to handle To:
and From: tagging.

Implementation: add a &put and perhaps a separate &modify routine into
PerMsgStatus alongside &get.

 <closing>  ",2,train
521,2_417,0.0,0.0,1.0,0.0,0.0,0.0,0.0,0.0,0.0,0.0,1.0,"alchemi_jsub xml 
 Does anyone know what programming types are available in a xml file for a alchemi_jsub.exe task submission. I'm looking for things like variable calls ($jobname) and other types.
 
 <closing>    ",2,train
522,2_422,0.0,0.0,0.0,1.0,0.0,0.0,0.0,0.0,0.0,0.0,0.0,"Re: Eliminating False Spam Score 
 <quotation> Your email gets PRIORITY_NOMAIL score because SpamAssassin 2.x allows
X-Priority headers only with X-Mailer header. SquirrelMail 1.4.0 and later
uses User-Agent header instead of X-Mailer. Since SquirrelMail 1.4.4
  you want to use workarounds in SquirrelMail - revert code change in
class/deliver/Deliver.class.php. You can see SquirrelMail code changes in
cvs.sf.net URL.

SquirrelMail does not have to fix anything. Broken part is in SpamAssassin
code and not in SquirrelMail.

Please keep same reply style, don't top post and don't strip relevant
parts of your message. It is hard to follow conversation when you post
your reply on top and remove original email text.

      ",2,train
523,2_426,0.0,0.0,0.0,1.0,0.0,0.0,0.0,0.0,1.0,0.0,1.0,"Re: Hey! Lets start an ODT initiative! 
  <quotation> Can I suggest at the same time, plugins are improved to use the cdata  
instruction for displaying textual content.  If a plugin adds a cdata  
instruction for cacheable content to during handle, all the textual  
content will be rendered ""plain"" no matter the export mode chosen.   
Writing dynamic textual content to the renderer using the renderers  
cdata method will accomplish the same thing (though block plugins may  
need to also use p_open and p_close).  This is kind of like using the  
""alt"" attribute for images in html.  It provides a sensible fallback  
when the output format is not understood and therefore can not be  
 <log_data> <quotation> I'm happy to add ODT support to the box plugin if someone can provide  
some details on sensible ODT formats for boxes.  I think someone may  
well have emailed something similar to me in the past, but I don't  
have it any more.

Another useful thing would be to add a list of references to ODT and  
DokuWiki people with expertise in ODT.

 <closing>  ",2,train
524,2_428,0.0,0.0,1.0,1.0,0.0,0.0,0.0,0.0,0.0,0.0,1.0,"Re: Ubuntu on a NIS network 
  <quotation> <salutation> First some qualifications; I don't use Ubuntu anymore, and I don't use
SUSE, but at one time I used Fedora Core 4 on my server and Ubuntu
5.10 on my workstations, and attempted to get NIS setup and working.

You would have to look back through the ubuntu-list archives, but
essentially what I discovered and what was then confirmed by a few
people on the list was this; since Fedora and Ubuntu map groups and
GIDs differently, there wasn't a good way to leverage the features of
NIS - that is, to allow any user to log on to any machine without
having to do specific tweaks on every machine. As I recall it was the
audio/video stuff that made this issue stand out.

But I'll be interested to see if anyone has a good answer for you.
Please report back to the list if you figure something acceptable out.

 <closing>",2,train
525,2_432,0.0,0.0,1.0,1.0,0.0,0.0,0.0,0.0,0.0,0.0,1.0,"Re: www.globulation2.org look updated 
 <salutation> I'm not trying to defend my skin, but imho there some problems with your 
skins:
- Both grass and sand look ugly in glob2. They are from the 256 colors time. 
They should be remade one day. Water is much better as it has already been 
remade.
- Using more than one texture is too much, it wraps from elegant to kitsch
- The science building gras root contrast better with blue than with green.
I hope this don't hurt your feelings, it's not the purprose 8after all, we did 
the ugly grass and sand), but you asked for opinion ;-)

Other people, what is your opinion?

 <closing>",2,train
526,2_433,0.0,0.0,1.0,0.0,0.0,0.0,0.0,0.0,0.0,0.0,1.0,"Form Validation 
 <salutation>   I just have a question about the process of ""Form Validation"".If I have the following code---
 <raw_code> And I also define a form validator later.When I call ""form.map().validate(true)"" and I didn't fill the ""login"" field,will the validation process stop here?
If not,and the ValidationException is also thrown in my form validator,will I catch the exception from the ""NotNullValidator""?",2,train
527,2_434,0.0,0.0,0.0,1.0,0.0,0.0,0.0,0.0,0.0,0.0,0.0,"Re: HOWTO complie code for a physical robot 
 <salutation> both ways Worked!



  <quotation>  ",2,train
528,2_435,0.0,0.0,0.0,1.0,0.0,0.0,0.0,0.0,0.0,0.0,0.0,"Re: Partial weekly snapshot i386 CD build 
  <quotation> Sorry, posted too soon. The i386 and ia64 torrent pages are missing, 
while mipsel and source have only partial data.  --Don",2,train
529,2_443,0.0,0.0,0.0,1.0,0.0,0.0,0.0,0.0,0.0,0.0,0.0,"Re: VERY OT, But this guy really needs help 
  <quotation> The table itself seems not to be damaged, but one of the
partitions seems not to have a valid FS on it now.

 <closing>  <raw_code>  I can explain it for you, but I can't understand it for you.
I speak only for myself, and I am unanimous in that!

  ",2,val
530,2_447,0.0,0.0,0.0,0.0,0.0,1.0,0.0,0.0,0.0,0.0,1.0,"Re: Survey on peer review processes within Apache HTTP Server 
 <salutation> In July Justin sent this email out for me looking for survey
participants. Three people responded. I am trying one more time as I
thought it may have been missed by some people in the summer. For more
details see below, or go to:

http://helium.cs.uvic.ca/phpESP/public/survey.php?name=peer_review_apache_httpd

 <closing>  <quotation>   ",2,train
531,2_448,0.0,0.0,1.0,0.0,0.0,0.0,0.0,0.0,0.0,0.0,0.0,"posts 
 hello everybody and greetings from ireland. i have noticed that the 
posts on this forum have been a little scarce of late, and i think 
that we guys and girls should be doing a little bit more posting and 
talking about what we like- the harmonica.
                            i'm sure there are lots of tremolo, 
octave,orchestral, bass etc players there who would like to exchange 
views and experiences. so how about it?
                  i play diatonic, tremolo and octave harmonicas, and 
i would love to see posts from other players      
                                            dave.



    ",2,train
532,2_453,0.0,0.0,0.0,1.0,0.0,0.0,0.0,0.0,0.0,0.0,0.0,"Re: System tuning 
  <quotation> I think ""unsubscribe"" is what you needed here, however, I use the webmail 
interface for my admin tasks:
http://webmail.postgresql.org/mj/mj_wwwusr/domain=postgresql.org


    ",2,train
533,2_454,0.0,0.0,1.0,0.0,0.0,0.0,0.0,0.0,0.0,0.0,1.0,"MIDP 2.0 phones 
 Where can I get a list of MIDP 2.0 phones ?








    ",2,val
534,2_456,0.0,0.0,0.0,1.0,0.0,0.0,0.0,0.0,0.0,0.0,1.0,"newbie midi playback problem... 
 <salutation> I'm having trouble getting more that one staff to play at a time.  This seems
to work when I play some of the example files, e.g.,

petite-ouverture-a-danser.midi

so it seems like my setup is working.  When I try to play the song that I'm
working on I only get the melody and no bass sounds.

 <closing>      http://www10.informatik.uni-erlangen.de/~ben

 <log_data> ",2,train
535,2_457,0.0,0.0,0.0,0.0,0.0,0.0,0.0,0.0,0.0,1.0,,"[jira] Assigned: (HBASE-626) Use Visitor pattern in MetaRegion to
 reduce code clones in HTable and HConnectionManager 
 [ https://issues.apache.org/jira/browse/HBASE-626?page=com.atlassian.jira.plugin.system.issuetabpanels:all-tabpanel ]

stack reassigned HBASE-626:
  <tabular> <quotation>    ",2,train
536,2_459,0.0,0.0,1.0,0.0,0.0,0.0,0.0,0.0,0.0,0.0,1.0,"Re: find_package(Foo REQUIRED) 
  <quotation> The second argument to find_package_handle_standard_args() can be 
either ""DEFAULT_MSG"", then the default message is printed, or it can be a 
custom message. I think this should be good enough ?
But until now nobody inserted custom messages there.

 <closing>",2,train
537,2_465,0.0,0.0,0.0,1.0,0.0,0.0,0.0,0.0,0.0,0.0,0.0,"Re: where are the bitmap fonts ? 
  <quotation> Should work, yes. You might file a bug if you can't sort it out.

 <quotation> If you get no event in xev then the answer is probably no, you'd have
to hack the X server to get anything.

 <closing>",2,train
538,2_469,0.0,0.0,0.0,1.0,0.0,0.0,0.0,0.0,0.0,0.0,0.0,"Re: How to write this query 
 Unfortunately that wont always work either.

For instance, assume that there is an A record with A_ID = 4
And that there is a C record where A_ID = 4,
but NO B record where A_ID = 4

So, executing the query:
 <quotation> When A left joins B, there is no real B record, so any B columns are populated 
with null, as per left join. 
Then, table B is left joined to C on A_ID, which is null, and no C record will 
properly match the B.A_ID = NULL, so the C record is filled with nulls.

If we were to join A to C then to B, a similar problem would occur if there 
was a cooresponding B record, but no C record. 

 <closing>  <quotation>  ",2,train
539,2_473,0.0,1.0,0.0,0.0,0.0,0.0,0.0,0.0,0.0,0.0,1.0,"Mac OS X Patches and Additions 
 <salutation> I have attached a (small) tar file with patches and applications for 
GRASS 5.4.0 and 5.7.0 which on Mac OS X provide the following features:

* Enables compatibility with the Aqua version of TCL/TK
 <log_data> These patches are designed to be applied to the source code. I will 
provide patches with the 5.4.0 and 5.7.0 binaries that I am uploading 
(I have uploaded the 5.4.0 binaries, and I am going to upload 5.7.0 
when I get NVIZ working from the GUI).

The following scripts and programs included in the archive should be 
installed to /usr/bin or /usr/local/bin:
• lsWrap: Wrapper for ""ls""; support for Mac OS X special characters
• appToFront: application to bring an app to support (source code 
available upon request)
 <log_data> foreground

If anyone has any questions, please let em know.





 <closing>  ",2,train
540,2_480,0.0,0.0,0.0,1.0,0.0,0.0,0.0,0.0,0.0,0.0,0.0,"Re: Encouraging encryption 
  <quotation> Ah, but the clever spooks use tiny webcams in
your house.  Or keyloggers.  Van Eyk is really
demo stuff, and not used in reality;  at least I've
never heard of a real case, although I have seen
it demo'd in the flesh, at distances of maybe 20m.

 <quotation> This is what we are getting at.  Real people have
real risks.  Geeks fantasize about being the target
of NSA surveillance, but that's not the Mozilla
target audience.

 <closing>   ",2,train
541,2_491,0.0,0.0,0.0,1.0,0.0,0.0,0.0,0.0,0.0,0.0,0.0,"Re: hplip 1.71 doent work with hp oj 4355 
 There may be an issue with the installer and using a 64 bit system.  I'll
need to look into it further.  However right now you'll want to remove
hplip. Go into the source directory and enter:

make uninstall

and then

 <raw_code> Then follow the instructions from here:

http://hplip.sourceforge.net/install/manual/configure.html

be sure to follow the direction for 64 bit users.

This should resolve your printing problems.

 <closing>  <quotation>     Ubuntu Linux http://ubuntulinux.org

    ",2,test
542,2_494,0.0,0.0,1.0,1.0,0.0,0.0,0.0,0.0,0.0,0.0,1.0,"Re: TD new Album in 2005 
 <salutation> they released a few items since 99 and they all seem studio or done in the
studio... remixed etc.. not 100% live.. that is the confusing part... the
part ""real, normal studio album"" since 1999."" does this mean there will be
something different about this one?

<sarcasm mode>
maybe this one will be 100% live just to keep us on our toes ;-)
<sarcasm mode off>

thanks for pointing out where you got it... will have to try a email into
TD...

 <closing>  Great group to catch up on Tangerine Dream topics join
  Dale's band web page
http://www.soundclick.com/bands/7/inquisitorbetrayermusic.htm

and always follow this simple rule
""Don't feed the Trolls""

   <quotation>    ",2,train
543,2_495,0.0,1.0,0.0,0.0,0.0,0.0,0.0,0.0,0.0,0.0,0.0,"Re: Strange image placement 
 <salutation> <quotation> You) cares, so I think You can commit the fix, at least to the HEAD, where
there are IMHO no approvals needed now, it's not frozen. It would be very nice
to have the fix in 3.0.1 too, but it seems to be too late :-(.
 <quotation> It seems that konq devels have a lot of work so they didn't succeed to fix it,
although they promised it for 3.0.1... OK, it's not so serious, but _please_
do it _now_, otherwise it will be too late again...
 <log_data>",2,train
544,2_497,0.0,0.0,0.0,1.0,0.0,0.0,0.0,0.0,0.0,0.0,0.0,"SF.net SVN: gaim: [17625] trunk/libgaim/plugin.c 
 <tabular> <log_data> <tabular> <log_data>  This was sent by the SourceForge.net collaborative development platform, the world's largest Open Source development site.

  ",2,train
545,2_500,0.0,0.0,1.0,0.0,0.0,0.0,0.0,0.0,0.0,0.0,1.0,"Laggy and faulty Samba server 
 <salutation> I've installed Samba a few times, and I always have the same problem -
except now I really want to get rid of it.

My Samba server is very, very, very slow on occations (not always), and some
times it's really annoying.

What happens is that it doesn't seem to be online for a period of 5-10
seconds once every minute! If I'm copying huge files, it's working great,
but when copying smaller files or doing directory listings, it screws up by
being slow and very laggy.

Now - I've had this problem on all my Samba servers in the past, and I guess
there is something I do wrong. Is there anyone that can help me?

Below you can see my config file.


 <closing>  <log_data>  <raw_code> <log_data> <raw_code>  <raw_code>  <raw_code>  <raw_code> <log_data> <raw_code>  <raw_code>  <log_data> <raw_code>  <log_data> <raw_code>  <log_data> <raw_code>  <raw_code> <log_data> <raw_code>  <raw_code> <log_data> <raw_code>  <raw_code>  ",2,test
546,2_501,0.0,0.0,1.0,0.0,0.0,0.0,0.0,0.0,0.0,0.0,1.0,"Re: [Vos-cvs] Update by 'tetron' 
 What about buffered input?  Is the recv() now gonna block equally long when
receiving large data from the socket?

   <quotation>",2,test
547,2_502,0.0,0.0,1.0,0.0,0.0,0.0,0.0,0.0,0.0,0.0,1.0,"Re: UK G1 Launch details 
 What about via the web?
Are they still on sale on the 30th (tomorrow!!!) via the web? (do you
think)
Or do you think its best to goto london?
How many do you think they have to sell, total, shop, web?

 <closing>  <quotation>",2,train
548,2_503,0.0,1.0,0.0,1.0,0.0,0.0,0.0,0.0,0.0,0.0,0.0,"Re: [ANN] ParseTree 2.0.0 Released 
  <quotation> SuperCaller can do this.  It was waiting on a release of PT, because  
add_to_parse_tree was static.

I need to polish the documentation a bit before I can release.

   best workers get their tools to do the work for them. -- Syndicate Wars",2,train
549,2_504,0.0,0.0,0.0,0.0,0.0,0.0,0.0,0.0,0.0,1.0,,"svn commit: r686979 - /tomcat/tc6.0.x/trunk/webapps/docs/changelog.xml 
 <tabular>  <tabular> ",2,train
550,2_507,1.0,0.0,0.0,1.0,0.0,0.0,0.0,0.0,0.0,0.0,0.0,"Re: [SLE] Mozilla update problem using apt-get 
  <quotation> No i didn't. That was the problem.
 
Thank you Richard! Now my new mozilla works fine.

 <quotation>  ",2,val
551,2_514,0.0,0.0,0.0,1.0,0.0,0.0,0.0,0.0,0.0,0.0,0.0,"Re: Call Limits 
  <quotation> I prefer to use the GROUP() and GROUP_COUNT() dialplan functions to
enforce arbitrary call limits in Asterisk

    ",2,val
552,2_517,0.0,0.0,1.0,0.0,0.0,0.0,0.0,0.0,0.0,0.0,1.0,"Re: misc/63213: MySQL 4 crashes on CURRENT since 20040221 
  <quotation> Have you rebuilt all your ports to deal with the libpthread relinking in -CURRENT?

 <closing>",2,train
553,2_522,0.0,0.0,0.0,1.0,0.0,0.0,0.0,0.0,0.0,0.0,0.0,"Re: [passwordInTheClear-52]: A summary of where I think we are. 
  <quotation>  <quotation> This combination strikes me as counterproductive.  I have made decisions
I consider to be rational that low-security passwords suffice for
certain kinds of sites: for example, sites that let me subscribe or
  deal with such a site, I will shut it up, get someone else to shut it up,
or find a less compliant but more usable browser.  I don't think I'm
alone in this feeling.

   it was ""pleasurable corrigible malfunction"".    MluWDIol2GHF8Edk@example.com
 ",2,train
554,2_525,0.0,0.0,0.0,1.0,0.0,0.0,0.0,0.0,0.0,0.0,0.0,"Re: catch unexpected exceptions 
  <quotation> The same way Python and C++ is explained there works for wxWidgets C++ 
code and Gtk C code. However, unlike wxPython, wxWidgets does nothing to 
guard against such problems (C++ exception propagating through C library 
code). So, in order to prevent it, you need to catch exceptions in all 
your event handlers. To do this, you can override 
Application::HandleEvent. Here's how we do the whole thing in FlameRobin:


http://flamerobin.svn.sourceforge.net/viewvc/flamerobin/trunk/flamerobin/src/main.cpp?revision=1775&view=markup


Watch out the long line, Short URL here:

http://tinyurl.com/626gnz


    ",2,train
555,2_527,0.0,0.0,0.0,1.0,0.0,0.0,0.0,0.0,0.0,0.0,0.0,"Re: integers in ELF ??? 
 Solved: I stumbled across 'objdump' (sorry, my use of GNU tools has
been very limited, I've worked mostly with vendor tools).

A disassembly of the test code showed that the constants are
initialized from immediate loads (!) which accounts for the
lack of their obvious visibility.

eg.

1046c:       13 04 8d 15     sethi  %hi(0x12345400), %o1
 <log_data> a leftshift of 2 on '048d15' OR'ed with 0x270 = 0x12345670 (the first
value in the array).

 <closing>   <quotation>",2,val
556,2_528,0.0,0.0,0.0,1.0,0.0,0.0,0.0,0.0,0.0,0.0,1.0,"RE: [U2] What is the opposite of FORM.LIST? (uv10) 
 Depending on your basictype, you'd be wanting either READLIST or READSELECT.

  <raw_code>    <quotation> ",2,test
557,2_530,0.0,0.0,0.0,1.0,0.0,0.0,0.0,0.0,0.0,0.0,0.0,"Re: Bug in vtkTetra::Circumsphere 
 The documentation is the problem; the method returns radius squared for 
performance reasons. I've fixed the documentation; same for 
vtkTriangle::Circumcircle.
 <closing>  <quotation>  ",2,test
558,2_532,0.0,0.0,0.0,1.0,0.0,0.0,0.0,0.0,0.0,0.0,0.0,"Re: Re: Spotting bargains on Amazon 
 <quotation> The Hobbit is not a bargain at any price.

 <closing>  ",2,train
559,2_534,0.0,0.0,0.0,1.0,0.0,0.0,0.0,0.0,0.0,0.0,0.0,"Re: SHF draft revised 
  <quotation> As is written on the draft, it is on the Standards Track, i.e. Proposed
Standard, i.e. much scrutiny is required :-)

 <closing>",2,train
560,2_535,0.0,0.0,0.0,1.0,0.0,0.0,0.0,0.0,0.0,0.0,0.0,"Re: adding overload to ruby 
 <salutation>  <quotation> <raw_code> <log_data> <raw_code> translated into:

 <raw_code>  ",2,train
561,2_536,0.0,0.0,1.0,1.0,0.0,0.0,0.0,0.0,0.0,0.0,1.0,"Question relations tables 
 <salutation> I have a user-table described as below. That is filled in trough the
sign-in form and available through the edit-method.

 <tabular> <quotation> <tabular> Now i want also that the user can fill in the following things:

a)work experience
b)studies
ect.

Must i add a new column in the user-table or make a new table and join
it into the user table?

If you recommended a second table, what is the process to do that?



 <closing>  ",2,train
562,2_541,0.0,0.0,0.0,1.0,0.0,0.0,0.0,0.0,0.0,0.0,0.0,"Re: update for http://www.apache.org/dist/httpd needed... /resend 
 Closed the bug so nobody else goes to 'fix' this ;-)

  <quotation>",2,test
563,2_544,0.0,0.0,0.0,1.0,0.0,0.0,0.0,0.0,0.0,0.0,0.0,"Re: DEVICESCAN problems with smartmontools-5.23 
  <quotation> I'm using Linux:
 <raw_code> <log_data> <quotation> No. The root-filesystem (including /dev) is xfs.

 <quotation> <raw_code> <log_data> <raw_code> <log_data> smartd from smartmontools-5.21-1 is able to find the ide-harddisk:

 <log_data> (sda is a ZIP-Drive with no disk present.)

 <closing>    ",2,train
564,2_545,0.0,0.0,0.0,1.0,0.0,0.0,0.0,0.0,0.0,0.0,0.0,"GIT Log for 2009-01-06 00:33 GMT 
 <tabular>     Similar to the ""lifetime"" change.  If there are issues such as DB
 <log_data> <tabular> <log_data>  <tabular>     After ""lifetime"" seconds, an open connection is closed.  This can help
    address issues such as firewalls that time out open connections...

 <tabular> <log_data>   ",2,test
565,2_546,0.0,0.0,1.0,0.0,0.0,0.0,0.0,0.0,0.0,0.0,1.0,"Re: [opennms-discuss] Categories.xml (and how to configure it) 
 Does this also construct the display category or do you need to update
""viewdisplay.xml""?

  <quotation>    ",2,train
566,2_547,0.0,1.0,1.0,0.0,0.0,0.0,0.0,0.0,0.0,0.0,1.0,"Re: Strange QuickSwitch behaviour on 1.2.6 and 1.2.7 
  <quotation> Focus handling and alt+tab will be fixed in next version. I am now 
testing a patch.

 <quotation> Is there a link that could be published at www.icewm.org?

 <quotation>  ",2,train
567,2_551,0.0,0.0,1.0,1.0,0.0,0.0,0.0,0.0,0.0,0.0,1.0,"Re: RBL+ zone - poor performance w 9.2.1 
  <quotation> It's been said the the current focus of BIND 9 is DNSSEC.  (See archives.)
I'm sure everyone involved with development is attempting to respond to
all requests in as timely a manner as possible, but there are only so many
things a limited number of people can work on at once.  This is not
intended to be patronizing, I'm just restating a point I think we all
agree is valid.

With that said, I've seen this brought up numerous times here and
elsewhere.  I've also read numerous whitepapers, articles, etc. citing
""worse"" performance in BIND 9.  Of course BIND 9 is a complete rewrite and
adds so much functionality that a real comparison by anyone other than the
developers is somewhat absurd (IMCO).

With all of that established, it would seem that the ""problem"" could be
worked around from an operations standpoint.  There are a lot of creative
ways you can cause incoming queries to be redirected to a server that is
not currently reloading the mentioned zone...  Why not do that, and at
least minimize the impact on your customers?

One example (typed on the fly, feel free to point out any issues or
modify/enhance as needed),

                            +---------+ 10.2.3.10
 <technical> <log_data> <tabular> 1.2.3.4 and 1.2.3.5 are the external addresses of your nameservers.  Fw1
does filtering and NAT.  Typically, 1.2.3.4 is staticly NATted to
10.2.3.10 and 1.2.3.5 to 10.2.3.12.  However, the unused 10.2.3.11 and
 <log_data> return the same answers to DNS queries...  So we have two nameservers, but
four addresses serving the same data in the example above.

When it is time for ns1 to reload the problematic zone, we simply rewrite
the static NAT entry on fw1 to point 1.2.3.4 to 10.2.3.13 (ns2-int alias).
Now any queries to ns1 actually get answered by ns2.  This is temporary,
of course, and the static NAT entry is rewritten again once the zone
successfully loads on ns1.

It's more work, I'm sure there are caveats, everyone may not want or be
able to do NAT, etc, etc...  However, it may be easy enough to think of a
creative way to ""fix"" the problem from the perspective of your users
(until the BIND folks find the time), that it would be worthwile to
investigate...

 <closing>   ",2,train
568,2_552,0.0,0.0,0.0,1.0,0.0,0.0,0.0,0.0,0.0,0.0,1.0,"Re: ""double"" realm problem 
 i was trying to reject those ""double"" realm.
but i cannot find the right syntax and/or where to put the lines.

i was trying to put this lines in the user file:
DEFAULT User-Name =~ ""/^.*@company.com@.*/""
 <raw_code> that did not work.
when putting:
 <raw_code> in the server configuration in authorize section, i get a strange error..

i am quite new with configuring freeradius, it would be nice if someone
could give me some real hint how to and where
reject those double @ @

 <closing>  <quotation>  ",2,train
569,2_555,0.0,0.0,0.0,1.0,0.0,0.0,0.0,0.0,0.0,0.0,0.0,"Re: Version management question 
 This does not work.

If you think about it you can see why.

You would define 'sensage-version' in the parent pom and use it in all the
children. The problem is that as it is parsing the child pom, maven has to
find the parent. To do that, it looks in the <parent> section and has to use
the value of ""sensage-version'.

Its a classic catch-22 situation. You can't find the parent without the
value of 'sensage-version' and you you can't find the value of
'sensage-versin' without the parent.

 <closing>  <quotation>   ",2,train
570,2_558,0.0,0.0,1.0,0.0,0.0,0.0,0.0,0.0,0.0,0.0,1.0,"Re: 2.0.7 to 2.0.10 
 Awesome. I got the error log. It appears to be in line 401 in migration.py

 <log_data> There is the function call that breaks it. I see that sql only creating
tables, not inserting any, so I wonder if its a postgresql syntax issue or
something. Where would you like me to create the bug report?
Exception traceback

 <tabular>  Traceback (innermost last):

   - Module ZPublisher.Publish, line 101, in publish
   - Module ZPublisher.mapply, line 88, in mapply
  <log_data>  Display traceback as
 <log_data> REQUEST form  cookies  tree-s
'eJzTyCkw5NLIKTDiClZ3hANXW3WuAmOuRKCECUjWFEnW2cgRJGvGlQgEegD/0w/S' __ac_name
 <log_data> <raw_code> <log_data> <raw_code>  <quotation>    ",2,train
571,2_562,0.0,0.0,0.0,1.0,0.0,0.0,0.0,0.0,0.0,0.0,0.0,"Re: [PATCH] git mailinfo strips important context from patch subjects 
  <quotation> It removes one character, which means the subject still gets mangled. If
it *doesn't* remove one character and also doesn't break out of the loop,
it'll loop indefinitely, since *subject->buf will never change.

There's something else wrong with your patch though, as mailinfo dumps
core with it for a patch starting with ""[PATCH] [git]"". It happens in
memmem(). Here's the backtrace:

(gdb) bt
 <log_data>   Considering the successes of the wars on alcohol, poverty, drugs and
terror, I think we should give some serious thought to declaring war
on peace.",2,train
572,2_566,0.0,0.0,0.0,1.0,0.0,0.0,0.0,0.0,0.0,0.0,0.0,"Re: No-config TV-out card? 
  <quotation> Well, presumably hardware like a DVD player does /something/ to
initialize the TV out. My G400 runs an init script to turn on TV out on
bootup as well. 

I think they assume that you have a TV when you're using a DVD player,
and they assume you're using a monitor when you use a video card. The
easiest way to work around that is to  make sure you only have to
figure out initialization once and then just put it into your boot
scripts.

 <closing>  ",2,train
573,2_573,0.0,0.0,0.0,1.0,0.0,0.0,0.0,0.0,0.0,0.0,0.0,"Re: Fwd: Student Offering Services 
 <salutation> (Your message to NPuE7whkxP1B/i3Q@example.com was forwarded to the KDE Quality Teams 
  Firstly, thanks for your offer of help with KDE! There are lots and lots of 
things to do in KDE, so if none of the ideas below pique your interest, there 
are plenty more things to do.

AFAIK, there are no 'set projects' for students on KDE, but you can find a 
good guide to starting working on KDE on the Quality Team website at 
http://quality.kde.org .

If you don't have a particular programme in mind that you'd like to work on, 
you might like to look through the bugs list at http://bugs.kde.org for 
'Junior Jobs'. These are tasks which are suitable for new contributors, and 
provide a good way to get into the KDE codebase. The Quality Team website I 
linked to above has a good guide to using the KDE bugs database.

Another way to get started with a programme is to write documentation for it. 
This requires you to get to know the programme, and can be a good way to find 
bugs and HCI issues. (Disclaimer: I work on KDE documentation, and am always 
on the lookout for new contributors)

You also mentioned an interest in HCI. The KDE usability team deals with these 
issues. You might like to take a look at their website at 
http://usability.kde.org .

 <closing>  ",2,train
574,2_575,0.0,0.0,1.0,0.0,0.0,0.0,0.0,0.0,0.0,0.0,1.0,"Expression help over multiple lines and variables 
 Vim 6.2.71 WinXP

I have a file with the following in it:

 <log_data> <raw_code> Or

 <log_data> <raw_code> go


I want to:
1.  Find either an ALTER or CREATE statement
2.  For the employee table (excluding ""DBA""."" or DBA. from before it)
3.  PRIMARY KEY could be on new lines
4.  BEFORE the command terminator ""\ngo""

I am having a hard time.
This is what I have tried:
\(alter\|create\) table.*employee[\n\S\s]*go\s*$

 <raw_code> <log_data> Besides these not working, they also do not take in account that a
newline character must preceed the sql terminator ""go"".
If this makes a difference, the sql terminator can be configured by the
user, here are some examples:
let g:sqlu_terminator=';'
 <raw_code> So I was concatenating this command in my plugin.

I might as well ask for the world while I am at it.
I would like the cursor to be positioned at the beginning of ""primary""
or even better at the end of ""primary key ("".

 <closing>",2,train
575,2_578,0.0,0.0,0.0,1.0,0.0,0.0,0.0,0.0,0.0,0.0,0.0,"FYI: GtkWindowPeer fix 
 I changed the nativeSetBoundsUnlocked() method in GtkWindowPeer, so that
it only requests GTK to resize the window, when the actual values for
height or width change. This avoids nasty flicker when only
setLocation() is beeing called, because GTK seems to clear the
background even when the values don't change.

2006-04-08  Roman Kennke  <UiRbZCfiYQnEl9+f@example.com>

 <tabular> (Java_gnu_java_awt_peer_gtk_GtkWindowPeer_nativeSetBoundsUnlocked):
        Only resize window if actual width or height value changes.
        Avoids nasty flicker when only setLocation() is beeing called
        on a window.

 <closing>  ",2,train
576,2_579,0.0,0.0,0.0,1.0,0.0,0.0,0.0,0.0,0.0,0.0,0.0,"Re: Large Object to Bytea Conversion 
 <salutation>  <quotation> You may want to try this code given on IRC by i-can't-remember-who:

CREATE FUNCTION _phpads_agg_concat (bytea, bytea) RETURNS bytea AS $_$SELECT 
 <raw_code>  <raw_code>  <log_data>  <raw_code>  <log_data> <raw_code> <closing>   http://www.dalibo.com/",2,train
577,2_581,0.0,0.0,1.0,0.0,0.0,0.0,0.0,0.0,0.0,0.0,1.0,"Re: how to use <image> to embed reusable svg file 
 <salutation> I ran your file, sure its a cutie, but can't see how it helps in 
creating a thumbnail for an SVG file?

 <closing>  <quotation>  <quotation>     ",2,train
578,2_582,0.0,0.0,0.0,1.0,0.0,0.0,0.0,0.0,0.0,0.0,0.0,"CVS: cvs.openbsd.org: ports 
 <tabular>",2,val
579,2_584,0.0,0.0,1.0,1.0,0.0,0.0,0.0,0.0,0.0,0.0,1.0,"Re: perl dbd libraries keeping transactions open? 
  <quotation> This is horrible practice for a number of reasons, not only its effect
on VACUUM.  Consider what you will get from now(), for example.  A new
BEGIN should only be issued when you are ready to issue the first
 <log_data> If that hasn't been fixed yet in the dbd driver, I would recommend
fixing it there.

 <closing> <log_data> ",2,train
580,2_587,0.0,0.0,1.0,0.0,0.0,0.0,0.0,0.0,0.0,0.0,1.0,"'Missing' scenery in 0.9.10... 
 <salutation> The picture in the link below shows 2 views of the same
geographical area (Moreton Bay, near Brisbane Australia)...

http://users.tpg.com.au/blobster/straddie.jpg

As you can see the Flightgear scenery is missing a large
island named Nth Stradbroke. Atlas doesn't show it nor do
you see it flying over the area in Flightgear, but roads
on the island do appear. I have 0.9.10, and the updated
scenery for 0.9.10...

Is there anything I can do to make 'Straddie' re-appear?
In 0.9.8 it was an interesting place to fly over. Bermuda
has its triangle, that gobbles the odd ship, but Australia
now tops that with a triangle that eats islands... :-)

 <closing>   ",2,train
581,2_588,0.0,0.0,0.0,1.0,0.0,0.0,0.0,0.0,0.0,0.0,0.0,"Re: Problem with servlet-api.jar (mre info) 
 I have added some more jar files from magnolia 3.0 rc to the lib of my webapp in magnolia 2.1.5 and it seems to further a bit but still throwing another error::
This is the whole trace:

 <log_data>   And I take it you have slf4j-log4j12-1.0.1.jar in WEB-INF/lib of your magnolia webapp.

 <closing>  <quotation>   http://www.magnolia.info/en/magnolia/developer.html
 ",2,test
582,2_592,0.0,0.0,0.0,1.0,0.0,0.0,0.0,0.0,0.0,0.0,0.0,"Re: Problems compiling vlc 
 hi i have just posted a recipe for lasted VLC using svn ffmpeg
looks on recipe ML



  <quotation>  ",2,train
583,2_593,0.0,0.0,0.0,1.0,0.0,0.0,0.0,0.0,0.0,0.0,0.0,"Commit (STABLE): Re: commit: No extra blank lines at the start of
	cells exported to RTF. 
 Backport: No extra blank lines at the top of cells with text exported to
 <tabular>  <log_data> <tabular> <log_data>  <quotation>",2,test
584,2_606,0.0,0.0,1.0,0.0,0.0,0.0,0.0,0.0,0.0,0.0,1.0,"Clama+Qmailscanner.st & NetSky 
 <salutation> I hev configured my Qmail-scanner-queue with Clamav but Virus NetSky don't drop.

I have Clamav 0.74 and signature update everyday.

I have check my clamav.conf, i ok with:

ScanMail
ScanArchive
ScanOle2
etc...


Have you any idea?

Please help me.  Thanks in advance.",2,train
585,2_607,0.0,0.0,0.0,1.0,0.0,0.0,0.0,0.0,0.0,0.0,0.0,"Re: lexical do 
  <quotation> doLexical sounds like you're performing some kind of new-fangled rave
dance.  A proper adjective or adverb works better: doLexically makes
more sense and reads better to me.  :)

  ",2,train
586,2_611,0.0,1.0,1.0,0.0,0.0,0.0,0.0,0.0,0.0,0.0,1.0,"Questions... 
 <salutation> 	I would like to get dual boot functional on a 3135.  By functional I would 
like it to dual boot between linux and WinCE and would like suspend and 
resume to function in linux.  (dont really mind that it will erase WinCE 
stuff).
	Anyway, I can't seem to get it working with the stuff I've found around the 
net.  I thought I might try and tackle the coding / debugging myself.  Can 
someone answer the following or at least send me to a location where I can 
find the answers?

1- What is the build environment for bootldr
Is it the gcc cross toolchain?
Any specific files to start with?

2- What is the build process?

3- Any method of debugging?
Is there a built in debugger that can be activated?

4- Does anyone have a set of instructions for making an initrd image?

5- How is the kernel built?  With the same toolchain as the bootldr?

Any pointers would be greatly appreciated.
 ",2,train
587,2_612,0.0,0.0,1.0,0.0,0.0,0.0,0.0,0.0,0.0,0.0,1.0,"How to rewrite a license restricted method? 
 This is going to be a rather long email but I ask you to at least skim
if you have even a little interest in the relicensing/Squeak 4.0 effort.

Thanks to the efforts of many including Yoshiki Ohshima and Matthew
Fulmer we have made some real progress on a 'license clean' version of
Squeak.  But we are now at the phase where we have some code for which
it appears we are not going to get a relicensing agreement.  So at this
point it's either remove it or replace it.

Thanks to Matthew publishing the history tools I've started to try to
help out with this and have quickly learned that I really don't know
what to do.  I'm going to present an example here and I'm asking you for
your considered opinion.

SequenceableCollection>>asStringWithCr

This method goes back to Squeak1.0 and has 5 versions leading up to what
is today in Squeak3.10.2-7197/Squeak4.0alpha.  It is the second version
by Douglas McPherson that has the problem (we have not received a
relicensing agreement from Douglas).  I'm going to paste in, oldest to
newest, all versions so we can discuss this concretely.  In each I will
number the version in front of the containing filename for discussion
convenience and mark changed lines (relative to the earlier version)
with a + in the first column.  The filenames used are those as
distributed with the Matthew/Yoshiki history tools; sometimes these
don't directly map to the original updates (think updates that load
MCZs).

1) SqueakV1.sources:

 <log_data> 	""Convert to a string with returns between items.  Elements are usually
strings.
 <log_data> <quotation> <log_data> <raw_code> <log_data> 	""Convert to a string with returns between items.  Elements are
usually strings.
 <log_data> <quotation> <log_data>  <log_data> 	""Convert to a string with returns between items.  Elements are
usually strings.
 <log_data> <quotation> <log_data>  <raw_code> <log_data> 	""Convert to a string with returns between items.  Elements are
usually strings.
 <log_data> <quotation> <log_data> <raw_code> <log_data> <raw_code> <log_data> 	""Convert to a string with returns between items.  Elements are
 <raw_code> <log_data> <quotation> <raw_code> Now as I said above the problem with with version 2.  As you can see
each of these changes is at most one line and by and large frankly
rather obvious.  The change in 2 is clearly a bug fix and the
straightforward solution.

So the question is what do I do with this method, which is currently
distributed as version 5, so that it does not infringe on djm's rights
to maintain version 2 as SqueakL?  Admittedly it's unlikely that djm
actually wants this right, but lacking a clear statement to the
contrary, it's the default we have to assume.

How much of a change is a significant change?

Should I delete the current implementation entirely and rewrite it from
scratch?  If so, how much am I allowed to know about the prior
implementations?

 <closing>",2,train
588,2_613,0.0,0.0,0.0,1.0,0.0,0.0,0.0,0.0,0.0,0.0,0.0,"Re: conventions for set attributes 
  <quotation> <salutation>  From what I know (maybe I am wrong) all three options requires 
downloading something from the server for non installed packages. If 
package is not installed than to get description field I need to 
download manifest first. The same would be for the option #1 containing 
icon or other encoded binary content. In such case we would probably hit 
problems while text encoding. More complexity is just more bugs.

I would vote for second option. From the user perspective adding such 
information doesn't require downloading it. This might be an option just 
for particular cases. Let's say that icon is needed only by GUI's than 
those should ask IPS server for download icon action and get from 
proposed cache within meta data?. CLI doesn't require icons so it will 
stay as it is.

   <closing>",2,train
589,2_616,0.0,0.0,0.0,0.0,0.0,0.0,0.0,0.0,1.0,0.0,0.0,"Re: Results of the Drupal 4.7 Porting workshop 
 <quotation> Yes. I suggested to Kieran that next workshop be held on Sep 11th, 8pm my  
time (11am PDT) and that be an all-practical one. You send me modules  
and/or your problems, I pick the more interesting/typical/whatever cases  
and show what to be done.

 <closing>",2,train
590,2_622,0.0,0.0,1.0,0.0,0.0,0.0,0.0,0.0,0.0,0.0,1.0,"Re: [SLE] Killing X 
 Would  /etc/inittab be the place to assign values to the function keys?

CWSIV

  <quotation>      ",2,train
591,2_623,0.0,0.0,1.0,1.0,0.0,0.0,0.0,0.0,1.0,0.0,1.0,"Re: postgresql-7.4.5 does not detect DocBook SGML DTD-3.1 properly 
 [This is no longer a support question. Answers to blfs-dev, please.]

  <quotation> Yes, removing them fixed the issue.

I've attached a patch that I needed in order to make PostgreSQL detect
our DocBook DSSSL Stylesheets installation. Can please someone verify
that this detection does not work on a standard BLFS build?

We need to discuss that:
Either we add a symlink to the current version:
    /usr/share/sgml/docbook/dsssl-stylesheets -> dsssl-stylesheets-1.78
or we use the attached patch. If we do the latter, then the patch should
also be submitted upstream.

Creating the symlink might be the wrong thing to do (I'm thinking of the
old /usr/share/automake symlink we used to have in LFS a long while
ago) or might even cause some breakage. I can't comment on this,
because I have never used such a symlink. But we could try.

Opinions?

By the way, this patch has *not* been submitted to the patches project
yet, because I wanted to wait for the discussion results.
   <technical>  ",2,train
592,2_625,0.0,0.0,1.0,0.0,0.0,0.0,0.0,0.0,0.0,0.0,1.0,"Ubuntu Linux, Ver 9.04 Desktop Edition 
 <salutation> I manage to install a Ubuntu Linux, Ver 9.04 Desktop Edition and it is an
amazing experience. I am a user switching from Windows to Linux. The new OS
is very amazing to me.

But I have a problem, I have a *HSDPA mobile modem*. When I plug in to the
computer there is a pop menu for new mobile device connection. But
unfortunately *my country (Brunei) and internet service provider (DSTCom)
name is not in the list*. So I *cant install my HSDPA mobile modem*. I want
to continue to use the new OS. Could *somebody to help me* to fix this
problem?

 <closing>",2,train
593,2_626,0.0,0.0,0.0,1.0,0.0,0.0,0.0,0.0,0.0,0.0,0.0,"Re: The appreciation of Hedges 
 I've never had any Hedges, but I am a fan of Wilson's SM500 - which 
I hear is very similar.

I'm not a very heavy user: one 25g tin of a full strength Wilson's 
snuff (Tom Buck, Irish High Toast) can last me from 1 to 2 weeks.  
So I figure that is 2-3g a day.

 <closing>  <quotation>",2,train
594,2_629,1.0,0.0,0.0,1.0,0.0,0.0,0.0,0.0,0.0,0.0,0.0,"Re: ""Basic"" codec compression technology information 
  <quotation> I found site like that as well but because the information on those 
sites are of such a basic level they aren't even worth mentioning in the 
first place;-)

Thank you for the link, I'll check it out.

 <closing>  ",2,train
595,2_630,0.0,0.0,1.0,0.0,0.0,0.0,0.0,0.0,0.0,0.0,1.0,"Metafont fonts and X (font server?) 
 <salutation> Is there a way to use Metafont fonts with X? Apart from generating them and
converting them to other bitmap formats before using them. I'm thinking about
some way to generate them as needed from the Metafont source, maybe using a font
server.

Is that just a pipe dream? If so, is it because there's no implementation or
because there's no conceivable way to achieve this?

 <closing>",2,test
596,2_631,0.0,0.0,1.0,1.0,0.0,0.0,0.0,0.0,0.0,0.0,1.0,"Re: Update to the OpenID Foundation Website 
 I think that there is an option in our membership tool if you should be
listed.  Ideally we could pull the data out of it for individual members
based on this privacy setting.
I also think that we should change the order of the nav elements under
Foundation to become:
1) Sponsoring Members
2) Leadership
3) Membership Benefits
4) Chapters
5) Press Room
6) Contact

Brian, is that order alright with you?  I really like this page of awesome
logos being quite prominent.

 <closing>  <quotation>",2,train
597,2_632,0.0,0.0,0.0,1.0,0.0,0.0,0.0,0.0,0.0,0.0,0.0,"Re: Overview speeds and methods 
  } 1. Which is considered the overall fastest overview method? (I read that 
 <raw_code> It depends on your enviroment.  How many articles
are you fed?  How many simultaneous readers do you
have?  I've noted many times on the list that the
reason why I wrote buffindexed is that tradindexed
was too slow to handle fullfeed on my test
environment(signle disk :).  ovdb is said to be
fast but I've never compared to both on the same
environment.  I was quite happy with my own
implementation at my previous job, while others
often reported on the list that buffer is corrupted.

} 2. Will buffindexed as a regular file benefit from caching as opposed to
 <raw_code> I haven't tried buffers on raw devices, but it may
have.  I had 4GB memory and 20*2GB buffers for
overview(5% used) in the box, and over 400 simultaneous
readers, it's fed up to 300GB/day.  It worked without
any particular stress.
  ",2,test
598,2_635,0.0,0.0,0.0,1.0,0.0,0.0,0.0,0.0,0.0,0.0,0.0,"Re: Holy Shee-it 
  <quotation> No, i dont think that it does as of version 1.4.5 (unstable), but i've
noticed a very interesting package in experimental labeled
""evolution-data-server"" which looks _very_ interesting.

 <quotation> It sure does. It uses gnome-pilot conduits.

 <closing>",2,train
599,2_639,0.0,0.0,1.0,0.0,0.0,0.0,0.0,0.0,0.0,0.0,1.0,"Re: Templates + Integrating new functionality 
 <quotation> Oh, btw.. what is the difference between **<name>** and [<name>]? Both 
are used in the templates, but it seems they are used for pretty much 
the same thing.

 <closing>",2,train
600,2_648,0.0,0.0,0.0,1.0,0.0,0.0,0.0,0.0,0.0,0.0,0.0,"cvs commit: jakarta-commons/httpclient/src/java/org/apache/commons/httpclient MultiThreadedHttpConnectionManager.java 
   <tabular> <log_data> <tabular> <log_data> <tabular> ",2,train
601,2_650,0.0,0.0,0.0,1.0,0.0,0.0,0.0,0.0,0.0,0.0,0.0,"RE: bug or misunderstood feature? 
 I suggest updating to version 3.2.  I looked at the 
forgiegn key collection code generated by this 
version and it does check to see if the criteria 
has changed.  I suspect it was one of the bugs 
fixed.

 <quotation>  Please be advised that this e-mail and any files transmitted with it are confidential communication or may otherwise be privileged or confidential and are intended solely for the individual or entity to whom they are addressed.  If you are not the intended recipient you may not rely on the contents of this email or any attachments, and we ask that you  please not read, copy or retransmit this communication, but reply to the sender and destroy the email, its contents, and all copies thereof immediately.  Any unauthorized dissemination, distribution or copying of this communication is strictly prohibited.",2,train
602,2_651,0.0,0.0,0.0,1.0,0.0,0.0,0.0,0.0,0.0,0.0,0.0,"RE: how to get ant sysproperties 
 <quotation> JB's imagination parallels reality.  Java system properties only exist
within the context of a single JVM instance, just like how environment
variables only exist within a single process (and subprocesses of that
process).

If you want to play with running all your tests in the same JVM, look
into the ""fork"" and ""forkmode"" parameters to the junit ant task.


 <closing> ",2,test
603,2_653,0.0,0.0,1.0,0.0,0.0,0.0,0.0,1.0,0.0,0.0,1.0,"Bash / Promise Controller 
 I am new to Freebsd and have some questions concerning the settings of the
bash shell under FreeBSD and the Kernel Configuration.

1. I have been using the bash under linux for years and I would like to
configure in such a way under freebsd that it resembles my linux-settings as
close as possible. I have already installed the bash as default shell, but I
am stilg some things. I wolike ike to have colored ls-output and in jed
nothing seems to be working. I cant acess the Menu with Alt+Key, Backspace
does not work and I cant scroll down with page up /down. I also would like
to be able to browse for example ls output with Shift-Page-Up/Down. How can
I achive this ? I have just noticed another weird phenomen : When I use jed
via ssh arrow key down scrolls down until jed itselfs vanished in the upper
part of the screen. 


2. 
I am currently creating a custom kernel config. ( I have read the manual in
the handbook). But I still have some questions : What is with the modules ?
Are options I comment out in the kernel automatically compiled as modules ?
And does the GENERIC-File include all the possible kernel options ? I am a
bit confused because I have not found an option for my Promise 133TX2. 
The Standard-Kernel recognizes it just fine. I also did not find even
limited choices for sound card support. 

 <closing>  ",2,train
604,2_656,0.0,0.0,0.0,0.0,0.0,0.0,0.0,0.0,0.0,1.0,,"A Victorious New Israel 
 <salutation> A Exodus
A New Israel 
http://county-map.digital-topo-maps.com/texas.shtml

President Jalal Al Talabani of Iraq is in the U.S. receiving medical 
treatment. I suggest Jalal and Bush announce the purchase of land in 
Texas with the Iraqi oil windfall where the New Israel will be 
located. Jalal will be the hero of the Arab World for solving the 
Israeli problem, thus weakening the advance of radical Islam. Other 
moderate Arab Nations could contribute to the purchase of the seven 
counties located on the Texas, Mexican border along the Rio Grande 
River. The counties of Cameron, Hidalgo, Willacy, Webb, Zapata, and, 
Starr, add up to 8,008 square miles. Israel is 8,019 square miles. 
Jalal could be the Peacemaker and offer to help America with its fuel 
crisis, offering us a discount rate on oil till our economy recovers. 

Israel could prosper in this peaceful part of the world. They could 
harness the wind to make electricity. They could build a fresh-water 
pipe that will bring fresh water to this arid part of the world from 
the Mississippi, turning New Israel into the Garden Belt of the South 
West. As our troops come home from Iraq, they can swing by Israel and 
bring God's Chosen People to the Land of the Free. I see a Peaceful 
Isolationism of all the Americas, that will include New Israel. We 
can be free of all the trouble that plagues the Old World. 

As for Israelis, there is no looking back lest they are turned to 
stone. I am sure the Jews will miss their antiques, but, after Moses 
brought God's people out of Egypt did any Jew want to take a tour of 
Egypt, stand before the Pyramids, and exclaim; 

""I built those pyamids!"" 

God wants us to MAKE Peace! This is possible in the New United 
Americas! 

  ""The sources said that the escalating Iranian nuclear issue since 
Iran's response on western incentives to stop uranium enrichment may 
push President Al Talabani into further talks with the Americans. 
Fouad Massoum, a prominent Kurdish leader who is close to Talabani, 
told Gulf News Iraqi leaders have always tried to bridge the gap 
between Iran and the US and they have succeeded in the past. ""The 
goal is to support security in Iraq, to create an atmosphere inducive 
to dialogue between Iran and the US on issues of interest to the 
region, because the security of the region serves the security of 
Iraq,"" he said. 

http://www.unu.edu/unupress/unupbooks/80157e/80157E07.htm 

http://forttumbleweed.net/rockport.html 

http://en.wikipedia.org/wiki/Tamaulipas 

http://www.maps-of-mexico.com/tamaulipas-state-
mexico/tamaulipas_mexico_map-main.shtml 

http://geology.com/county-map/texas.shtml 

http://en.wikipedia.org/wiki/Laredo,_Texas 


BAGHDAD: Georgia's contingent in Iraq was preparing Sunday to head 
home to join the fighting against Russia in the breakaway province of 
South Ossetia. 

Georgia has asked the U.S. military to provide transportation, but 
arrangements haven't been finalized, said Col. Bondo Maisuradze, 
commander of the Georgia brigade. U.S. officials could not confirm 
details, and said all options were being considered. 

""We are almost ready to redeploy,"" Maisuradze said in a telephone 
interview Sunday. ""Our government has requested the removal of all 
our forces, but we are still waiting for the flight schedule."" 

Georgia is the third-largest contributor to coalition forces after 
the U.S. and Britain. The troops moved last year from the relatively 
safe Green Zone in Baghdad to an area southeast of the capital to 
help interdict supplies allegedly being smuggled to Shiite extremists 
from Iran. 
The U.S. military has said the departure of the Georgian contingent 
will have ""some impact"" in the near term but no significant long-term 
effect on Iraq's security. 

An Israeli Strike on Iran, a Plan That Just Doesn't Fly 


By Bernard Avishai and Reza Aslan 

Sunday, August 10, 2008; Page B03 

The Bush administration seems less and less likely to launch a 
parting strike on Iran's nuclear installations -- but Israel isn't 
sounding nearly so tranquil. The talk from Jerusalem will almost 
certainly grow more strident as the competition to replace the 
country's scandal-plagued prime minister, Ehud Olmert, intensifies. 
Former Israeli defense minister Shaul Mofaz is running hard against 
the less hawkish Foreign Minister Tzipi Livni to succeed Olmert as 
leader of the governing Kadima Party; he recently told Israel's 
dominant daily newspaper, Yediot Ahronot, that an attack on Iran 
was ""unavoidable."" And Binyamin Netanyahu, the right-wing opposition 
leader who might well beat either Livni or Mofaz in a general 
election, is also likely to think seriously about a preventive 
Israeli raid. 

Meanwhile, prominent Israeli military analysts, officials and writers 
are insisting that Iran constitutes a mounting ""existential threat."" 
Take one of the country's most important historians, the erstwhile 
dove Benny Morris, who recently predicted in the New York Times 
that ""Israel will almost surely attack Iran's nuclear sites in the 
next four to seven months"" -- roughly (and not inconveniently) the 
period between the U.S. presidential election and the departure of 
the Bush administration. Morris claimed that his view that Israel's 
existence was on the line is shared ""across the political spectrum."" 
In Israel today, anyone who resists such talk risks becoming an 
appeaser amid a chorus of Churchills. 

Leave aside the possibility that the threat of an Israeli attack may 
be designed to give leverage to U.S. and European diplomats 
pressuring Iran to abandon its nuclear efforts. Leave aside the 
question of whether, if you believed that such a strike was truly 
imminent, you'd predict it in a major newspaper. Leave aside the fact 
that no Israeli strike could happen without a U.S. green light and 
permission to fly over Iraq. And leave aside the perennial suspicions 
that Israel's military elite, which sees the Jewish state as the 
West's foremost strategic asset in the region, also tends to see the 
Middle East through the prism of the ""clash of civilizations"" between 
Islam and the West. Could Israeli threats be serious? 

We hope not, because we don't buy the underlying premises. Here's the 
argument one hears almost daily in Israel: Iranian President Mahmoud 
Ahmadinejad is a jihadist fanatic; he is bent on (as he put it) 
wiping Israel ""off the map,"" and his insistence on denying the 
Holocaust shows that he may be vile enough to perpetrate another one; 
the Iranian regime is on the fast track to developing a nuclear 
weapon. So the West -- and if not the West, then Israel alone -- must 
treat Iran as though it were the national equivalent of a suicide 
bomber. It must strike now, without hesitation, before it's too late. 


  ",2,train
605,2_659,0.0,0.0,1.0,0.0,0.0,0.0,0.0,0.0,0.0,0.0,1.0,"[HWmk8DgjqZZ66oms@example.com: Poor performance over DSL link] 
 Could you please help him figure out what causes this traffic?

    <salutation> I just upgraded from Emacs 20.7 to 21.2, and I am suddenly seeing high traffic
on my DSL link whenever the mouse is positioned over my Emacs window, even if
my hands are off the keyboard and mouse.  Under 20.7, if I didn't touch the
keyboard or mouse, there was no network traffic.  Emacs 21.2 seems sluggish
over a DSL link; could this be why?

More details:

I am running ""GNU Emacs 21.2.1 (i386-redhat-linux-gnu, X toolkit, Xaw3d scroll
bars) of 2002-04-08 on porky.devel.redhat.com"" on a Linux 7.3 system and
displaying through Exceed 7.0 to a Windows 2000 system.  However, I see
the same problem displaying through VNC, so I suspect the problem arises
from within Emacs.  (If I move the mouse off the Emacs window, the extra
traffic stops.)

I have tried turning off scroll bars and tooltips, but neither has any effect.
I have searched the Internet for similar reports, and I see various complaints
about the performance of various versions of Emacs over slow connections, but
nothing that seems relevant to fixing the problem.

Is there something else I can disable in order to stop this network traffic
and restore my editing performance?

 <closing>   ",2,val
606,2_661,0.0,0.0,0.0,1.0,0.0,0.0,0.0,0.0,0.0,0.0,0.0,"RE: MBR problem with FreeBSD 5.3 beta 
  <quotation> I have the same problem with 5.3 beta-2.
How about some details explaining how you reset the HD to LBA mode.

This is a bug with 5.3 that needs to be reported back to the
development team so it gets fixed by next weekly beta release.



  ",2,train
607,2_662,0.0,0.0,1.0,0.0,0.0,0.0,0.0,0.0,0.0,0.0,1.0,"Re: qestion 
  <quotation> 	Yes i know about CURRENTUSER , but i need ip address to intentify
clients.
 <quotation> but can i change pg_hba.conf with result , without restarting ?


   http://archives.postgresql.org",2,train
608,2_667,0.0,0.0,0.0,1.0,0.0,0.0,0.0,0.0,0.0,0.0,0.0,"Re: [Patch] Fix crash in kolf 
  <quotation> But it is (without my patch) - therefore the static is useless.


 <closing>",2,train
609,2_669,0.0,0.0,0.0,1.0,0.0,0.0,0.0,0.0,1.0,0.0,0.0,"Re: Re:evo / ORBit2 oddness... 
 you are suffering from a glibc 2.3.2 bug in gethostbyaddr_r() - you'll
need to remove all blank lines and comment blocks from /etc/hosts

 <closing>  <quotation>    ",2,train
610,2_671,0.0,0.0,1.0,1.0,0.0,0.0,0.0,0.0,0.0,0.0,1.0,"Re: Gitk feature - show nearby tags 
  <quotation> As you now know, the way it works is that it takes an unordered
set of committishes, and performs a set operation that says
""include everybody reachable from positive ones while excluding
everybody reachable from negative ones"".  --topo-order tells it
to topologically (instead of doing the commit date-order which
it does by default) sort the resulting list.  The resulting list
is then written out.

 <quotation> I suspect it would break quite many things.  Existing users use
the command knowing it is a set operation on an unordered set of
committishes, and expect the command to behave that way.  Also
the most typical use A..B translates to ^B A (either internally
or by rev-parse) so ""the first"" would typically be a negative
one.

I think your ""start from positive ones, traverse one by one and
stop traversal that hits the negative one"" logic requires the
negative one to be directly on the traversal paths starting from
positive ones to have _any_ effect.  We often ask ""what's the
ones that are still not merged to the master from the side
branch"" while dealing with topic branches:

         c-------d---e master         time flows from
        /       /                     left to right
 --a---b---x---y---z side

and the way to ask that question is ""rev-list master..side""
(which is ""rev-list side ^master"").  It should list z and not
show y nor x nor b nor a.

In order for it to be able to notice that y should not be
listed, it needs to perform traversals from negative ones as
well in order to learn that y is reachable from master.  

How would you ask the same question to the modified rev-list
that does ""start from positive ones, traverse one by one and
stop traversal that hits the negative one"" logic?

I think one useful thing we can do is to generalize what
""describe"", ""nave-rev"", and ""merge-base"" do to have a command
that takes a committish X and a set of other committish T1..Tn,
and examines if Ti (1<=i<=n) is reachable from X and if X is
reachable from Ti (1<=i<=n), and give a short-hand to specify
the set of T for common patterns like --heads --tags and --all.

But that would not be rev-list; I suspect you would end up doing
something quite similar to what show-branch does.",2,test
611,2_674,0.0,0.0,0.0,1.0,0.0,0.0,0.0,0.0,0.0,0.0,0.0,"Re: Linux traffic shaping problem 
  <quotation> You can filtered your Linux Box (the router one)
filetering with IPTables (kernel 2.4 or 2.6) or
IPchains (kernel 2.2).
You must filtered your ethernet card (the one which
have the public address and then route your ""clean""
 <quotation>      ",2,train
612,2_677,0.0,0.0,1.0,1.0,0.0,0.0,0.0,0.0,0.0,0.0,1.0,"Re: Next release - when? 
  <quotation> Seems good.


 <quotation> Refactoring the website? I’ve already been told several times that it 
was difficult to find its way on it. Last time I mainly rephrased a few 
sentences and removed broken links, but didn’t do much more. And 
I didn’t even touch the ‘Development’ tab which is progressively 
becoming out-of-date.

Should I add that this is not a trivial task and that I’ll have no time 
for that in the next couple of months? :-P


I was also thinking about making this a beta release. With the major 
changes that we made we can’t be sure that no regression has been 
introduced as well. The 0.94 release taught me that even if many bugs 
were fixed, users will stumble upon regressions and (rightly) complain 
about them.

So, what about a 0.95 beta?

 <closing>   ",2,train
613,2_680,0.0,0.0,0.0,1.0,0.0,0.0,0.0,0.0,0.0,0.0,0.0,"Re: Ekiga 2.9.90. Can't use video-audio to communicate
 two distant places under NAT. 
  <quotation> Since about 1 month, ekiga shows a dialog box (instead of ""badNatType"" 
message) with a few information.

  ",2,val
614,2_686,0.0,0.0,0.0,1.0,0.0,0.0,0.0,0.0,0.0,0.0,0.0,"Re: Freesurf Range poluted by open relays?!? 
 For a service like 'freesurf' with more or less 'anonymous'
users it would make sense to block port 25 anyway. (on the ISP
side).

 <closing>   <quotation>  ",2,val
615,2_690,0.0,0.0,0.0,1.0,0.0,0.0,0.0,0.0,0.0,0.0,0.0,"Re: Confluence slow and unresponsive? 
 That sounds right to me. It is certainly something that I have started
seeing relatively recently.
-AZ


  <quotation>    ",2,train
616,2_691,0.0,0.0,1.0,0.0,0.0,0.0,0.0,0.0,1.0,0.0,1.0,"IRC Server? 
 Who would use an IRC server if I set one up?  It's my preferred method
for real-time group communications when the list isn't appropriate
(virtual hallway meetings, etc).

 <closing>",2,test
617,2_696,0.0,0.0,0.0,1.0,0.0,0.0,0.0,0.0,0.0,0.0,0.0,"PAUSE upload - Crossfire-0.92 
 This is a notification from PAUSE of a new upload.
  <log_data> <tabular> <log_data> <tabular> No action is required on your part
Request entered by: MLEHMANN (Marc Lehmann)
Request entered on: Wed, 18 Oct 2006 12:58:49 GMT
 <tabular> <closing>    http://cpan.uwinnipeg.ca/dist/Crossfire",2,test
618,2_698,1.0,0.0,1.0,1.0,0.0,0.0,0.0,0.0,0.0,0.0,1.0,"Re: record the information about access main memory 
 Thanks for your response. I do not use any share cache. In my configuration,
each processor has private L1 and private L2 cache. Then I want to find
which pages are accessed by processor 1 or processor 2. In this case, can
you give me some ideas?

  <quotation>  ",2,train
619,2_699,0.0,0.0,0.0,1.0,0.0,0.0,0.0,0.0,0.0,0.0,0.0,"Bug#221703: latex2html: 221703: now DFSG-free! 
 According to a Fedora person, latex2html is now DFSG-free:

http://spot.livejournal.com/299674.html

At first glance this appears to be true, the new LICENSE file is GPLv2:

http://saftsack.fs.uni-bayreuth.de/~latex2ht/current/latex2html-2008.tar.gz

   <closing> http://wiki.debian.org/PaulWise",2,test
620,2_701,0.0,0.0,0.0,1.0,0.0,0.0,0.0,0.0,0.0,0.0,0.0,"Re: [BUG] at drivers/char/vt.c:3332 do_blank_screen() on resume 
 <salutation> <quotation> Contact fbcon people... They are calling do_blank_screen+0x4e/0x218
from fbcon_event_notify+0x8f1/0xa1e ... probably without taking
neccessary locks.

Aha, it seems their blanking code triggers _while_ resuming, which is
not exactly nice.

 <closing>   (cesky, pictures) http://atrey.karlin.mff.cuni.cz/~pavel/picture/horses/blog.html",2,test
621,2_704,0.0,0.0,0.0,1.0,0.0,0.0,0.0,0.0,0.0,0.0,0.0,"Re: cvs commit: LFS/BOOK index.xml 
  <quotation> Easier to read.  Also, 2004-01-13 is clearly a date format, it is even
the ISO date format, whereas 20040113 could be a serial number.

 <closing>  ",2,train
622,2_705,0.0,0.0,0.0,1.0,0.0,0.0,0.0,0.0,0.0,0.0,0.0,"Re: How to report your azalia(4) problems 
  <quotation> Just to mention that since my last -current upgrade (21/03), my laptop
(an HP NX6310) displays different mixerctl table, which is much more
understandable than before - here is the sdiff output:

outputs.spdif.source=os        | outputs.dac02.source=hdaudio
 <log_data> I browsed but couldn't find quickly when the change was made; thanks
anyway to whoever did it; otherwise it works just fine, including
through the speakers.

There are a few niggles - I can't figure out how to change the volume
within moc - it apparently responds to the ,. command, but the volume
stays the same, whereas amarok and vlc seems to be able to do it.

 <quotation> ",2,test
623,2_709,0.0,0.0,0.0,1.0,0.0,0.0,0.0,0.0,0.0,0.0,0.0,"incremental search in vim 
 <quotation>",2,test
624,2_718,0.0,0.0,0.0,1.0,0.0,0.0,0.0,0.0,0.0,0.0,0.0,"Re: Combatting Spam.. 
  <quotation> Through watching your maillogs and collecting stats.

As far as I know, AOL and Yahoo *always* use FQDNs in their HELO 
annoucements. I haven't received any mail from Compuserve in the last 
five years or so, which means the probability of zapping legitimate 
mail, even if they do announce themselves that way, is close to nil. And 
it catches buckets of spam.

I'm seeing more of HELO google.com though...

 <closing>",2,train
625,2_720,0.0,0.0,0.0,1.0,0.0,0.0,0.0,0.0,0.0,0.0,0.0,"Remedy Product download 
 <salutation> I would download one of remedy clients form remedy support site but I
encounter that downloads are not available, now there are only the
option to recipe products by mail. There are not other way to obtain a
Remedy Administrator 6.3?

 <closing>  <log_data> make 
you aware that this change to the Website address will also affect OHIM e-mail addresses. Therefore, as of 
the same date, +UyISdZAQeAqXsk4@example.com will become h1vQcwwo/JKcvoFO@example.com. Please remember to update 
your OHIM contact addresses.
     ",2,train
626,2_721,0.0,0.0,1.0,0.0,0.0,0.0,0.0,0.0,0.0,0.0,1.0,"/usr/mdec/*.rom in 1.6* 
 can these bootloader boot older kernel (1.3.3, 1.4.*) as well?


  Where do you think you go today?",2,train
627,2_722,0.0,0.0,1.0,1.0,0.0,0.0,0.0,0.0,0.0,0.0,1.0,"Chiniese Name Gender Recognition 
 <salutation>     Now I am studying on Chinese Name Gender Recognition. The input is a
Chinese name. The output is the corresponding gender. I used decision trees
method. But finally, the accuracy is only about 70%.

    Do you know any other method which can achieve higher accuracy? And is
there somebody has done any similar research?

 <closing>  Information Retrieval Laboratory

  <tabular>",2,val
628,2_724,0.0,0.0,0.0,1.0,0.0,0.0,0.0,0.0,0.0,0.0,0.0,"Re: Error trying to start nxserver 
 sorry, this is right


  <quotation> <salutation> have a look at the gentoo-nomachine.diff.

  <raw_code>  <closing>",2,train
629,2_726,0.0,0.0,0.0,1.0,0.0,0.0,0.0,0.0,0.0,0.0,0.0,"[TurboGears] #1198: DBTest barfs when using Genshi,
 because inspect.isclass sucks 
 <tabular>  Genshi, because inspect.isclass doesn't work as one might hope.  In fact,
 <log_data> <raw_code> <tabular>  <quotation>  True
 <raw_code>  This means that:

 <raw_code>  Type ""help"", ""copyright"", ""credits"" or ""license"" for more information.
 <quotation>  Traceback (most recent call last):
 <log_data> <tabular>  Here is a patch against 1.0b2 that does what I think you intend:

      ",2,test
630,2_727,0.0,0.0,0.0,1.0,0.0,0.0,0.0,0.0,0.0,0.0,0.0,"Re: [cvs] commit: ulaform display.php 
 oh and as someone pointed out (thanks chuck), just a plain old
<?php
 <raw_code> ?>
would do too!

 <closing>  <quotation>  ",2,train
631,2_729,0.0,0.0,1.0,0.0,0.0,0.0,0.0,0.0,0.0,0.0,1.0,"Re: bktr problems 
  <quotation> When u use a version of bktr_card.[ch] and bktr_tuner.[ch], that is old enough,
the tuner can be set/detected again?

Could u send us a diff between the current version and the version, that
detects/behaves nicely?

 <closing>    ",2,test
632,2_733,0.0,0.0,1.0,0.0,0.0,0.0,0.0,0.0,0.0,0.0,1.0,"Re: org mode and preview-latex 
 dvipng is installed on my system, it is included with texlive 2008
I am curious to know if anybody got this work with carbon emacs on the  
mac.

 <closing>  <quotation>  ",2,test
633,2_735,0.0,0.0,1.0,1.0,0.0,0.0,0.0,0.0,0.0,0.0,0.0,"Re: Subject: [PATCH] ppc4xx: Fixed compilation warning in
	4xx_enet.c 
  <quotation> This patch still doesn't apply clean. And also the subject it corrupted:

Subject: [PATCH] ppc4xx: Fixed compilation warning in 4xx_enet.c
  Please fix and resubmit. Thanks.

 <closing>   ",2,train
634,2_748,0.0,0.0,0.0,1.0,0.0,0.0,0.0,0.0,0.0,0.0,0.0,"Building Windows Server Extensions Using VC++ 2005 
 <salutation> I've been able to successfully build server extension using Visual 
Studio 2005 for Windows Postgresql 8.1.  However, it took a few tweaks 
which I thought I should document (maybe these issues could be fixed in 
future postgresql versions?):


1.  There is no lib file for VC++ to link against.  This can be created 
easily enough by going to src/backend directory and running:

 <raw_code> Note the use of /NAME to tell VC++ it is linking against an executable 
and not a dll.

It would be nice if this lib file was automatically installed on windows 
when installing postgresql.


2.  Requirement on strings.h

In c.h:69 there is this code:

 <log_data> <raw_code> In pg_config.h:405 this is defined:

 <raw_code> However, Visual Studio 2005 does not include this file.  For a 
workaround I simply added it but that's a bit of hack.


3.  This is a bigger issue, and took a while to figure out. If you try 
to use the Version 1 calling convention, your function will be called 
but if you try to do anything with the passed in parameters a 
segmentation fault will occur.  If you use the Version 0 calling 
convention things work fine.

The problem is if you use PG_FUNCTION_INFO_V1 postgres does not see the 
generated function because it is not exported from the dll and thus 
assumes the Version 0 calling convention when in fact your function is 
using Version1.  The problem is in fmgr.h:298

 <raw_code> For windows to export this function it must be:

 <raw_code> Would it be possible to add a DLLEXPORT macro here to fix this?


4.  Last, and the biggest issue, if my function calls pfree it blows 
up.  What is happening is that pfree somehow ends up pointing to a 
random spot in memory - thus when you try to call it you execute invalid 
code (in fact you never execute pfree at all as far as I can see).  I 
worked around this by using pgport_pfree which does work.  Haven't a 
clue why...


Here is the assembly for successfully calling pgport_pfree:

 <raw_code>  <log_data>  <log_data>  <log_data>  And here is pfree.  Note at the end the code tries to execute ""db"" at 
005E1560 causing a segmentation fault.

 <raw_code>  <log_data> pfree:
 <raw_code> Hope this helps others.  It would be great if building postgresql server 
extensions with VC++ worked out of the box on Windows (in addition of 
course to using MingW) since I think it would open up a wider audience.

 <closing>",2,train
635,2_750,1.0,0.0,0.0,1.0,0.0,0.0,0.0,0.0,0.0,0.0,0.0,"Re: conflict between multiple py:match expressions 
  <quotation> Yes and big thanks for that! It works indeed. I think I had another
inheritance related problem with py:match but can't remember it right
now....

    ",2,train
636,2_756,0.0,0.0,1.0,0.0,0.0,0.0,0.0,0.0,0.0,0.0,1.0,"Re: Pattern matching 
 You're right! I'm sorry...that's what I meant to type, but evidently I had a
problem with the COPY...PASTE process! Duh.  Here's what I meant:

[0-9][0-9][0-9]-[0-9][0-9][0-9]-[0-9][0-9][0-9][0-9]
 <raw_code> <log_data> <raw_code>    <tabular> Is it just me, or am I seeing X's all over the place????

I think you meant to go [X][0-9][0-9][0-9][0-9][0-9] and then decrease by
one [0-9] in each OR statement to the last one.

    <log_data> by logical OR statements, as in:

[0-9][0-9][0-9]-[0-9][0-9][0-9]-[0-9][0-9][0-9][0-9] X[0-9][0-9]
 <log_data> <raw_code> Certainly not elegant, but I'm pretty sure it'll work.

 <closing>    I know this question has been ask, but I am not been able to find the
specific answer to this pattern match.

I have a phone number field and I know that
[0-9][0-9][0-9]-[0-9][0-9][0-9]-[0-9][0-9][0-9][0-9] will force them to type
in 555-555-1234 for a phone number. But what if you have an extension and
you want them to put a space then a Capitol X and then at least 1 number and
up to five numbers.
 <log_data> numbers optional.

 <closing> ______________________________This posting was submitted via the Web
  Web interface

______________________________This posting was submitted via the Web
 <log_data>  ",2,train
637,2_761,0.0,0.0,0.0,1.0,0.0,0.0,0.0,0.0,0.0,0.0,0.0,"Re: second try; writing user-defined GLM link function 
  <quotation> You can (and probably should) set dispersion=1 when calling summary. That 
would happen automatically if you set the family name (not the function 
name but the ""family"" component) to ""binomial"" (which is what it is, 
albeit with an additional link).

 <quotation>    ",2,train
638,2_768,0.0,0.0,1.0,0.0,0.0,0.0,0.0,0.0,0.0,0.0,1.0,"Target Settings box does not come up 
 In an afford to upgrade to the latest Insight I managed to
- get the latest sources form CVS
- patch the TCL and TK sources to allow it to compile with the w32api
 <log_data> When I start Insight and click on File->Target Settings nothing happens.
When I connect anyway (it probably remembered the settings from previous
sessions) and try to download my program it says: ""DOWNLOAD FAILED:
Memory access error while loading section .text"" which is strange since
it does download with Insight 5.2.1.

Any idea what is wrong?

 <closing>",2,train
639,2_771,0.0,0.0,0.0,1.0,0.0,0.0,0.0,0.0,0.0,0.0,0.0,"Re: [SLE] Network problems Help!!!! 
 If 192.168.1.2 (the NT) is the box is the one connected to the outside 
world, then ""route add default gw 192.168.1.2"" on the .251 box. ""route 
-n"" should show

  0.0.0.0 192.168.1.2  0.0.0.0         UG    0      0        0 eth0
You would also need to set up the gateway machine to forward packets, 
otherwise you won't be able to get anything in or out. There should also 
be a nameserver in /etc/resolv.conf
nameserver 192.168.1.2 (or other address if you know of an external 
nameserver). If the NT box was set up by a cable/DSL company, there 
should be less to do with it. Can't help you on NT as I'm not Microsoft 
literate.
 <closing>  <quotation>    ",2,test
640,2_774,0.0,0.0,1.0,1.0,0.0,0.0,0.0,0.0,0.0,0.0,1.0,"Re: Griffen's new iTrip reviewed at ipoding.com 
 <quotation> Have you used any FM transmitters other than the iTrip? I can't speak for its
quality yet (since I have yet to receive my pre-order), but with all the
other FM transmitters out there I have yet to use one that's really good
with regard to both signal quality and audio quality.

I've tried a generic one I bought at Best Buy for $14 which was terrible. Its
pros were that it plugged into the cigarette lighter socket for power. Its
major con was terrible signal and constantly having to fiddle with the 
frequency knob.

I've tried an iRock which is by far the best that I've used so far. It only
has 4 frequencies but once you choose one, it's rock solid. The cons are that
it eats through batteries like no tomorrow. The signal range is pretty flat --
highs become very staticy and lows mushy. I've also had to buy two so far
because the audio cable on it has died (about to have to get a 3rd as this one
is starting to go on the fritz). However, each one did last about 6 months.

Finally, I've tried the TransPod which was one of the worst products I've ever
bought. It had terrible build quality, was clunky, felt really cheap, and was
just a mess to use. Oh, and its frequency range was on par with the generic
transmitter mentioned earlier.

The only FM transmitters that are really good are the ones that run in-line
with your car's radio antenna and are powered by the car's 12V power-source -
and require professional installation if you're not versed in automotive
electronics. With the portable ones, the iRock is the best that I've used so 
far, but it's by far not a panacea.

I do have a question though, if you have a Line-In on your car stereo (I'm
not so lucky), then why are you bothering with an FM transmitter for your
car? 


   ",2,train
641,2_775,0.0,0.0,0.0,1.0,0.0,0.0,0.0,0.0,0.0,0.0,0.0,"Re: setting up in.time 
  <quotation> Sorry, I meant ""net"" there, rather than ""next"" - need to get some sleep.

   <tabular>  ",2,train
642,2_776,0.0,0.0,1.0,0.0,0.0,0.0,0.0,0.0,0.0,0.0,1.0,"Re: [S] Re: Problems with non scrollable cursors 
  <quotation> Actually using the cursor multiple time is what I was thinking...
In fact, I can keep an open database connection only for large result 
set and use a one time connection for all the others.
My problem is that I cannot scroll back using a cursor... I'm wondering 
If I have to modify the jdbc driver or the back end or if there are 
other solutions, less time consuming...

 <closing>   <quotation>  <log_data> ",2,train
643,2_777,0.0,0.0,0.0,0.0,0.0,0.0,0.0,0.0,0.0,1.0,,"cvs: pear /DB_DataObject DataObject.php 
  <tabular> <log_data> <tabular>   ",2,train
644,2_778,0.0,0.0,1.0,1.0,0.0,0.0,0.0,0.0,0.0,0.0,1.0,"[c-nsp] Six cos in the core 
 <salutation> Would like to know if there are any Service Providers who have implemented
Six cos queues in the core. Cisco seems to claim that for supporting Tele
Presence application it needs to be queued in a dedicated queue in the SP
core. Has any one done something on these lines for supporting Tele
Presence rooms?

 <closing>  ",2,test
645,2_780,0.0,0.0,0.0,1.0,0.0,0.0,0.0,0.0,0.0,0.0,0.0,"Re: via82xx sound problems. 
  <quotation> His post indicates that the PCM devices for his card don't even exist. 
I'll wager it's not a permission problem ;-)

 <quotation> Let me say first that this was an almost perfect bug report. Take a gold 
star for the day.

Your user-space setup appears to be fine; however, the ALSA modules do not
seem to like your card. The only useful piece of information you missed
was the output from dmesg. No-one can see what's going wrong without that. 

For reference, here's what I have:

 <log_data> <raw_code> <log_data> <raw_code> <log_data> <raw_code> <log_data>    ",2,train
646,2_784,0.0,0.0,0.0,1.0,0.0,0.0,0.0,0.0,0.0,0.0,0.0,"SF.net SVN: geeqie:[1352] trunk/ChangeLog 
 <tabular> <log_data> <tabular>   Move declarations at the beginning of blocks.


This was sent by the SourceForge.net collaborative development platform, the world's largest Open Source development site.

    ",2,test
647,2_789,0.0,0.0,1.0,1.0,0.0,0.0,0.0,0.0,0.0,0.0,1.0,"Re: New Article on XProgramming.com 
 <quotation> [NB: solution1 = the longer, OO solution;
     solution2 = the procedural one.      ]

Yes, exactly. The fact that solution1 required 110 more LOC is surely
more a statement on the uselessness of LOC as a metric. It is mostly
scaffolding - actually, the two solutions are (nearly) the same.

 <log_data> - Clearly it is more scalable. JB's point about bowling's rules not
likely to change is well taken in this context, but  I am trying to
draw larger conclusions from the toy example (possibly foolish!)

- It is more 'expressive of intent'. Each method does one small thing.
This means that parts can be understood in isolation, unlike solution2
which requires reading the whole thing. In fact, if another metric
were used, 'LOC which must be read in order to understand the code',
possibly solution1 would win.

- It is more maintainable. The number '10' appears 4 times in the
second solution - how likely is a small change to accidentaly break
the algorithm?

All of this is because solution1 is better factored. It respects the
'Once' part of 'OnceAndOnlyOnce' - unlike solution2, where there are
concepts present in the solution but not expressed directly in the code.


Therefore I prefer solution1.

So I'm curious: where does my reasoning diverge from yours?


 <closing> PS: ""Would we? [Replace Conditional with Polymorphism]"", you ask. Not
sure that I would either. But if solution2 is to
be preferred, then would you, having reached solution1, refactor
towards simplicity by invoking 'Replace Polymorphism with
Conditional'? Or is it simply that the code doesn't smell bad enough
either way to invite refactoring?


 ",2,val
648,2_791,0.0,0.0,1.0,1.0,0.0,0.0,0.0,0.0,0.0,0.0,1.0,"Re: spa941 
 Yea, finally figured that out.

 

Call pickup doesn't seem to be working, nor does call retrieve from park
orbit.

 

There's also still a problem with the templates that hasn't been
addressed...

 

See: http://track.sipfoundry.org/browse/XCF-2415

 

I can't seem to control the number of calls per line on the phones
through the template nor can I specify number of line appearances.

 

I was able to address the MWI problem by going into the EXT1 setting on
each phone and setting Voice Mail Server to be fclaQTEPgDOTqaS7@example.com but if I
tried setting the MOH settings in there the phone would not register
properly.

 

 

 

  One thing I had to change on the SPA941's from the default values was:

Admin Login> Advanced> Provisioning Tab

Profile Rule: /spa$MA.cfg

Given that the TFTP address that points to the sipx server is provided
via DHCP options they should pick up the config.

 <closing>  <quotation> Do they have an option to have it auto check for firmware when logging
in?
If so set it to get the firmware and config from the server via either
tftp or http.

  ",2,train
649,2_793,0.0,0.0,0.0,1.0,0.0,0.0,0.0,0.0,0.0,0.0,0.0,"CVS: Zope3/src/zope/app/browser/component -
	interfacewidget.py:1.32 
 Update of /cvs-repository/Zope3/src/zope/app/browser/component
 <log_data> <tabular> <log_data> ",2,train
650,2_799,0.0,0.0,0.0,0.0,0.0,0.0,0.0,0.0,0.0,1.0,,"svn commit: r469303 - in /ant/core/trunk: WHATSNEW
 src/main/org/apache/tools/ant/taskdefs/optional/junit/JUnitTestRunner.java 
 <tabular>  <tabular>  <tabular> ",2,val
651,2_800,0.0,0.0,1.0,0.0,0.0,0.0,0.0,0.0,0.0,0.0,1.0,"Re: Alternative binary distribution for Mercury on Windows 
 <salutation> Would you mind posting the innoSetup scripts you used to create the  
installer?

 <closing>  <quotation> ",2,train
652,2_804,0.0,0.0,1.0,1.0,0.0,0.0,0.0,0.0,0.0,0.0,1.0,"Re: remove bluez-pin from default session in FC5 
  <quotation> Do a ""rpm -ql bluez-pin"" and list what files it contains.  It might
include the file it'll put into the menu system.  It should, unless this
package goes along with something else, and *that* one takes care of the
menu.  Otherwise, try ""ll /usr/share/applications/"".

    ",2,train
653,2_808,0.0,0.0,1.0,1.0,0.0,0.0,0.0,0.0,0.0,0.0,0.0,"Re: EventListener fails to update PropertySelection in IE 
 Oh - that is easy to fix. Drop the ""prop"" binding and use ognl.  You won't
need that library anymore anyways..

  <quotation>   Open source based consulting work centered around
dojo/tapestry/tacos/hivemind. http://blog.opencomponentry.com",2,train
654,2_810,0.0,0.0,1.0,1.0,0.0,0.0,0.0,0.0,0.0,0.0,1.0,"Re: [patch/rfc] relocate kconfig ""package name"" to
 Kconfig/environment 
  <quotation> Doesn't need quotes?

 <quotation> Each arch/$ARCH/Kconfig can have (and most do) a ""mainmenu"" entry
  <quotation> ditto.

 <quotation> Why drop the ""version: ""?  I.e., must KERNELVERSION contain that
word if it is desired?


 <quotation> Ditto.

 <quotation> Ditto.

 <quotation> But here at least a 'v' is added... (inconsistent)

 <quotation> Insert $KERNELPACKAGE where ""kernel"" was.

 <quotation>    ",2,train
655,2_812,0.0,0.0,1.0,0.0,0.0,0.0,0.0,0.0,0.0,0.0,1.0,"Re: [PATCH] [VTD] Update vtd.txt 
 <salutation> Someone have the permission?
I could not update it, too.

 <closing>  <quotation>",2,test
656,2_813,0.0,0.0,0.0,1.0,0.0,0.0,0.0,0.0,0.0,0.0,0.0,"Re: OT: Xen 
 <quotation> People seem to be thinking that Xen is only for sharing
a colo machine with somebody else. But it could just as
well be used for one organization to isolate each major
application to a single virtual server, i.e. email server,
general web server, wiki server, hot web app server,
Asterisk server, etc. This way, when one of the applications
justifies its own server, migration is somewhat simpler
because it is not entangled with other applications.

 <closing>",2,train
657,2_819,0.0,0.0,0.0,1.0,0.0,0.0,0.0,0.0,0.0,0.0,0.0,"Test results for 5.2.5 [failed] 
  <log_data>   <log_data> <tabular>  <tabular> <log_data>   <log_data>   <log_data>  <log_data>  <log_data>  <log_data> <raw_code>  <raw_code>    <raw_code>   <log_data>  <log_data>     <log_data> <tabular>  <log_data> This is free software.  You may redistribute copies of it under the terms of
 <log_data> There is NO WARRANTY, to the extent permitted by law.

  <tabular> <log_data> Copyright (C) 2005  Free Software Foundation, Inc.
This is free software; see the source for copying conditions.  There is NO
warranty; not even for MERCHANTABILITY or FITNESS FOR A PARTICULAR PURPOSE.

 <tabular> <log_data> Copyright (C) 2007  Free Software Foundation, Inc.
This is free software; see the source for copying conditions.  There is NO
warranty; not even for MERCHANTABILITY or FITNESS FOR A PARTICULAR PURPOSE.

 <tabular> <log_data> <tabular> <log_data> Bison:
bison (GNU Bison) 2.3
Napisany przez Roberta Corbetta i Richarda Stallmana.

 <tabular> Niniejszy program jest wolnym oprogramowaniem; warunki kopiowania s opisane
w rdach. Autorzy nie daj ADNYCH gwarancji, w tym rwnie gwarancji
PRZYDATNOCI DO SPRZEDAY LUB DO KONKRETNYCH CELW.

 <tabular> <log_data> <tabular>  <log_data> <tabular> <log_data> <tabular> <log_data> This program makes use of the Zend Scripting Language Engine:
Zend Engine v2.2.0, Copyright (c) 1998-2007 Zend Technologies


  <log_data> <tabular> <log_data> <closing> <log_data> <tabular> <log_data> <tabular> <raw_code> <tabular> <log_data> <tabular> <log_data> filter

Input Validation and Filtering => enabled
 <tabular> <log_data> ftp

FTP support => enabled

 <log_data> GD Support => enabled
GD Version => bundled (2.0.34 compatible)
 <tabular> <log_data> <raw_code> <log_data> <raw_code> <log_data> json version => 1.2.1

 <closing> <log_data> <tabular> <raw_code> OpenSSL support => enabled
 <tabular> <log_data> PCRE (Perl Compatible Regular Expressions) Support => enabled
PCRE Library Version => 7.3 2007-08-28

 <log_data> PDO

 <tabular> <log_data> PDO Driver for SQLite 3.x => enabled
 <tabular> posix

 <tabular> Reflection

 <log_data> <tabular> session

 <log_data> SimpleXML

 <log_data> <tabular>  SPL

 <log_data> <tabular> <log_data> PECL Module version => 2.0-dev $Id: sqlite.c,v 1.166.2.13.2.9 2007/05/19 17:58:22 iliaa Exp $
SQLite Library => 2.8.17
 <tabular> <log_data> standard

Regex Library => Bundled library enabled
 <log_data> Tokenizer Support => enabled

xml

  <tabular> xmlreader

 <raw_code> <log_data> XMLWriter => enabled

  <tabular> Environment

 <raw_code> <log_data> <raw_code> <log_data> <raw_code> <log_data> <raw_code> <log_data> )

 <raw_code>  This program is free software; you can redistribute it and/or modify
it under the terms of the PHP License as published by the PHP Group
and included in the distribution in the file:  LICENSE

This program is distributed in the hope that it will be useful,
but WITHOUT ANY WARRANTY; without even the implied warranty of
MERCHANTABILITY or FITNESS FOR A PARTICULAR PURPOSE.

   ",2,test
658,2_824,0.0,0.0,0.0,1.0,0.0,0.0,0.0,0.0,0.0,0.0,0.0,"Re: Re: [interchange-cvs] interchange - docelic modified 5 files 
  <quotation> My question was not loaded in any way. And now that the announcement
has been made, I did think there's a timeframe behind.

 <quotation> What you call duplication, I call redundancy. And during the process
of creating a new set of documentation, I would have valued redundancy quite
high.

 <quotation> short formula about the ""for what purpose"". As it is now obviously too
late to reverse the decision, this may be a moment to explain what led
to it.

 <quotation> I haven't changed my opinion too much since last mail exchange here on
the list: There are the few Interchange developers who don't need the
documentation, and many others who need them to get going.


I wanted to understand the [perl] tag. Result :
DESCRIPTION

  This tag does not appear to be affected by, or affect, the rest of Interchange. 


I needed some background on [if] - Not even listed.


It's simply that I don't understand the priorities of Davor's
documentation project, as you call it.

 <quotation> No problem, Racke. And you point is well taken. Only that I don't have
a very high esteem on how this is done, so count on me for other areas.

 <closing>",2,train
659,2_825,0.0,0.0,0.0,0.0,0.0,1.0,0.0,0.0,0.0,0.0,0.0,"PAUSE upload - MKDoc-XML-0.3 
 This is a notification from PAUSE of a new upload.
  <log_data> <tabular> <log_data> <tabular> No action is required on your part
Request entered by: JHIVER (Jean-Michel Hiver)
Request entered on: Wed, 17 Sep 2003 14:45:33 GMT
 <tabular> <closing>    http://kobesearch.cpan.org/search?cpanid=JHIVER
http://kobesearch.cpan.org/search?dist=MKDoc-XML-0.3",2,train
660,2_832,0.0,0.0,0.0,1.0,0.0,0.0,0.0,0.0,0.0,0.0,0.0,"Re: Slightly OT: Looking for an old domain for spam collection 
  <quotation> yup, and partway through the thread I thought he mentioned an MX as well.",2,test
661,2_833,0.0,0.0,0.0,1.0,0.0,0.0,0.0,0.0,0.0,0.0,0.0,"GNOME CVS: straw jpakaste 
 <tabular> <log_data> <tabular> make format and encoding arguments to utils.format_date optional, use it in all the places where we were previously calling directly strftime and thus causing character set problems

 <tabular>",2,train
662,2_838,0.0,0.0,0.0,1.0,0.0,0.0,0.0,0.0,0.0,0.0,0.0,"RE: Misc Codec Questions.... 
 <salutation>  <quotation> There is no bit growth, ignoring normalisation constants, and ignoring
the fact that you introduce nonlinearity by rounding/truncating. You can
opt for bit growth if you need linearity. Don't forget your sqrt(2) and
sqrt(2)/2 normalisation factors.

 <quotation> I would hazard a guess that perhaps you aren't taking the cumulative
normalisation factor into account when you are checking for
significance?

 <closing>    ",2,test
663,2_843,0.0,0.0,0.0,0.0,0.0,0.0,0.0,0.0,0.0,1.0,,"GNOME CVS: gnome-python jamesh 
 <tabular> <log_data> <tabular> <log_data> * src/pycorba-orb.c (pycorba_orb_work_pending): add orb method.
 <log_data> <tabular>",2,train
664,2_847,0.0,0.0,1.0,0.0,0.0,0.0,0.0,0.0,0.0,0.0,0.0,"Q: Why is inetd disabled? 
 <salutation> Reading 4th ed. printed handbook, it mentions that inetd was disabled 
for security purposes...

Why?  Just out of curiosity and trying to learn more...


 <closing>  ",2,test
665,2_849,0.0,1.0,0.0,1.0,0.0,0.0,0.0,0.0,0.0,0.0,0.0,"Re: How to split multi-layer geotiff images 
  <quotation> <salutation> I don't think GDAL provides a really convenient way of accessing these
multi-images; however, if you know how many directories there are you
can accessing them something like:

  gdal_translate GTIFF_DIR:2:2part.tif out.tif

So, prefix the filename with ""GTIF_DIR:<number>:"".  If <number> is
1 it will get the first directory, 2 for the second, etc.

You can see the dir count with tiffinfo or just try till it fails.

Ideally GDAL would report all the directories (that are no overviews)
as subdatasets but currently it does not.   I you would like to file
an enhancement bug in bugzilla I'll look into doing it at some point.

 <closing>    ",2,train
666,2_853,0.0,0.0,0.0,1.0,0.0,0.0,0.0,0.0,0.0,0.0,0.0,"Re: Re: Serving * does not work 
  <quotation> They should be able to deal with such things. And if there is a note in
docs about then I don't see any problem.


 <quotation> Vaclav Haisman

  ",2,train
667,2_857,0.0,0.0,0.0,1.0,0.0,0.0,0.0,0.0,0.0,0.0,0.0,"Re: download speeds 
 That's because if you search with ""b"" ... you search bittorrent. Read more  
here. http://en.wikipedia.org/wiki/Bittorrent
Basically when you download using bittorrent protocol you also ""have to""  
upload to other peers.
One of those values is upload speed and the other one download speed.

It's different if you download codec, driver ... updates directly from  
server. Then you don't have to upload anything. That's why there is only  
one speed. Download speed.
I hope it's a little bit clearer now. ;-)

  <quotation>  ",2,train
668,2_859,0.0,0.0,0.0,1.0,0.0,0.0,0.0,0.0,0.0,0.0,0.0,"Re: gtk table + scrolled window: not expanding enough? 
  <quotation> you can have a look at:
http://developer.gnome.org/doc/API/2.0/gtk/GtkWidget.html#gtk-widget-get-child-requisition

 <quotation> for this you can look at:
http://developer.gnome.org/doc/API/2.0/gtk/GtkTable.html#GtkTable-struct

as you can see you can decide if the child can expand, shrink and fill.

 <quotation> hope it helps

 <quotation> GMario",2,val
669,2_860,0.0,0.0,0.0,1.0,0.0,0.0,0.0,0.0,0.0,0.0,0.0,"Re: Text Highlight color 
  <quotation> My bad, it was the first four of Flowchart (which also happen to be
simple geometric shapes, hence the confusion). Actually, it's almost all
of the Flowchart shapes, it's just that the first four are implemented
in C while the rest are .shape-defined.

 <quotation> It's one of those early design decisions that is different in Dia from
many other similar tools.  Objects are not required or expected to allow
editable text within them, and there is no way to attach/detach the
text. Only if they implement it themselves (and that's somewhat complex,
as there is no generic support for the whole resizing thing) can it
happen. That's also why so many objects use text in properties. .shape
objects can have editable text in them, but the way the shape
grows/shrinks is rather primitive.

 <quotation> The Box object is a rectangle, but can be constrained to a square.

 <closing>",2,test
670,2_862,0.0,0.0,0.0,1.0,0.0,0.0,0.0,0.0,0.0,0.0,0.0,"Offering 12 port GSM PCI cards for Asterisk 
 <salutation> we are selling 12 GSM port PCI cards for Asterisk. Uses ZAP channel driver.
Suitable for GSM call termination or cellular network interconnectivity. The
price is 2900 EUR. One year warranty.

  ",2,train
671,2_863,1.0,0.0,0.0,0.0,0.0,0.0,0.0,0.0,0.0,0.0,0.0,"server upgrades completed 
 <technical> <tabular> Thanks to Lars Müller and Deryck Hodge, the server
upgrades are complete. Everything should be back to normal
at

* bugzilla.samba.org
* viewcvs.samba.org
 <log_data> Please report any problems that you may notice due
to the upgrades to <wBdRCMGxy1iLLj3h@example.com>.  hanks.

We now return you to your regularly scheduled programs.




 <closing>    <technical>  ",2,train
672,2_867,0.0,0.0,1.0,0.0,0.0,0.0,0.0,0.0,0.0,0.0,1.0,"Re: Can I do a Not Like Search? 
 Can I do a Not Like Search?(NOT('Field' LIKE( ""%"" + $field$ + ""%""))) should
do what you want...
      I have a character field with several rows of numbers. I also have a table
that is displaying all the numbers in the character field that match a
separate table (""%"" + $field$ + ""%"" LIKE 'field'). I also would like a table
that displays any numbers that are not matched. Is there a way to search for
a value that is not like another? If there was a single value in the
character field then this would be easy.

 <closing>      ",2,train
673,2_871,0.0,0.0,1.0,1.0,0.0,0.0,0.0,0.0,0.0,0.0,1.0,"Re: SECURE_SERVER options 
 <quotation> Aside from your URLs being uglier, you should be ok.  Just make sure the settings in catalog.cfg (and in variable.txt, if you use it) include the port.
Really, though, you might consider getting another IP address and using it for the store (both SSL and non).  To me, using a nonstandard port is a sign of either a punk running a web server off of mommy's cable modem, or something more important (read: hackworthy) running on the port the server should be using.

 <quotation> I don't use innodb, so i wouldn't be too helpful in that regard.  
For reference, though, BDB tables can also do transactions.  I haven't tested them performance-wise; i'm just telling what i know.  :)",2,train
674,2_872,0.0,0.0,0.0,1.0,0.0,0.0,0.0,0.0,0.0,0.0,0.0,"Re: [opennms-discuss] Adding MIB to opennms 
  <quotation> Ah, then it's good to say where you searched and that you couldn't  
find an answer. :-)

 <quotation> If it's something like an AgentX sub-agent, then I believe the sub- 
agent's data will appear along with the rest of the data in the  
master agent.  From the view of OpenNMS, it would have no idea that  
there is a sub-agent and you would collect the data as if it was the  
master agent providing it (and, well, it is the master agent  
providing the data to OpenNMS... it's just getting the data from a  
sub-agent instead of directly from something on the system).

If you can see the data from an snmpwalk, or if you get the data  
using snmpget for the specific OIDs that the sub-agent provides, then  
OpenNMS should have no problem gathering it.


	- djg


    ",2,train
675,2_876,0.0,0.0,1.0,0.0,0.0,0.0,0.0,0.0,0.0,0.0,1.0,"server time 
 I am told that our server already runs on NTP.  Any other ideas why it's 1
hour out?

 <closing>    ",2,train
676,2_879,0.0,0.0,0.0,1.0,0.0,0.0,0.0,0.0,0.0,0.0,1.0,"Re: Basic help: SplitContainer 
 Right you are, documentation at
http://dojotoolkit.org/book/dojo-book-0-9/part-2-dijit/layout/split-container
has been updated

 <closing>  <quotation>  <quotation> ",2,val
677,2_880,0.0,0.0,0.0,1.0,0.0,0.0,0.0,0.0,0.0,0.0,0.0,"RE: .. 
 I have been wanting to do an amateur radio baloon launch, sending to the
edge of space to take some pictures and collect data.  It could be very
interesting with an 802.11 link!

   <technical>  <quotation> Which would be fine if there weren't plenty of mountains around. Long before
you get far enough away for the horizon to be a problem, you'll find the
ground going up.

 <quotation> Au contraire. A truly long connection, such as the implied world-record
breaking connection they hope for (but most likely won't get - even with the
mountains) is cool. Using a balloon when mountains are handy, on the other
hand, is less cool. The mountains and hills offer a better chance of
success,
a more stable platform, and have plenty of room open for cool hacks along
the
way.

Look at it this way - if you make a connection from Seattle to Issaquah,
that's a pretty long link and kind of cool, right? But with the same radio
and antenna equipment, plus a bit of climbing, you could make a link from
Mt.
Ranier to Seattle. (In fact, I believe someone posted to the list that it's
been done.) Or, with coordination, Mt. Ranier to Mt. Baker.

If no one had ever done this, that would be one thing. But Hams have done
this
many times over the years, both to tethered and free-floating balloons. If
you *really* are married to the balloon concept, then forget the Vegas
competition - it's not a good venue for it. Make the attempt on your own. If
you want cool geek factor, with balloons, go for something really cool -
manned hot-air balloons, perhaps, and go for a *really* long air-to-air
link.
Or unmanned, and do the same thing - or perhaps point-to-point with balloon
masts, say from San Juan Island to Seattle, or Bellingham to Mt. Baldi. Or,
just to keep thinking big, Vancouver to Seattle. Same engineering problems,
but with a better scope for the effort.

   <technical>",2,train
678,2_885,0.0,0.0,0.0,1.0,0.0,0.0,0.0,0.0,0.0,0.0,0.0,"Re: A000 to A001 possible change 
 <salutation>  <quotation>      This is wrong. In ""open source world"" (unlike ""proprietary software"")
we _may_ compile and test ouselves, but this is not neccesarily, especially
if mantainer prefer to keep more tight control on his branch _and_ remain it
best.

te> if works - fine, tell the maintainers. this way this is plain noise.




  ",2,train
679,2_888,0.0,1.0,0.0,1.0,0.0,0.0,0.0,0.0,0.0,0.0,0.0,"Re: ldirectord not correctly starting after heartbeat upgrade 
  <quotation> Alas, this version of heartbeat had a security alert posted.  
(Potential denial of service)

  <quotation> Hum. Actually, I upgraded to heartbeat2, which built a bunch of  
dependencies (but didn't work, presumably it needs configuring  
differently or somesuch?) and then downgraded back to 1.2.5 and it  
magically started working again.

Looks like a package/deps issue then, so I'll take this to the Gentoo  
bugtracker. Anyway, it's all working again now.

 <closing>   ",2,train
680,2_890,0.0,0.0,1.0,0.0,0.0,0.0,0.0,0.0,0.0,0.0,1.0,"Existing Mysql database 
 I have an existing mysql database, that I want to set up on my now up and
running mysql server. The database is in a file called client.sql...

does anyone know how to set it up with the mysql server to allow connections
to that database on the server?



  ",2,train
681,2_891,0.0,0.0,0.0,1.0,0.0,0.0,0.0,0.0,0.0,0.0,0.0,"Bug#491858: ITA: jzlib -- Reimplementation of zlib in pure java 
 retitle 491858 ITA: jzlib -- Reimplementation of zlib in pure java
owner 491858 !
 <quotation> I'd like to adopt this package.
I'd like to work on :
- packaging new upstream version - 1.0.7
- use a simple CDBS ant rule for packaging

 <closing>  ",2,train
682,2_893,0.0,0.0,0.0,1.0,0.0,0.0,0.0,0.0,0.0,0.0,0.0,"Re: Important commands lose permissions after upgrades. 
 <quotation> Erhm... the drive's fairily recent, it's a ""Maxtor 160GB SATA II
7200RPM 8Mb Cache"" from 2006. The system does the occasional fsck and
the most recent (2-3 days ago) was on /. SMART reported the drive as
beying ok, although i barely used it.

This only happens if i dist-upgrade my system, so i assume it's some
package i have and its pre/post scripts or something similar.

  ",2,test
683,2_894,0.0,0.0,1.0,0.0,0.0,0.0,0.0,0.0,0.0,0.0,1.0,"[Bug 64979] Wish: Nice Thick Frameborders 
  http://bugs.kde.org/show_bug.cgi?id=64979     




    <quotation> Is that about the borders (where the width doesn't matter much since
Ctrl+click selects the frame anyway), 
or is this rather about the resize handles (the 6 squares used to resize a frame)?",2,test
684,2_896,0.0,0.0,0.0,1.0,0.0,0.0,0.0,0.0,0.0,0.0,0.0,"Re: Mdaemon migration 
  <quotation> I don't know much about MDaemon, and not many people here will if it's
an obscure Windows mail server.  Also note that this is a mailing list
for SquirrelMail issues, not for issues pertaining to your mail
server.  SquirrelMail is only a mail *client*.

If you can involve your users and you have given them IMAP access on
both servers, you can simply provide instructions for how they can use
any IMAP desktop client to add both accounts and drag and drop their
messages between accounts.  Otherwise, you can try to see if any of
these options will work:

http://squirrelmail.org/docs/admin/admin-11.html#ss11.2

If none of those work in a Windows environment, it's probably much
better if you contact the MDaemon support resources to find out how to
extract the mail spools in a useful format.


       ",2,test
685,2_897,0.0,0.0,0.0,1.0,0.0,0.0,0.0,0.0,0.0,0.0,0.0,"Re: browser support 
 <salutation> <quotation> You are right. This means that all loadScript statements loading the
files in lines 108-119 of Mapbuilder.js (r3061) could be removed from
other scripts.

 <quotation> loadScript adds the url as id to the script tag, and it checks for
existing urls before adding a new script tag. So it definitely does
not duplicate code, at least not in IE and FF.

 <closing>  ",2,train
686,2_903,0.0,0.0,0.0,1.0,0.0,0.0,0.0,0.0,0.0,0.0,0.0,"Fw: X does not want to start 
   <quotation>  ",2,train
687,2_904,0.0,0.0,0.0,1.0,0.0,0.0,0.0,0.0,0.0,0.0,0.0,"SF.net SVN: breeze:[133] trunk/breeze 
 <tabular> <log_data> <tabular> <log_data>  <log_data>  This was sent by the SourceForge.net collaborative development platform, the world's largest Open Source development site.

  ",2,train
688,2_908,0.0,1.0,0.0,0.0,0.0,0.0,0.0,0.0,0.0,0.0,0.0,"Re: Nightly build is broken 
 That's what I thought given the lack of response.  I will look into it.  Thanks.

 <closing>  <quotation>",2,test
689,2_917,0.0,0.0,0.0,0.0,0.0,0.0,0.0,0.0,0.0,1.0,,"hardeeps: apps playlist.c,1.156,1.157 
 <log_data> <tabular> <log_data>   ",2,val
690,2_920,0.0,1.0,0.0,1.0,0.0,0.0,0.0,0.0,0.0,0.0,0.0,"[PATCHES] Started work on maple driver 
 This is pretty crude stuff and doesn't even work properly in the limited way 
it is impolemented so far, but here it is for your perusal. (NB: these are 
against the maple code in the linuxsh repository).

I have been working on rewriting the maple driver to match the driver model in 
the 2.6 kernel. I've had trouble finding the time to do this properly, so the 
results are very limited - but this will give you entries of a sort in sysfs 
if nothing else :)

Apologies for the stray bits of code loitering here too.

More to follow in the next few days


 <closing>   ",2,train
691,2_924,0.0,0.0,1.0,1.0,0.0,0.0,0.0,0.0,0.0,0.0,1.0,"Re: High Load 
  <quotation> ... and in a different message
 <quotation> Are you aiming to do local or remote deliveries?

In any case exim speed is normally dominated by these factors in order
of importance as I see them:-
     1. Disk (or more correctly) filesystem throughput, in terms of
        operations per second rather than straight throughput.  Many of
        the operations are synchronous (as required by the mail RFCs).
     2. DNS lookups.  Having a good DNS cache nearby (local network at
        least) is a must unless you are only doing local mail ops.
        Personally I put dnscache ( ) on machines.
     3. Network throughput
     4. CPU

RAM is not an issue unless you have too little in which case it makes
disk and even bigger issue :-)   The exceptions to this are if you run
virus scanning or other funnies on the box - in which case CPU/RAM got
much higher up the food chain.

However disk is the single overriding factor.  Putting your queue (even
just part of it - say 2 instances with an overflow to the second
instance for stuff that can't be delivered immediately, first instance
moved) on NVRAM disk makes an amazing difference - as should NVRAM
 <log_data> characteristics.

 <closing>   <log_data>  ",2,test
692,2_929,0.0,0.0,1.0,0.0,0.0,0.0,0.0,0.0,0.0,0.0,1.0,"qbik.ch down 
 http://www.qbik.ch/ seems to be unreachable.  I tried accessing it last week
as well for an update when I first noticed.  Does anyone have any news on
this?



    ",2,test
693,2_930,1.0,0.0,0.0,1.0,0.0,0.0,0.0,0.0,0.0,0.0,0.0,"[jira] Resolved: (GERONIMODEVTOOLS-489) New Dependency popup window
 creates empty xml tags when no value provided 
 [ https://issues.apache.org/jira/browse/GERONIMODEVTOOLS-489?page=com.atlassian.jira.plugin.system.issuetabpanels:all-tabpanel ]

   <tabular> Applied with r687475. Thanks BJ Reed for this patch .....

 <quotation>    ",2,train
694,2_936,0.0,0.0,0.0,0.0,0.0,0.0,0.0,0.0,0.0,1.0,,"Re: VALtUdM news 
 <salutation> <closing> A 
 <closing> X 
  I 
e 
m 
 <closing> A 
a 
I 
A 
 <closing> b 
o 
 <closing> A 
 <closing> i 
i 
z 
I 
a 
 <closing> t 
e 
a 
 <technical> x 
I 
A 
 <closing> <log_data> <closing> a 


  

  
 
http://www.hublecame.com
 
 
 
 
 
You dont have Rodchenko anymore, continued the black-suited man 
from Military Supply, he, too, getting out of his chair. And come to 
think of it, you werent even surprised. 
What? 
For most of us, perhaps all of us, the first thing we do upon rising 
in the morning is to turn on our radios. Its always the same 


  ",2,train
695,2_938,0.0,0.0,0.0,1.0,0.0,0.0,0.0,0.0,0.0,0.0,0.0,"Re: Callbacks 
 <salutation> You can find documentation on callbacks here [1] its the 3rd section

 <closing> [1] http://php.net/manual/en/language.pseudo-types.php

  <quotation>  ",2,test
696,2_942,0.0,0.0,1.0,1.0,0.0,0.0,0.0,0.0,0.0,0.0,1.0,"Re: multiple projects 
  <quotation> I'd like to work on two projects.  One project contains code that goes 
in a jar, and the second project uses the jar file.

Are you saying it's possible to host both applications in the same 
project?  Is it possible to have different target compilation 
directories for the two applications?


 <closing>",2,test
697,2_943,0.0,0.0,0.0,1.0,0.0,0.0,0.0,0.0,0.0,0.0,0.0,"Re: Unicode regex and Hindi language 
  John, nothing I wrote was directed at you.  If you feel insulted, you 
have my apology.  My intention was and is to get future movement on an 
 <quotation> until re-reported (a bit more clearly) a week ago, because of a 
misunderstanding by the person who (I believe) rewrote re for unicode 
several years ago.

 <quotation> Yes, thank you.  FWIW, that confirms my suspicion.

 <closing>  ",2,test
698,2_944,0.0,0.0,1.0,0.0,0.0,0.0,0.0,0.0,0.0,0.0,1.0,"Cisco 7940g Firmware load problems 
 I have a Cisco 7940G IP Phone. I am trying to load the firmware to SIP 3.2. The Phone just hangs in Defaulting CM to TFTP Server. It doesn't do anything else after that. I also have two other 7940g's that are the Universal Application Loader mode and say Protocol Application Invalid. I need to know what I can do to fix both these problems. I am running Asterisk@Home version 1.0. I have to of Cisco 7940g's working perfectly on my server right now. I can be reached at (800) 757-5669 x4861 or  QzWWJZ4DIx0J5Vqb@example.com. I need these working right ASAP.

 

  ",2,val
699,2_947,0.0,1.0,0.0,1.0,0.0,0.0,0.0,0.0,0.0,0.0,0.0,"Re: ContentInterceptor Implementation 
 <technical> ContentInterceptor is deprecated in favor of the o.a.slide.event
package. See the package summary:
http://jakarta.apache.org/slide/javadoc/org/apache/slide/event/package-summary.html

especially the ContentListener interface:
http://jakarta.apache.org/slide/javadoc/org/apache/slide/event/ContentListener.html


This should have been marked deprecated in the javadoc. Will do it now.

    <quotation> <technical>",2,test
700,2_949,1.0,0.0,0.0,1.0,0.0,0.0,0.0,0.0,0.0,0.0,0.0,"Re: Total page numbering example only for FOP 0.20.5 
 Done. Thanks for the hint.

 <closing>  <quotation>",2,train
701,2_952,0.0,0.0,0.0,1.0,0.0,0.0,0.0,0.0,0.0,0.0,0.0,"[rock-sm] 2005122916395113271 netrunner status discarded 
 <tabular> <closing>   ",2,train
702,2_954,0.0,0.0,1.0,0.0,0.0,0.0,0.0,0.0,0.0,0.0,1.0,"Re: creepy iptables problem.. please help 
 Sorry for the typo 192.168.199.254/24 and ..

I just dont get how i can have two sets of identical iptables rules,
and routes for, two ip ranges comming from the same router, with the
same acls on the routers .. and the one is dropped when it hits the
linux bux and the other goes through no problem..



  <quotation>    ",2,train
703,2_956,0.0,1.0,1.0,0.0,0.0,0.0,0.0,0.0,0.0,0.0,1.0,"RES: RES: RES: RES: Dates rejected 
 <salutation> I think I´ve got it...

If you change something in the timezone file that is specified in
postgresq.conf, PG will know this changes automatically? Am I right?

 <closing> <quotation>  ",2,train
704,2_957,0.0,0.0,0.0,1.0,0.0,0.0,0.0,0.0,0.0,0.0,0.0,"Re: Zoho Software 
  <quotation>    In case others are interested, the ZohoCRM looks like it will work for me.
It comes with postgres-8.0.3 (and I'll see how to have it use the
already-installed 8.1.4), and is bundled with tomcat so I don't have to futz
with that. The native PostgreSQL support is a welcome find.

   They have a free edition that supports up to three users. Interestingly
enough, root cannot install it, only a user can. (The instructions for a
winduhs installation require administrator priviledges on that platform.)

 <closing>  ",2,train
705,2_961,0.0,0.0,1.0,1.0,0.0,0.0,0.0,0.0,0.0,0.0,1.0,"Re: DomainKeys on Courier? 
  <quotation> According to Wikipedia, http://en.wikipedia.org/wiki/DomainKeys
the GPL option is there ""for the purpose of the DKIM/IETF Working Group"".
That note has been added to the wiki on 21:07, 12 January 2006 by an
anonymous user connecting from 66.228.162.107 (newspend-mac.corp.yahoo.com).

The DomainKeys Patent License Agreement is still not mentioned in
http://www.gnu.org/licenses/license-list.html

 <quotation> However, I'm concerned about that ""and no other version"". GPLv3 should
come in a few months and Courier's Copyright holder may want to use it.
Then, there will still be an incompatibility: would the DomainKeys
Identified Mail (DKIM) addition have to be reverted in that case?





    ",2,test
706,2_962,0.0,0.0,0.0,1.0,0.0,0.0,0.0,0.0,0.0,0.0,0.0,"Re: Dell Zino 
 <quotation> Out of curiosity I did the online chat with them. I was told that they
aren't shipping it with Ubuntu on it yet, but that they had all the
drivers available. I was told that there wasn't a set price for a
discount for not purchasing Windows, but that it should be around $30.

So it sounds like maybe they'll ship it with Linux at some point.
(Possibly a large maybe, depending on the interest level.) That seems
like an awfully good deal, especially with the Linux discount. When
I'm next needing to get a new desktop system I'm going to look real
hard at getting one of those!

Thanks for the heads up!
 <closing>",2,train
707,2_963,0.0,0.0,1.0,1.0,0.0,0.0,0.0,0.0,0.0,0.0,1.0,"Re: Problem implementing GnuCash 1.8.4  on Slackware 9.0 with Gnome
	2.2 - gal library not found 
 Gnucash is a gnome-1.4 application; you need a complete gnome-1.4
development environment in order to build it.  What do you get from
""gnome-config --libs gal""?  Also, check your config.log -- it should
provide more of a clue to what's going on.

 <closing>  <quotation>   <tabular>",2,train
708,2_965,0.0,0.0,0.0,1.0,0.0,0.0,0.0,0.0,0.0,0.0,0.0,"[PATCH] USB: Fix compile error in usbmidi driver. 
 ChangeSet 1.831.15.8, 2002/12/09 09:12:49-08:00, W7WqDMLgHADsiZ0R@example.com

 <log_data> # This patch includes the following deltas:
#	           ChangeSet	1.831.15.7 -> 1.831.15.8
 <raw_code> ",2,test
709,2_969,0.0,0.0,0.0,0.0,0.0,1.0,0.0,0.0,0.0,0.0,0.0,"[MEXT] Reminder WGLC on draft-ietf-mext-nemo-mib-00 
 Just to remind you that WGLC ends tomorrow

 <closing>  <quotation>",2,train
710,2_970,0.0,0.0,0.0,1.0,0.0,0.0,0.0,0.0,0.0,0.0,0.0,"Re: [GIT PULL] x86: more header untangling 
  <quotation> well, there's just 2 defs in this area, while there are 96 *types*.h headers in all 
of Linux. So we should just move pgtable-2level-defs.h and pgtable-3level-defs.h to 
the _types notation.

 <quotation> constants can be considered data types too. Small inlines are borderlines,
they should generally not be in _types.h headers. Really, _types.h headers
are only there to instantiate a type, to enable dependent inline methods
to use them.

 <closing>",2,train
711,2_974,0.0,0.0,0.0,1.0,0.0,0.0,0.0,0.0,0.0,0.0,0.0,"Re: R CMD check / texi2dvi issues 
  <quotation> Sorry, I intended the link above to point to the log.  Below text is 
cut-and-pasted
just now from the CRAN Package Check Results for Package partitions (mac 
section):

 <log_data> <raw_code> <log_data> <tabular> <log_data> <tabular> <log_data> It's clean under the other architectures.


 <quotation>",2,val
712,2_976,0.0,0.0,0.0,1.0,0.0,0.0,0.0,0.0,0.0,0.0,0.0,"Re: Menu Qualification Problem 
 Thanks Carey. The problem was the permissions on field 1. This was
needed by my boss so I had to grant him access.  

   <salutation> The 'Group List' field is a *special* field. I suggest you do a report
of that column into an ARX file to really see what data is in the field
and how it is structured. ( BTW: I think your menu qualification should
really be more like this... [ 'Group List' LIKE (( ""%;""  + ""1024"" ) +
"";%"" ) ] )

However the permission issue has only to do with the User form. Your
users likely do not have access to all rows in the User form. (And they
likely should not be granted this access either. IMHO) Check permissions
on Field ID 1, and the 'Group List' field and any other field in the
Menu qualification. If the users have access to Field 1 and 'Group List'
then the menu should work for them as well as it works for any one else.


 <closing>   Solution = People + Process + Tools
Fast, Accurate, Cheap.... Pick two.


  <quotation>  ",2,val
713,2_983,0.0,0.0,0.0,1.0,0.0,0.0,0.0,0.0,0.0,0.0,0.0,"Re: card survey: PCMCIA, CF-Cards, SD, MMC 
  <quotation>  <quotation> Yes, please do include SD/MMC for it is of interest to H38xx (and 37xx?) owners.

  ",2,train
714,2_985,0.0,0.0,1.0,0.0,0.0,0.0,0.0,0.0,0.0,0.0,1.0,"Re: How to play youtube videos in an Android
 application? 
 <salutation> exactly implement this youtube view? Would be great to see this!

thank you in advance!

  <quotation>",2,train
715,2_987,0.0,0.0,0.0,1.0,0.0,0.0,0.0,0.0,0.0,0.0,0.0,"Re: Why apache do not respct charset on web page ? 
 <quotation> HTML standard says that HTTP headers should be preferred over <META> tags.
Mozilla follows this standard, M$IE (of coures) does not and prefers <META>.
I'm not sure about opera.

  <quotation> exactly. The problem is the fact that informations are in conflict, not that
they appear in either place.

AFAIK <META> was originally designed for HTTP to read it and provide its
content. But as many HTML's are broken, and reading of them is some CPU work
and inefficienty, they do not do that (well, maybe they do, but I don't know
of any) 

 <quotation> ack.

  ",2,train
716,2_990,0.0,0.0,1.0,0.0,0.0,0.0,0.0,0.0,0.0,0.0,0.0,"r12951 - z3/Five/tag/Five-1.0.1/doc 
 <tabular>  -will be included in Zope 2.8. Download it here:
+2005-05-31 -- We have released Five 1.0.1! This is also the version
 ",2,train
717,2_991,0.0,0.0,0.0,1.0,0.0,0.0,0.0,0.0,0.0,0.0,0.0,"Re: goffice/gnumeric on darwin/macosx 
  <quotation> Talking to myself here... which is not too unusual. Unfortunately.

Updating the pkgsrc makefiles to just pull goffice 0.3.5 and gnumeric
1.7.5 (which was a typo, intended 1.7.6), without any patches, updating
gnumeric goffice dep to >=0.3, and generating a PLIST with print-
PLIST, produces a gnumeric which works fine on at least macosx (10.4.8
 <log_data> do. It handles a couple of .xls imports notably better than 1.6.x 
did.

 <closing>",2,train
718,2_999,0.0,0.0,1.0,1.0,0.0,0.0,0.0,0.0,0.0,0.0,1.0,"Re: Final cleanup of SQL:1999 references 
  <quotation> How would this help? ISTM you are just suggesting we replace ""conforming 
to SQL:2003"" with ""conforming with the SQL standard"", and a note in the 
appendix that indicates by ""SQL standard"" we actually mean ""SQL:2003"". 
If people are really concerned about whether a given feature conforms to 
SQL-92, SQL:1999, or SQL:2003, all we have done is provided them with 
the same information in a slightly different form.

 <closing> <log_data>                 http://archives.postgresql.org",2,test
